angle,truth,group,defect,seed,diagnosis,diagnosis_posthoc,correct,correct_grouped,correct_posthoc,nn_diagnosis,nn_correct_grouped,A_level_ratio,A_cv_ratio,A_hf_ratio,A_mf_ratio,A_k_ratio,A_shift_dy,A_shift_dx,A_rot_deg,A_gain_proj,flag_level_ratio,flag_cv_ratio,flag_hf_ratio,flag_mf_ratio,flag_k_ratio,flag_shift_dy,flag_shift_dx,flag_rot_deg,flag_gain_proj
7.7,ok,ok,nominal,0,ok,ok,True,True,True,ok,True,,,,,,,,,,,,,,,,,,
7.7,ok,ok,nominal,1,ok,ok,True,True,True,ok,True,,,,,,,,,,,,,,,,,,
7.7,ok,ok,nominal,2,ok,ok,True,True,True,ok,True,,,,,,,,,,,,,,,,,,
7.7,ok,ok,nominal,3,ok,ok,True,True,True,ok,True,,,,,,,,,,,,,,,,,,
7.7,ok,ok,nominal,4,ok,ok,True,True,True,ok,True,,,,,,,,,,,,,,,,,,
7.7,ok,ok,nominal,5,ok,ok,True,True,True,ok,True,,,,,,,,,,,,,,,,,,
7.7,ok,ok,nominal,6,ok,ok,True,True,True,ok,True,,,,,,,,,,,,,,,,,,
7.7,ok,ok,nominal,7,ok,ok,True,True,True,ok,True,,,,,,,,,,,,,,,,,,
7.7,ok,ok,nominal,8,ok,ok,True,True,True,ok,True,,,,,,,,,,,,,,,,,,
7.7,ok,ok,nominal,9,ok,ok,True,True,True,ok,True,,,,,,,,,,,,,,,,,,
7.7,ok,ok,nominal,10,ok,ok,True,True,True,ok,True,,,,,,,,,,,,,,,,,,
7.7,ok,ok,nominal,11,ok,ok,True,True,True,ok,True,,,,,,,,,,,,,,,,,,
7.7,ok,ok,nominal,12,ok,ok,True,True,True,ok,True,,,,,,,,,,,,,,,,,,
7.7,ok,ok,nominal,13,ok,ok,True,True,True,ok,True,,,,,,,,,,,,,,,,,,
7.7,ok,ok,nominal,14,ok,ok,True,True,True,ok,True,,,,,,,,,,,,,,,,,,
7.7,ok,ok,nominal,15,ok,ok,True,True,True,ok,True,,,,,,,,,,,,,,,,,,
7.7,ok,ok,nominal,16,ok,ok,True,True,True,ok,True,,,,,,,,,,,,,,,,,,
7.7,ok,ok,nominal,17,ok,ok,True,True,True,ok,True,,,,,,,,,,,,,,,,,,
7.7,ok,ok,nominal,18,warp_shift,warp_shift,False,False,False,ok,True,,,,,,,,,,,,,,,,,,
7.7,ok,ok,nominal,19,ok,ok,True,True,True,ok,True,,,,,,,,,,,,,,,,,,
7.7,ok,ok,nominal,20,ok,ok,True,True,True,ok,True,,,,,,,,,,,,,,,,,,
7.7,ok,ok,nominal,21,gain_like,gain_like,False,False,False,ok,True,,,,,,,,,,,,,,,,,,
7.7,ok,ok,nominal,22,ok,ok,True,True,True,ok,True,,,,,,,,,,,,,,,,,,
7.7,ok,ok,nominal,23,ok,ok,True,True,True,ok,True,,,,,,,,,,,,,,,,,,
7.7,noise_k,noise_k,k_x0.25,0,noise_k,noise_k,True,True,True,ok,False,0.21800564467337868,0.7991388239799172,1.104803306182989,0.35916720508658595,1.7102964386300366,0.11018238517212316,0.03203044982027492,0.14038062138876756,0.23114104710585484,0,0,0,0,1,0,0,0,0
7.7,noise_k,noise_k,k_x0.25,1,noise_k,noise_k,True,True,True,noise_k,True,0.13051359677130586,0.828971504080682,1.0204280045703369,0.278126531030899,1.6767643553288167,0.11794783272964826,0.055774513847935296,0.15216577274418228,0.25308338013857357,0,0,0,0,1,0,0,0,0
7.7,noise_k,noise_k,k_x0.25,2,noise_k,noise_k,True,True,True,noise_k,True,0.16262672354188995,1.2300489607124774,1.0262726000940834,0.2721018155313266,1.8447790028703157,0.11115003640901194,0.06713508207621448,0.1370461855646975,0.2856090341481287,0,0,0,0,1,0,0,0,0
7.7,noise_k,noise_k,k_x0.25,3,noise_k,noise_k,True,True,True,noise_k,True,0.1420930431224232,1.0272616179034917,1.062635932218546,0.3119162500871123,1.7899135166381601,0.11743918588482667,0.046018591264227096,0.15587537294994114,0.2155302086391821,0,0,0,0,1,0,0,0,0
7.7,noise_k,noise_k,k_x0.25,4,noise_k,noise_k,True,True,True,noise_k,True,0.21147292863717104,1.1197207255931563,1.1384974186749082,0.2877808005078067,1.8590150793123192,0.1123402669762304,0.049359893446939876,0.158066211599872,0.24474666222745647,0,0,0,0,1,0,0,0,0
7.7,noise_k,noise_k,k_x0.5,0,ok,ok,False,False,False,ok,False,0.23423782123400272,0.6746304010709285,0.7580995107075269,0.39404188036861976,1.0777760912133807,0.11019051915389078,0.03251102627225209,0.13871667681921349,0.23763167931582577,0,0,0,0,0,0,0,0,0
7.7,noise_k,noise_k,k_x0.5,1,ok,ok,False,False,False,noise_k,True,0.134795989806326,0.513559145650677,0.6676506206687745,0.28915134499186634,1.0374595475334973,0.1184721073659843,0.05559259926942016,0.15461562447236854,0.2636690286789733,0,0,0,0,0,0,0,0,0
7.7,noise_k,noise_k,k_x0.5,2,ok,ok,False,False,False,noise_k,True,0.1603748328894125,0.9094628032845873,0.6586131884375119,0.23683450137827416,1.4503602289558142,0.11243720899535004,0.07111302461348963,0.14108610054846632,0.2837124074789353,0,0,0,0,0,0,0,0,0
7.7,noise_k,noise_k,k_x0.5,3,ok,ok,False,False,False,ok,False,0.1434346976262738,0.7846726312733006,0.7351374919378674,0.3389397445768001,1.299615373365376,0.11680283544393369,0.04029702292360969,0.16095488569585656,0.210486976926739,0,0,0,0,0,0,0,0,0
7.7,noise_k,noise_k,k_x0.5,4,ok,ok,False,False,False,noise_k,True,0.2179543243813759,0.9214563058169596,0.7880957102407686,0.32167839137779547,1.367514693191658,0.1137013005748454,0.05132995281651553,0.16082662699523864,0.2539759455105631,0,0,0,0,0,0,0,0,0
7.7,noise_k,noise_k,k_x2.0,0,noise_k,noise_k,True,True,True,noise_k,True,0.2893064881639846,1.6509171447034006,1.3366200344101524,0.5376445151885441,1.8707728965066175,0.11022885268427782,0.034179513762481004,0.13679126465252567,0.2594719217096856,0,0,0,0,1,0,0,0,0
7.7,noise_k,noise_k,k_x2.0,1,noise_k,noise_k,True,True,True,noise_k,True,0.1824945555599785,1.3187047794575375,1.4434865687141736,0.37507211231853876,1.9091706315155397,0.12029171022706928,0.06075705922741076,0.16298406601314985,0.29951495065120537,0,0,0,0,1,0,0,0,0
7.7,noise_k,noise_k,k_x2.0,2,noise_k,noise_k,True,True,True,noise_k,True,0.15392539980277012,1.1493384276583702,1.5210443312728852,0.35399412815100717,1.5094206467342326,0.1168278338514539,0.08624993458272151,0.1548008640442926,0.2770355154811208,0,0,0,0,1,0,0,0,0
7.7,noise_k,noise_k,k_x2.0,3,noise_k,noise_k,True,True,True,ok,False,0.15376923725114838,1.1856548014925457,1.2995653014527055,0.45947457663137814,1.5666037623380435,0.11469542019931879,0.03379910509116449,0.1782255800441872,0.1932007981605359,0,0,0,0,1,0,0,0,0
7.7,noise_k,noise_k,k_x2.0,4,noise_k,noise_k,True,True,True,noise_k,True,0.24424781509053545,0.9426352085037062,1.3479911656710777,0.4334845534742755,1.5457785190433686,0.11837758863785464,0.0638471910374897,0.17024059504113018,0.28534133722607335,0,0,0,0,1,0,0,0,0
7.7,noise_k,noise_k,k_x4.0,0,noise_k,noise_k,True,True,True,noise_k,True,0.335092665761582,3.98703673205227,4.138220333097252,0.7953434403148876,5.56638829585537,0.11030099982099947,0.03836955464575201,0.14376548147746576,0.2773479998402675,0,1,1,0,1,0,0,0,0
7.7,noise_k,noise_k,k_x4.0,1,noise_k,noise_k,True,True,True,noise_k,True,0.23096592516549957,3.6985601742015994,4.253633693594639,0.49712163340747073,5.550698819382449,0.12182260085615525,0.0760040246131954,0.16992978928057867,0.3289774518936396,0,1,1,0,1,0,0,0,0
7.7,noise_k,noise_k,k_x4.0,2,noise_k,noise_k,True,True,True,noise_k,True,0.17645919834476048,3.479805510395905,4.40826624584576,0.683677443009266,5.23281099990516,0.1204372702132129,0.10724461658578278,0.16607223701215398,0.27140492809236877,0,1,1,0,1,0,0,0,0
7.7,noise_k,noise_k,k_x4.0,3,noise_k,noise_k,True,True,True,noise_k,True,0.16795399494544844,3.1529608504362345,4.059098413605336,0.6680079145718311,5.205778537274852,0.11293854861185507,0.03785902604236162,0.19253913582872262,0.1787032343489817,0,1,1,0,1,0,0,0,0
7.7,noise_k,noise_k,k_x4.0,4,noise_k,noise_k,True,True,True,noise_k,True,0.26617439185167113,3.0691951093283025,4.1431371141019895,0.5225233682240628,4.987038072975066,0.12225976501315879,0.07687755058921279,0.17790983371200653,0.3111272019445088,0,1,1,0,1,0,0,0,0
7.7,gain,gain_like,gain_x0.0,0,ok,gain_like,False,False,True,ok,False,1.0855637836307643,0.8502022373658303,0.5961763489928986,0.9172335474977273,0.3416708580650615,0.11023307965569036,0.03317638645158714,0.13664725720338805,3.2822189668639785,0,0,0,0,0,0,0,0,1
7.7,gain,gain_like,gain_x0.0,1,ok,gain_like,False,False,True,gain_like,True,1.1103219620273803,0.27058549666465787,0.3523314973312709,1.1599433391062393,0.4005850463384998,0.11895832653931859,0.05687950405862253,0.15824385311981642,3.2513143027684013,0,0,0,0,0,0,0,0,1
7.7,gain,gain_like,gain_x0.0,2,ok,gain_like,False,False,True,ok,False,1.0831939003600162,0.3599658030774415,0.6604236416413545,0.9330695346683804,0.801492821362658,0.11405188969293673,0.07644790119786067,0.14663493622346446,3.2497068473335045,0,0,0,0,0,0,0,0,1
7.7,gain,gain_like,gain_x0.0,3,ok,gain_like,False,False,True,gain_like,True,1.0629800886575107,0.3855819964430637,0.4234419858301721,0.9700928037509524,0.6596481546405206,0.11579576931017745,0.03380252777849212,0.16773569538030286,3.3250462615345877,0,0,0,0,0,0,0,0,1
7.7,gain,gain_like,gain_x0.0,4,ok,gain_like,False,False,True,ok,False,1.0315096680460472,0.6362864446198008,0.5432544297870648,0.8214651316092874,0.6448938076775101,0.1157167431711375,0.05441177798856127,0.1645995515547818,3.262407246237805,0,0,0,0,0,0,0,0,1
7.7,gain,gain_like,gain_x0.5,0,ok,ok,False,False,False,ok,False,0.5239425421878433,0.847889065309468,0.40398605962624434,0.52265297355992,0.3676416905591678,0.11021953549041662,0.033187160552907845,0.1365033571859375,1.5177404156968455,0,0,0,0,0,0,0,0,0
7.7,gain,gain_like,gain_x0.5,1,ok,ok,False,False,False,ok,False,0.5154372212176643,0.28155594416125573,0.1947460025160227,0.6564197984517008,0.3608519434374585,0.11909121300596479,0.056884858671042066,0.1581622109958983,1.4863775628300848,0,0,0,0,0,0,0,0,0
7.7,gain,gain_like,gain_x0.5,2,ok,ok,False,False,False,ok,False,0.4882236479722007,0.35604178013402893,0.43923774423663575,0.42879660989687457,0.7431769406415378,0.11415367145949398,0.07658854408193272,0.14670757910055504,1.4843741904628727,0,0,0,0,0,0,0,0,0
7.7,gain,gain_like,gain_x0.5,3,ok,ok,False,False,False,ok,False,0.4877896451838102,0.37430906501956474,0.23998341563446024,0.4916782864419702,0.6170660331096072,0.11586096478913832,0.03396593714567482,0.16792651747494353,1.560850902164329,0,0,0,0,0,0,0,0,0
7.7,gain,gain_like,gain_x0.5,4,ok,ok,False,False,False,ok,False,0.4817313929649372,0.6394700467133932,0.3468793559183568,0.4211016919016883,0.640751769202818,0.11567486560825763,0.05449293227701564,0.16466301647567144,1.497695416304034,0,0,0,0,0,0,0,0,0
7.7,gain,gain_like,gain_x1.5,0,ok,ok,False,False,False,ok,False,0.7827939563072596,0.8449966033690203,0.3026034676169167,0.8056727686370789,0.5061286208803318,0.11019123543614986,0.03320600961542847,0.1362185969860199,2.011216085114813,0,0,0,0,0,0,0,0,0
7.7,gain,gain_like,gain_x1.5,1,ok,ok,False,False,False,ok,False,0.6893022967068227,0.3036371714677065,0.4399945867330261,0.6208564920127374,0.4318873524089003,0.11935361922722376,0.05689848530654272,0.15800245525930057,2.0434874825743696,0,0,0,0,0,0,0,0,0
7.7,gain,gain_like,gain_x1.5,2,ok,ok,False,False,False,ok,False,0.7187374943048399,0.3475602237037524,0.32443015388832497,0.6665086098016761,0.6188941625859357,0.1143562918447937,0.07686605878150235,0.14685251362429927,2.046288606885859,0,0,0,0,0,0,0,0,0
7.7,gain,gain_like,gain_x1.5,3,ok,ok,False,False,False,ok,False,0.7403762123675366,0.3520145498588364,0.318843619903592,0.7564601496569512,0.6005310845110259,0.11598801256832456,0.0342890550910057,0.16830648101852805,1.9675449865405619,0,0,0,0,0,0,0,0,0
7.7,gain,gain_like,gain_x1.5,4,ok,ok,False,False,False,gain_like,True,0.8240466374583322,0.6455873401625403,0.2768062959565784,0.8187373397330784,0.6530250164496779,0.1155920579794253,0.05465639161008983,0.16479112375885485,2.031710985037666,0,0,0,0,0,0,0,0,0
7.7,gain,gain_like,gain_x2.0,0,ok,gain_like,False,False,True,ok,False,1.3658204913752687,0.8479187806547214,0.4969509081112867,1.253919484783486,0.5738386899571746,0.110176502355983,0.03321412836379192,0.136077645440967,3.7756940785511017,0,0,0,0,0,0,0,0,1
7.7,gain,gain_like,gain_x2.0,1,ok,gain_like,False,False,True,ok,False,1.272209395194715,0.3147550280036347,0.6701405052136469,1.0475911757241305,0.5095402570014914,0.11948326375628568,0.05690669580315193,0.15792425093092027,3.8084159301287723,0,0,0,0,0,0,0,0,1
7.7,gain,gain_like,gain_x2.0,2,ok,gain_like,False,False,True,ok,False,1.2966929763205899,0.3430149666374125,0.48226918856283607,1.1807482150301065,0.5538791986548659,0.11445718126516088,0.07700301708635529,0.14692483404086398,3.8116188450366044,0,0,0,0,0,0,0,0,1
7.7,gain,gain_like,gain_x2.0,3,ok,gain_like,False,False,True,gain_like,True,1.3352920884100286,0.3409735716625836,0.540228446675546,1.2411071040476305,0.6161399206564571,0.11604994794743158,0.034448890902055856,0.16849570610343323,3.731745380354075,0,0,0,0,0,0,0,0,1
7.7,gain,gain_like,gain_x2.0,4,ok,gain_like,False,False,True,gain_like,True,1.4192013555376932,0.6485278248110092,0.49090212084642054,1.333569427564882,0.6770925943568116,0.1155510892592781,0.05473868076182864,0.16485574230336755,3.7964058233344242,0,0,0,0,0,0,0,0,1
7.7,angle_bias,gain_like,angle_-5deg,0,ok,ok,False,False,False,ok,False,0.6916996159235245,0.8485559213669368,0.46156562912068544,0.640861425229064,0.3530697944923563,0.11022362434360433,0.03318403839266308,0.136546230292679,2.044792421201636,0,0,0,0,0,0,0,0,0
7.7,angle_bias,gain_like,angle_-5deg,1,ok,ok,False,False,False,ok,False,0.6931303107003497,0.2782743924370411,0.2335283723952051,0.7979604477694371,0.36724264878845625,0.11905164237609189,0.056883154807492904,0.15818647065013136,2.0135661632899495,0,0,0,0,0,0,0,0,0
7.7,angle_bias,gain_like,angle_-5deg,2,ok,ok,False,False,False,ok,False,0.6659421261509204,0.3572364669068907,0.5054747135065427,0.571251188895027,0.7619070603350553,0.11412330414576105,0.07654666918458926,0.14668589403725837,2.0116812504391834,0,0,0,0,0,0,0,0,0
7.7,angle_bias,gain_like,angle_-5deg,3,ok,ok,False,False,False,ok,False,0.6541794444117349,0.37766689722639435,0.2901953753876829,0.6072948563485437,0.6300812367804799,0.11584161102155588,0.033917261094616305,0.16786958080783385,2.087818518740548,0,0,0,0,0,0,0,0,0
7.7,angle_bias,gain_like,angle_-5deg,4,ok,ok,False,False,False,ok,False,0.6459505283357541,0.6385283286570406,0.4032853079908869,0.5088465657741562,0.6403771732328771,0.1156873395225238,0.05446865008833237,0.16464401697937658,2.024816536109001,0,0,0,0,0,0,0,0,0
7.7,angle_bias,gain_like,angle_-2deg,0,ok,ok,False,False,False,ok,False,0.3197277785452716,0.8468582986413852,0.3255857514556659,0.36569231613689623,0.3881636355780569,0.1102128815023126,0.033192013592968736,0.13643457938037493,0.6698741794944769,0,0,0,0,0,0,0,0,0
7.7,angle_bias,gain_like,angle_-2deg,1,ok,ok,False,False,False,ok,False,0.2777536813833872,0.28684364722565253,0.1805968557765794,0.45657339635416916,0.34346211737796545,0.11915465686258542,0.0568877832232713,0.1581234070424043,0.6382920745948558,0,0,0,0,0,0,0,0,0
7.7,angle_bias,gain_like,angle_-2deg,2,ok,ok,False,False,False,ok,False,0.24643916601827168,0.35407998119721773,0.3413334332450524,0.2585367123109431,0.720650957937419,0.11420246306532328,0.07665567053935933,0.14674244111114318,0.636097770198488,0,0,0,0,0,0,0,0,0
7.7,angle_bias,gain_like,angle_-2deg,3,ok,ok,False,False,False,ok,False,0.2571672847332944,0.3689235869888717,0.1790290021269346,0.3619212529375019,0.5900959919275401,0.11589188833580681,0.03404400786910349,0.16801800420857596,0.7131200566969988,0,0,0,0,0,0,0,0,0
7.7,angle_bias,gain_like,angle_-2deg,4,ok,ok,False,False,False,ok,False,0.28272339782733164,0.64096881332731,0.25581901816155256,0.3087220254735169,0.6384883221132608,0.11565485946861294,0.0545320678595449,0.16469365549806728,0.6497190137582135,0,0,0,0,0,0,0,0,0
7.7,angle_bias,gain_like,angle_+2deg,0,ok,ok,False,False,False,ok,False,0.5026386445413391,0.8448025286877907,0.26590893122480663,0.6301050390914749,0.4817457175162531,0.11019817870822739,0.03320180254724245,0.13628665774699356,1.1633499762333674,0,0,0,0,0,0,0,0,0
7.7,angle_bias,gain_like,angle_+2deg,1,ok,ok,False,False,False,ok,False,0.4131047747820098,0.2983140721234641,0.33372229854244684,0.4517724270326283,0.38550464606593304,0.11929096395308453,0.05689486550197591,0.1580404227096875,1.1954040511798525,0,0,0,0,0,0,0,0,0
7.7,angle_bias,gain_like,angle_+2deg,2,ok,ok,False,False,False,ok,False,0.4488201905545539,0.3496731765068299,0.25085777994281416,0.42042869969546326,0.6531925425526207,0.1143077171986511,0.07679982857334168,0.14681772995536285,1.1980127698613974,0,0,0,0,0,0,0,0,0
7.7,angle_bias,gain_like,angle_+2deg,3,ok,ok,False,False,False,ok,False,0.454507848016385,0.35734327700528873,0.2344673363381199,0.5764852510664633,0.5956495299891807,0.11595788192987182,0.03421185330406898,0.1682153825790355,1.119812883684682,0,0,0,0,0,0,0,0,0
7.7,angle_bias,gain_like,angle_+2deg,4,ok,ok,False,False,False,ok,False,0.5380620553098254,0.6441463201562738,0.22579441724676064,0.5723614666548759,0.6356367901318115,0.11561184481032077,0.05461698257273831,0.1647602060726776,1.1837388300659895,0,0,0,0,0,0,0,0,0
7.7,angle_bias,gain_like,angle_+5deg,0,ok,ok,False,False,False,ok,False,0.9569446526930001,0.845839887774091,0.3604793864986882,0.9152180944334473,0.5241886726246614,0.11018687447683399,0.03320852419988793,0.13617639834659168,2.5382679707123583,0,0,0,0,0,0,0,0,0
7.7,angle_bias,gain_like,angle_+5deg,1,ok,ok,False,False,False,ok,False,0.8634171691999565,0.30695232490786717,0.5085695744826142,0.7263714967622941,0.45034493546310456,0.11939244819301106,0.05690084273394301,0.1579789822163586,2.5706741739479297,0,0,0,0,0,0,0,0,0
7.7,angle_bias,gain_like,angle_+5deg,2,ok,ok,False,False,False,ok,False,0.8865240422348947,0.3462233366565047,0.37139667502478335,0.8198116433441456,0.5967377120202799,0.11438645505086023,0.0769070906911219,0.14687412496542585,2.573595119737381,0,0,0,0,0,0,0,0,0
7.7,angle_bias,gain_like,angle_+5deg,3,ok,ok,False,False,False,ok,False,0.9180782437744531,0.34870978080428006,0.3847301639192962,0.8968372953603482,0.6023802361496016,0.11600662043425357,0.034336913572647516,0.16836305233105425,2.494513757910912,0,0,0,0,0,0,0,0,0
7.7,angle_bias,gain_like,angle_+5deg,4,ok,ok,False,False,False,gain_like,True,1.001820452771242,0.6464738992732463,0.3343050745937267,0.9722206554882808,0.6553826448085116,0.11557979145936376,0.05468093265653549,0.16481038659843478,2.558828178786055,0,0,0,0,0,0,0,0,0
7.7,blur,blur,bilinear_v1,0,blur,blur,True,True,True,blur,True,0.28467892203752987,15.4101471660167,6.519471076596773,4.124199086956644,5.154275870870511,0.11041958710461379,0.07798135114284857,0.14601349767983807,0.28086029298613086,0,1,1,1,1,0,0,0,0
7.7,blur,blur,bilinear_v1,1,blur,blur,True,True,True,blur,True,0.20742088478929901,15.546084598726779,6.473476635422831,4.117477712163343,5.317438977610047,0.12121350787723732,0.09465765428919382,0.17007937830007777,0.3128011625053643,0,1,1,1,1,0,0,0,0
7.7,blur,blur,bilinear_v1,2,blur,blur,True,True,True,blur,True,0.22446092662069306,15.866819006188102,6.41826725757913,4.12396654753083,5.436467971555247,0.11288512985953592,0.1283400137928248,0.16010296600552595,0.3163182567031894,0,1,1,1,1,0,0,0,0
7.7,blur,blur,bilinear_v1,3,blur,blur,True,True,True,blur,True,0.17042202001817533,15.871000614768183,6.526147607358938,4.098834313631505,5.303350174931751,0.11295133625565998,0.07896182549050514,0.18495676293350438,0.2376919462328303,0,1,1,1,1,0,0,0,0
7.7,blur,blur,bilinear_v1,4,blur,blur,True,True,True,blur,True,0.25541983362105347,15.938537341009084,6.518021149645347,4.223691667200326,5.46368682003078,0.11788406941028531,0.09909628846019877,0.1805850344919684,0.3026124303024408,0,1,1,1,1,0,0,0,0
7.7,warp_shift,warp_shift,shift_0.5px,0,warp_shift,warp_shift,True,True,True,warp_shift,True,0.27112131232004644,1.4907068913450228,1.3033964365022976,0.382731653009617,0.676818107163305,5.661497256648616,0.7238975621164123,0.2889669182976514,0.07826496758671844,0,0,0,0,0,1,0,0,0
7.7,warp_shift,warp_shift,shift_0.5px,1,warp_shift,warp_shift,True,True,True,warp_shift,True,0.2899199475604695,0.8993781806974126,1.3507233491359578,0.4385390407776959,0.555626847324276,5.671711434327261,0.7053469284485152,0.3168137640319898,0.10345924956366162,0,0,0,0,0,1,0,0,0
7.7,warp_shift,warp_shift,shift_0.5px,2,warp_shift,warp_shift,True,True,True,warp_shift,True,0.26336760949741544,1.1360065270920836,1.2779012501792215,0.28775396939327114,0.6684993966971299,5.659038313461551,0.7014449331273875,0.2902251479987442,0.11406596939963087,0,0,0,0,0,1,0,0,0
7.7,warp_shift,warp_shift,shift_0.5px,3,warp_shift,warp_shift,True,True,True,warp_shift,True,0.1955408678564677,1.171719252593103,1.235092194120941,0.3932996214605802,0.7230902387260746,5.702127651654492,0.7517525457608105,0.32779849454433274,0.03329942308128946,0,0,0,0,0,1,0,0,0
7.7,warp_shift,warp_shift,shift_0.5px,4,warp_shift,warp_shift,True,True,True,warp_shift,True,0.2022834392958215,1.190697800540474,1.5162145185150453,0.3133877942061635,1.0757209165685993,5.688782869049347,0.7094746787332387,0.31376689876498165,0.1002339618938591,0,0,0,0,0,1,0,0,0
7.7,warp_shift,warp_shift,shift_1.0px,0,warp_shift,warp_shift,True,True,True,warp_shift,True,0.4198060511553236,1.1423766001777427,0.43096956407169573,0.5304593504103077,0.6495295381472166,12.382273326219995,0.20762546224308678,0.20393229810984118,0.13284956922663993,0,0,0,0,0,1,0,0,0
7.7,warp_shift,warp_shift,shift_1.0px,1,warp_shift,warp_shift,True,True,True,warp_shift,True,0.45958899605858344,0.7579293227750725,0.3443895618216545,0.5851334645054487,0.6391760032813982,12.400065837881712,0.17711686827460085,0.2125335965962388,0.11601721377663751,0,0,0,0,0,1,0,0,0
7.7,warp_shift,warp_shift,shift_1.0px,2,warp_shift,warp_shift,True,True,True,warp_shift,True,0.44138326404133876,0.6004948351167253,0.3105720059350423,0.5277618584195678,0.5297945824532486,12.389358950836378,0.1591647684092944,0.22707435857398348,0.09887384484405447,0,0,0,0,0,1,0,0,0
7.7,warp_shift,warp_shift,shift_1.0px,3,warp_shift,warp_shift,True,True,True,warp_shift,True,0.4044858062680958,0.9675825954501143,0.2735847153567964,0.6125841553796189,0.5914453718553192,12.402482481870697,0.21020194958659455,0.2144374593295116,0.17642853042304404,0,0,0,0,0,1,0,0,0
7.7,warp_shift,warp_shift,shift_1.0px,4,warp_shift,warp_shift,True,True,True,warp_shift,True,0.3254867180985944,0.6474933861431801,0.49311784786515983,0.4553882409639024,0.5507397745940149,12.415639223843314,0.18330474854713016,0.2145217310572064,0.10681072116414349,0,0,0,0,0,1,0,0,0
7.7,warp_shift,warp_shift,shift_2.0px,0,warp_shift,warp_shift,True,True,True,warp_shift,True,0.7883653340868174,1.7223934852962792,0.3842760299461735,0.8711728899575012,0.5172748974543723,24.924810643011917,0.4528220997589487,0.18686880285113638,0.6142101542773583,0,1,0,0,0,1,0,0,0
7.7,warp_shift,warp_shift,shift_2.0px,1,warp_shift,warp_shift,True,True,True,warp_shift,True,0.8854593518267914,1.4469395002754133,0.45598052034590203,0.9751984679760288,0.38051324391246666,24.946972180026382,0.45192329146876564,0.20492120019314408,0.5868665754686608,0,0,0,0,0,1,0,0,0
7.7,warp_shift,warp_shift,shift_2.0px,2,warp_shift,warp_shift,True,True,True,warp_shift,True,0.8774336185494529,1.372723405360895,0.2910270796304142,0.890679940804349,0.49808188121833447,24.928437888863265,0.40880983846953856,0.1961230804468998,0.5704669112012074,0,0,0,0,0,1,0,0,0
7.7,warp_shift,warp_shift,shift_2.0px,3,warp_shift,warp_shift,True,True,True,warp_shift,True,0.8514968002372189,1.5157910513251094,0.21598862931274446,1.028890762366515,0.5464376462613078,24.941015792598805,0.4407668461866905,0.19968890641930448,0.6505484442166267,0,0,0,0,0,1,0,0,0
7.7,warp_shift,warp_shift,shift_2.0px,4,warp_shift,warp_shift,True,True,True,warp_shift,True,0.753468953523712,1.321835464394006,0.22072737927675595,0.8336487943344632,0.32184140766110536,24.947333977114766,0.43370670197733746,0.1908449223516961,0.5703492725287779,0,0,0,0,0,1,0,0,0
7.7,warp_rot,warp_rot,rot_1.0deg,0,warp_rot,warp_rot,True,True,True,warp_rot,True,0.20571433947184622,3.3151472672530122,3.2108451498062234,0.8631663755042596,2.1511960194014472,0.7444665267070893,0.5080957773335495,3.9666511848385895,0.0640730748479606,0,1,1,0,1,0,0,1,0
7.7,warp_rot,warp_rot,rot_1.0deg,1,warp_rot,warp_rot,True,True,True,warp_rot,True,0.13517946657350643,3.4745613628924366,3.179005393057115,0.9083987794205015,2.400489652243939,0.7202982839167112,0.47331832941029206,3.995538771704336,0.0989843745212616,0,1,1,0,1,0,0,1,0
7.7,warp_rot,warp_rot,rot_1.0deg,2,warp_rot,warp_rot,True,True,True,warp_rot,True,0.10707039963233886,3.805062594346966,3.227541347901586,0.99179407170528,2.3251373701977784,0.7361173758049724,0.5243638528032148,3.967354114503406,0.09873775427477512,0,1,1,0,1,0,0,1,0
7.7,warp_rot,warp_rot,rot_1.0deg,3,warp_rot,warp_rot,True,True,True,warp_rot,True,0.18532761737381453,3.701340445786494,3.2549440364891504,0.9900580364794622,2.45233892084124,0.742904832222256,0.48088859623027513,4.026223772545983,0.01379462334052332,0,1,1,0,1,0,0,1,0
7.7,warp_rot,warp_rot,rot_1.0deg,4,warp_rot,warp_rot,True,True,True,warp_rot,True,0.1940081836580226,3.7957481346783544,3.263257051983903,1.0356047801621866,2.4355002884715047,0.7310256100175777,0.4913691532600262,4.015547236842167,0.08326917325822919,0,1,1,0,1,0,0,1,0
7.7,warp_rot,warp_rot,rot_2.0deg,0,warp_rot,warp_rot,True,True,True,warp_rot,True,0.2546413631545117,3.5809853577439315,2.082919406525036,1.4863554423794971,1.3895412916191714,3.0791029576574163,1.137069261223794,10.562896385048255,0.10722745414048458,0,1,1,0,0,1,0,1,0
7.7,warp_rot,warp_rot,rot_2.0deg,1,warp_rot,warp_rot,True,True,True,warp_rot,True,0.19963146697230882,3.889891126184467,2.1302642937175844,1.4920601290272022,1.3604210195514597,3.0206907732217516,1.279565212920167,10.631071940063123,0.07622963973719406,0,1,1,0,0,1,0,1,0
7.7,warp_rot,warp_rot,rot_2.0deg,2,warp_rot,warp_rot,True,True,True,warp_rot,True,0.16767717853250624,4.200668700806559,2.159794056525088,1.587965773254429,1.2814257419681392,3.057349703398387,1.345157042607839,10.59863491989126,0.07298732372601133,0,1,1,1,0,1,0,1,0
7.7,warp_rot,warp_rot,rot_2.0deg,3,warp_rot,warp_rot,True,True,True,warp_rot,True,0.2631126642096445,3.8046026530926085,2.0054288269675413,1.5674660674604808,1.212964714466143,3.0798808105314093,1.286965558979919,10.653750537995052,0.16163722400794556,0,1,1,1,0,1,0,1,0
7.7,warp_rot,warp_rot,rot_2.0deg,4,warp_rot,warp_rot,True,True,True,warp_rot,True,0.255289640705346,4.056477706947353,2.140758375102025,1.6443329288750024,1.1211283566891173,3.0765575893135124,1.2864083387766856,10.662241763034356,0.08958803731352014,0,1,1,1,0,1,0,1,0
20.0,ok,ok,nominal,0,ok,ok,True,True,True,ok,True,,,,,,,,,,,,,,,,,,
20.0,ok,ok,nominal,1,ok,ok,True,True,True,ok,True,,,,,,,,,,,,,,,,,,
20.0,ok,ok,nominal,2,ok,ok,True,True,True,ok,True,,,,,,,,,,,,,,,,,,
20.0,ok,ok,nominal,3,ok,ok,True,True,True,ok,True,,,,,,,,,,,,,,,,,,
20.0,ok,ok,nominal,4,ok,ok,True,True,True,ok,True,,,,,,,,,,,,,,,,,,
20.0,ok,ok,nominal,5,ok,ok,True,True,True,ok,True,,,,,,,,,,,,,,,,,,
20.0,ok,ok,nominal,6,ok,ok,True,True,True,ok,True,,,,,,,,,,,,,,,,,,
20.0,ok,ok,nominal,7,ok,ok,True,True,True,ok,True,,,,,,,,,,,,,,,,,,
20.0,ok,ok,nominal,8,ok,ok,True,True,True,ok,True,,,,,,,,,,,,,,,,,,
20.0,ok,ok,nominal,9,ok,ok,True,True,True,ok,True,,,,,,,,,,,,,,,,,,
20.0,ok,ok,nominal,10,ok,ok,True,True,True,ok,True,,,,,,,,,,,,,,,,,,
20.0,ok,ok,nominal,11,ok,ok,True,True,True,ok,True,,,,,,,,,,,,,,,,,,
20.0,ok,ok,nominal,12,ok,ok,True,True,True,ok,True,,,,,,,,,,,,,,,,,,
20.0,ok,ok,nominal,13,ok,ok,True,True,True,ok,True,,,,,,,,,,,,,,,,,,
20.0,ok,ok,nominal,14,ok,ok,True,True,True,ok,True,,,,,,,,,,,,,,,,,,
20.0,ok,ok,nominal,15,ok,ok,True,True,True,ok,True,,,,,,,,,,,,,,,,,,
20.0,ok,ok,nominal,16,ok,ok,True,True,True,ok,True,,,,,,,,,,,,,,,,,,
20.0,ok,ok,nominal,17,ok,ok,True,True,True,ok,True,,,,,,,,,,,,,,,,,,
20.0,ok,ok,nominal,18,warp_shift,warp_shift,False,False,False,ok,True,,,,,,,,,,,,,,,,,,
20.0,ok,ok,nominal,19,ok,ok,True,True,True,ok,True,,,,,,,,,,,,,,,,,,
20.0,ok,ok,nominal,20,ok,ok,True,True,True,ok,True,,,,,,,,,,,,,,,,,,
20.0,ok,ok,nominal,21,gain_like,gain_like,False,False,False,ok,True,,,,,,,,,,,,,,,,,,
20.0,ok,ok,nominal,22,ok,ok,True,True,True,ok,True,,,,,,,,,,,,,,,,,,
20.0,ok,ok,nominal,23,ok,ok,True,True,True,ok,True,,,,,,,,,,,,,,,,,,
20.0,noise_k,noise_k,k_x0.25,0,noise_k,noise_k,True,True,True,noise_k,True,0.17356425162413,0.8108559492844523,1.044591946950832,0.2515119428864685,1.7271619915895065,0.11033770075688565,0.03201104971016487,0.13986011875126925,0.27097857672490094,0,0,0,0,1,0,0,0,0
20.0,noise_k,noise_k,k_x0.25,1,noise_k,noise_k,True,True,True,noise_k,True,0.15003060875565954,0.8320184919063967,0.9753120431160289,0.20857110416692787,1.6391344832044874,0.11803997992329904,0.05519088524191321,0.1518915461290154,0.27975792436308516,0,0,0,0,1,0,0,0,0
20.0,noise_k,noise_k,k_x0.25,2,noise_k,noise_k,True,True,True,noise_k,True,0.16137371855704635,1.2233431802075905,0.9625770820797381,0.2063554233360435,1.8810534835401538,0.1112552345531195,0.06759724339410263,0.13700095014206765,0.2933113420604403,0,0,0,0,1,0,0,0,0
20.0,noise_k,noise_k,k_x0.25,3,noise_k,noise_k,True,True,True,noise_k,True,0.13881181318590782,1.0303256058014223,1.0021387826909967,0.1958879673138094,1.7838919390115597,0.11784751227092655,0.04530141590776781,0.15667001351448762,0.26481043003749094,0,0,0,0,1,0,0,0,0
20.0,noise_k,noise_k,k_x0.25,4,noise_k,noise_k,True,True,True,noise_k,True,0.16705374321332853,1.1094006412795108,1.070480414309525,0.19915511736860725,1.8506254126943742,0.11240139960829104,0.04887562272755835,0.15832700181377202,0.2768320349579261,0,0,0,0,1,0,0,0,0
20.0,noise_k,noise_k,k_x0.5,0,ok,ok,False,False,False,ok,False,0.18021819855675353,0.6755776678746283,0.7366419339154767,0.26586339268854553,1.0944560099610323,0.11032761701388435,0.032526819601830514,0.13810098127615555,0.2735959729812434,0,0,0,0,0,0,0,0,0
20.0,noise_k,noise_k,k_x0.5,1,ok,ok,False,False,False,noise_k,True,0.1517371265671308,0.5192816875644128,0.6759647196151375,0.21487458713630353,1.045642939077685,0.1186389381922186,0.054907052527316424,0.15430069082050946,0.28393941578352067,0,0,0,0,0,0,0,0,0
20.0,noise_k,noise_k,k_x0.5,2,noise_k,noise_k,True,True,True,noise_k,True,0.16105890112976212,0.905860503413389,0.6339023677365365,0.19026071479473416,1.453496296085972,0.11259332568222646,0.07168424447408067,0.1410896714172892,0.292513306882112,0,0,0,0,1,0,0,0,0
20.0,noise_k,noise_k,k_x0.5,3,ok,ok,False,False,False,noise_k,True,0.13931364239014538,0.78821873391472,0.7117888602938728,0.20432995948128463,1.3037360998803833,0.11723949006053276,0.03951323823341507,0.1618593491058982,0.26272971488920555,0,0,0,0,0,0,0,0,0
20.0,noise_k,noise_k,k_x0.5,4,ok,ok,False,False,False,noise_k,True,0.16921350100558585,0.9140642884204601,0.7597209604675366,0.21134125144663224,1.377865666514189,0.11373834353467417,0.05077798480279874,0.16112047996537587,0.2806916048940754,0,0,0,0,0,0,0,0,0
20.0,noise_k,noise_k,k_x2.0,0,noise_k,noise_k,True,True,True,noise_k,True,0.20278948510825276,1.6142363520774883,1.1296391597143427,0.31199199074379774,1.7956278914765123,0.11030366991132358,0.03431331911437179,0.1374116322224193,0.28238942879990775,0,0,0,0,1,0,0,0,0
20.0,noise_k,noise_k,k_x2.0,1,noise_k,noise_k,True,True,True,noise_k,True,0.15713360346127053,1.3096933599802918,1.234634386359697,0.2356648857259078,1.7936694601894938,0.12071158542809016,0.060979574113884286,0.16253197321721125,0.2980832410575895,0,0,0,0,1,0,0,0,0
20.0,noise_k,noise_k,k_x2.0,2,noise_k,noise_k,True,True,True,noise_k,True,0.15963511614935044,1.1460925258216108,1.3082427486926662,0.22726736298118227,1.4932174934431413,0.1171555253554651,0.08801309192619253,0.15496808997105938,0.2897013137519554,0,0,0,0,1,0,0,0,0
20.0,noise_k,noise_k,k_x2.0,3,noise_k,noise_k,True,True,True,noise_k,True,0.14369450394083294,1.1751416921312696,1.106972178104815,0.22930116193290556,1.5405819769990563,0.1152308172321595,0.03386123632064704,0.1795104090257677,0.25559216818082475,0,0,0,0,1,0,0,0,0
20.0,noise_k,noise_k,k_x2.0,4,noise_k,noise_k,True,True,True,noise_k,True,0.179421132048243,0.9327789360210745,1.1368461131934022,0.261876932773111,1.4363494270433315,0.11833517177937525,0.06429626851632934,0.17065011026942553,0.2938000065532198,0,0,0,0,1,0,0,0,0
20.0,noise_k,noise_k,k_x4.0,0,noise_k,noise_k,True,True,True,noise_k,True,0.22155370511353287,3.9394976403775734,3.6004430412437465,0.4325401492805935,5.422078926234739,0.11032337349001536,0.03809224361478751,0.144585462452269,0.2895737066110562,0,1,1,0,1,0,0,0,0
20.0,noise_k,noise_k,k_x4.0,1,noise_k,noise_k,True,True,True,noise_k,True,0.1610387402153289,3.6809890615961107,3.689580995378617,0.2652852502848868,5.395319584046511,0.12245215190450204,0.0762896605478153,0.1693693235871029,0.3096953570131109,0,1,1,0,1,0,0,0,0
20.0,noise_k,noise_k,k_x4.0,2,noise_k,noise_k,True,True,True,noise_k,True,0.15768420896769872,3.460661398177991,3.8765935755470227,0.3297118201226379,4.988872857391065,0.12090639444079769,0.10925285277797905,0.16637082725565921,0.28732116173895234,0,1,1,0,1,0,0,0,0
20.0,noise_k,noise_k,k_x4.0,3,noise_k,noise_k,True,True,True,noise_k,True,0.14828085017044948,3.1230245887301216,3.535752663827763,0.325211193641557,5.0727692229309085,0.11355253418664674,0.03920928731437914,0.1941435085257261,0.24959093015614245,0,1,1,0,1,0,0,0,0
20.0,noise_k,noise_k,k_x4.0,4,noise_k,noise_k,True,True,True,noise_k,True,0.1879345990850165,3.070660086086235,3.609584826352386,0.3098205015504423,4.681638491953984,0.12215440850564357,0.07753276057018814,0.1784140218824897,0.30456789599469913,0,1,1,0,1,0,0,0,0
20.0,gain,gain_like,gain_x0.0,0,ok,gain_like,False,False,True,ok,False,1.055283964680246,0.8462631603049471,0.8954543389393601,0.9829521541310693,0.5310367273313202,0.11039300073839985,0.033211083831006315,0.1363489603846671,3.4044688360446003,0,0,0,0,0,0,0,0,1
20.0,gain,gain_like,gain_x0.0,1,ok,gain_like,False,False,True,gain_like,True,1.092530835367619,0.26241407555734475,0.6480370359973684,1.1228168705462878,0.580591601263649,0.11881508122866119,0.05697503001762869,0.15811657988888067,3.3928260993564217,0,0,0,0,0,0,0,0,1
20.0,gain,gain_like,gain_x0.0,2,ok,gain_like,False,False,True,ok,False,1.0819712451610113,0.36968250170905764,1.008643927407265,1.0147422241897697,0.8891635649228967,0.11395959482711548,0.07673155939192955,0.1464728733619099,3.3920818036855707,0,0,0,0,0,0,0,0,1
20.0,gain,gain_like,gain_x0.0,3,ok,gain_like,False,False,True,ok,False,1.065926216293328,0.4249462872365857,0.7780418612729649,1.0357505017981445,0.8258024242876906,0.11607732923314801,0.03315154947180452,0.16819369238754917,3.4213594863384604,0,0,0,0,0,0,0,0,1
20.0,gain,gain_like,gain_x0.0,4,ok,gain_like,False,False,True,ok,False,1.039011729861273,0.6223095928974244,0.9015730685245499,0.965672181977727,0.7262606929965917,0.11585052404147117,0.05444534410866278,0.1647338416099193,3.396084808284153,0,0,0,0,0,0,0,0,1
20.0,gain,gain_like,gain_x0.5,0,ok,ok,False,False,False,ok,False,0.4585340247719186,0.8387856479808203,0.4966993470732807,0.4660992301639546,0.3865999791658302,0.11035621288916736,0.03323972805197162,0.13597591566782757,1.5636024941881421,0,0,0,0,0,0,0,0,0
20.0,gain,gain_like,gain_x0.5,1,ok,ok,False,False,False,ok,False,0.4895649816430907,0.26444268580738184,0.2966609555445465,0.5560779186083349,0.43219457414085266,0.11915865179107926,0.05699413017892125,0.1579092526094099,1.5515017982003179,0,0,0,0,0,0,0,0,0
20.0,gain,gain_like,gain_x0.5,2,ok,ok,False,False,False,ok,False,0.4789277702197621,0.36086768430678096,0.5759038641838675,0.44815364810380987,0.7479047054390555,0.11422219712714958,0.07709564545220596,0.1466627256143207,1.5503628087143952,0,0,0,0,0,0,0,0,0
20.0,gain,gain_like,gain_x0.5,3,ok,ok,False,False,False,ok,False,0.4639126946339017,0.3969618296349121,0.3809255792072879,0.4676718113560495,0.7318226896877451,0.11624316707027631,0.03357069502432576,0.16868766520786427,1.5807910339712945,0,0,0,0,0,0,0,0,0
20.0,gain,gain_like,gain_x0.5,4,ok,ok,False,False,False,ok,False,0.44777039404928887,0.6312129941220439,0.4799426779406355,0.3983644707863693,0.5985707940418159,0.11574266124511359,0.05466035926941068,0.1648996677937833,1.5549644736777029,0,0,0,0,0,0,0,0,0
20.0,gain,gain_like,gain_x1.5,0,ok,ok,False,False,False,ok,False,0.757209999379618,0.8388728998933659,0.5191432581094472,0.7580166927168124,0.6104302104615555,0.11027491339007786,0.03327979140716458,0.13524851692122025,2.1181291326884577,0,0,0,0,0,0,0,0,0
20.0,gain,gain_like,gain_x1.5,1,ok,ok,False,False,False,ok,False,0.7182458762516047,0.3167379215302113,0.6993369230364347,0.6713889411214679,0.5661355786838737,0.11982550713810367,0.05705056049407759,0.15751646442964384,2.1311266952170644,0,0,0,0,0,0,0,0,0
20.0,gain,gain_like,gain_x1.5,2,ok,ok,False,False,False,ok,False,0.7271673153226271,0.33929278895720716,0.487764831719775,0.7200420204825604,0.49382594952363107,0.11474204805949517,0.07780021412464116,0.1470405718794963,2.133068548525037,0,0,0,0,0,0,0,0,0
20.0,gain,gain_like,gain_x1.5,3,ok,ok,False,False,False,gain_like,True,0.7430818459647578,0.34249251740823905,0.601233699484714,0.749604241345006,0.5873682466282439,0.11655398583551477,0.03438677874036552,0.16966593801017302,2.1003594968249204,0,0,0,0,0,0,0,0,0
20.0,gain,gain_like,gain_x1.5,4,ok,ok,False,False,False,gain_like,True,0.776698144553523,0.647545525858525,0.5594904179133785,0.7841897863160918,0.7205237057390563,0.11553255308897839,0.055097797022665984,0.16523871805812568,2.127230723176875,0,0,0,0,0,0,0,0,0
20.0,gain,gain_like,gain_x2.0,0,ok,gain_like,False,False,True,ok,False,1.357181410996605,0.848026943135127,0.9675742059968151,1.3397116660053943,0.7847158646199541,0.11023072777981462,0.0332918492889948,0.13489275227359837,3.95899408508847,0,0,0,0,0,0,0,0,1
20.0,gain,gain_like,gain_x2.0,1,ok,gain_like,False,False,True,gain_like,True,1.3193684072880614,0.344754045603619,1.1619319678368152,1.22730910285372,0.6842613849796592,0.120150692238218,0.05708699986535193,0.15732965235583346,3.9724319816452884,0,0,0,0,0,0,0,0,1
20.0,gain,gain_like,gain_x2.0,2,ok,gain_like,False,False,True,gain_like,True,1.3302189138981833,0.3484129452305351,0.8526647227664834,1.2974266102212004,0.5070134297775941,0.11500009376488862,0.07814201177802776,0.14722901981368505,3.9747813416601714,0,0,0,0,0,0,0,0,1
20.0,gain,gain_like,gain_x2.0,3,ok,gain_like,False,False,True,gain_like,True,1.3460898954923537,0.33375618076183916,1.052471719987457,1.3194889032674233,0.689114647276877,0.11670021660382007,0.034785664881421006,0.1701515712728806,3.9409412596090596,0,0,0,0,0,0,0,0,1
20.0,gain,gain_like,gain_x2.0,4,ok,gain_like,False,False,True,gain_like,True,1.3799288368250158,0.6550726434540236,1.0120651113992882,1.3618945944243577,0.8404143375278484,0.11542972996208092,0.055320065648111406,0.16541163757098867,3.968307499048746,0,0,0,0,0,0,0,0,1
20.0,angle_bias,gain_like,angle_-5deg,0,ok,ok,False,False,False,ok,False,0.2400740584090924,0.8355854595971688,0.3482943630345062,0.27490954543769175,0.41457246533943803,0.11033681847016731,0.03325183033454313,0.13579186960158307,0.6431694266312593,0,0,0,0,0,0,0,0,0
20.0,angle_bias,gain_like,angle_-5deg,1,ok,ok,False,False,False,ok,False,0.23137502691122958,0.2754868452045654,0.16705320367932297,0.3218134126329858,0.42351845966132773,0.11932770947467486,0.057006052143572586,0.15780846007478133,0.6308422926486927,0,0,0,0,0,0,0,0,0
20.0,angle_bias,gain_like,angle_-5deg,2,ok,ok,False,False,False,ok,False,0.22534377161282323,0.35594803984599915,0.38611721468574023,0.24041273668567148,0.6724904984879799,0.1143527501927725,0.07727460580424796,0.14675737428864777,0.6295041887528161,0,0,0,0,0,0,0,0,0
20.0,angle_bias,gain_like,angle_-5deg,3,ok,ok,False,False,False,ok,False,0.2059279519993354,0.3831847556053763,0.24136347238553413,0.23163358864738978,0.6426603571976295,0.11632335207279718,0.03377729635903153,0.16893331098468045,0.6605050885786257,0,0,0,0,0,0,0,0,0
20.0,angle_bias,gain_like,angle_-5deg,4,ok,ok,False,False,False,ok,False,0.21763619730194625,0.6354731205882514,0.3097824376605718,0.2053863774774946,0.6115280345666614,0.11568948823121042,0.05476880843872886,0.16498353610142585,0.6344102710923663,0,0,0,0,0,0,0,0,0
20.0,angle_bias,gain_like,angle_-2deg,0,ok,ok,False,False,False,ok,False,0.1708472228914282,0.8338278271406889,0.26609270248124045,0.23006621075053424,0.47659632261874063,0.11032487657211429,0.03325840883687678,0.1356821797742502,0.09090963497581038,0,0,0,0,0,0,0,0,0
20.0,angle_bias,gain_like,angle_-2deg,1,ok,ok,False,False,False,ok,False,0.1323297400157903,0.2836704641354138,0.15830534347618222,0.22825746119213736,0.4349949742099024,0.11942834776733129,0.05701392643638696,0.15774884807447806,0.07844737464967606,0,0,0,0,0,0,0,0,0
20.0,angle_bias,gain_like,angle_-2deg,2,ok,ok,False,False,False,ok,False,0.141059369860688,0.35284000757132056,0.2812128948829179,0.17922975314622375,0.6406889128748019,0.11443087376548627,0.07738104812121502,0.14681409258310213,0.07698927659987172,0,0,0,0,0,0,0,0,0
20.0,angle_bias,gain_like,angle_-2deg,3,ok,ok,False,False,False,ok,False,0.12852148230002725,0.3749763836168686,0.16940210211578244,0.17583166117216353,0.5982417225227918,0.1163706387982116,0.03390038390472059,0.16908032123556416,0.10833297643501333,0,0,0,0,0,0,0,0,0
20.0,angle_bias,gain_like,angle_-2deg,4,ok,ok,False,False,False,ok,False,0.14878568062117342,0.6379700070646235,0.2268331641436317,0.1879958080402706,0.6399110909391259,0.11565780557683858,0.05483417364411901,0.16503415112499242,0.08207951929910447,0,0,0,0,0,0,0,0,0
20.0,angle_bias,gain_like,angle_+2deg,0,ok,ok,False,False,False,ok,False,0.28432625708468406,0.8327888969627901,0.24718487320157134,0.3651714125277662,0.5288478691618085,0.11030860681778358,0.03326640144225856,0.13553674560814916,0.6454367152372218,0,0,0,0,0,0,0,0,0
20.0,angle_bias,gain_like,angle_+2deg,1,ok,ok,False,False,False,ok,False,0.25948699589104673,0.2946315653789146,0.33447799908312315,0.29254242339536957,0.4571448341511964,0.11956165838899108,0.05702524063532348,0.1576703333792882,0.658078293863262,0,0,0,0,0,0,0,0,0
20.0,angle_bias,gain_like,angle_+2deg,2,ok,ok,False,False,False,ok,False,0.27159991961153884,0.3485191551220278,0.2590272409003812,0.26562742919198734,0.572559082997631,0.1145348185327846,0.07752192000633956,0.14688964737046306,0.6596969820301217,0,0,0,0,0,0,0,0,0
20.0,angle_bias,gain_like,angle_+2deg,3,ok,ok,False,False,False,ok,False,0.26067728574974625,0.3640915100979716,0.2519095749772515,0.3192681402086645,0.5951954656357976,0.11643276272480232,0.03406353856908866,0.16927593325827628,0.6278971416690272,0,0,0,0,0,0,0,0,0
20.0,angle_bias,gain_like,angle_+2deg,4,ok,ok,False,False,False,ok,False,0.294107845760001,0.6412330739692726,0.2502564527163368,0.3274398641751561,0.6678223107384025,0.11561580279710015,0.05492166666426596,0.16510197128211365,0.6543594704346147,0,0,0,0,0,0,0,0,0
20.0,angle_bias,gain_like,angle_+5deg,0,ok,ok,False,False,False,ok,False,0.46165761211104006,0.8349372681241257,0.3363760401145142,0.48657973009270133,0.5507333268103751,0.11029614953069,0.03327182266973297,0.13542825934337926,1.1976964551289777,0,0,0,0,0,0,0,0,0
20.0,angle_bias,gain_like,angle_+5deg,1,ok,ok,False,False,False,ok,False,0.42603657645515974,0.30289165876349156,0.4707566997649685,0.40943526885339565,0.5074362186200545,0.11966101905678232,0.05703432227123692,0.15761214987345776,1.2104718951242142,0,0,0,0,0,0,0,0,0
20.0,angle_bias,gain_like,angle_+5deg,2,ok,ok,False,False,False,ok,False,0.4410070469141031,0.34514911820804534,0.3442108428391727,0.4342016865587982,0.546078543607432,0.11461262600314054,0.07762680835676602,0.14694626916182674,1.2122114647696554,0,0,0,0,0,0,0,0,0
20.0,angle_bias,gain_like,angle_+5deg,3,ok,ok,False,False,False,ok,False,0.44157879539223344,0.3559676264727918,0.3823748116118483,0.4800885432818697,0.5922560633278686,0.11647868364020303,0.0341852169143219,0.16942236427815358,1.1800701989499423,0,0,0,0,0,0,0,0,0
20.0,angle_bias,gain_like,angle_+5deg,4,ok,ok,False,False,False,ok,False,0.4750798067128682,0.6436325941433253,0.3426156482418182,0.4981572739267646,0.6919607159984519,0.11558447095841684,0.05498753800074717,0.16515308101029885,1.206687232859317,0,0,0,0,0,0,0,0,0
20.0,blur,blur,bilinear_v1,0,blur,blur,True,True,True,blur,True,0.19997369304538667,15.174025270765835,5.405251346777357,1.8765603317864104,4.895072878807229,0.1106176160230921,0.07780676982202117,0.14661165258343214,0.29149688936316004,0,1,1,1,1,0,0,0,0
20.0,blur,blur,bilinear_v1,1,blur,blur,True,True,True,blur,True,0.180766974852598,15.292577955774693,5.37200493853271,1.8812952477655076,5.058173255477662,0.12163256021649715,0.0932509373708139,0.16961864630120851,0.30409953503764464,0,1,1,1,1,0,0,0,0
20.0,blur,blur,bilinear_v1,2,blur,blur,True,True,True,blur,True,0.1877294144012529,15.610094840471518,5.3056199812909375,1.8741480246321278,5.186423193310237,0.11317276810673292,0.12925504578053104,0.16023624948721144,0.30607954610979105,0,1,1,1,1,0,0,0,0
20.0,blur,blur,bilinear_v1,3,blur,blur,True,True,True,blur,True,0.16186660914385567,15.618571192037479,5.41030618210401,1.8654861373105782,5.05529552118255,0.11343401383020633,0.07841781006392783,0.1861770938820509,0.2740758141094868,0,1,1,1,1,0,0,0,0
20.0,blur,blur,bilinear_v1,4,blur,blur,True,True,True,blur,True,0.1834799472736896,15.670588640242116,5.403735125698611,1.916287388242755,5.257744737199225,0.1178242591915504,0.09919610915867885,0.18099282823980684,0.3009616531615121,0,1,1,1,1,0,0,0,0
20.0,warp_shift,warp_shift,shift_0.5px,0,warp_shift,warp_shift,True,True,True,warp_shift,True,0.1387423956768573,1.4677204333189597,1.1105479043659436,0.23847348728392184,0.6526226829026596,5.662306060191627,0.723986082371369,0.28827868880819973,0.20713788579894793,0,0,0,0,0,1,0,0,0
20.0,warp_shift,warp_shift,shift_0.5px,1,warp_shift,warp_shift,True,True,True,warp_shift,True,0.16183669716056345,0.8818060133271832,1.1594738661924449,0.19918736245667304,0.5476100663425114,5.672618179431873,0.7068346128690358,0.3166865347436403,0.21691642705187122,0,0,0,0,0,1,0,0,0
20.0,warp_shift,warp_shift,shift_0.5px,2,warp_shift,warp_shift,True,True,True,warp_shift,True,0.15105186957430938,1.1155199657070125,1.0767914714572038,0.17080955942486065,0.5929642517421303,5.659708308699132,0.700017645955368,0.289485542204647,0.22185043311125888,0,0,0,0,0,1,0,0,0
20.0,warp_shift,warp_shift,shift_0.5px,3,warp_shift,warp_shift,True,True,True,warp_shift,True,0.12009196875724565,1.1610602505560146,1.0410766726009109,0.21623305477736665,0.7055138010688548,5.703635200682211,0.7520838176230966,0.32939223339023316,0.1889725173362808,0,0,0,0,0,1,0,0,0
20.0,warp_shift,warp_shift,shift_0.5px,4,warp_shift,warp_shift,True,True,True,warp_shift,True,0.10865025678887269,1.1573119519033233,1.300453115165619,0.16671170517403588,1.0538580948110128,5.6896146993124646,0.7096767295964638,0.31465996086898207,0.21668926123757629,0,0,0,0,0,1,0,0,0
20.0,warp_shift,warp_shift,shift_1.0px,0,warp_shift,warp_shift,True,True,True,warp_shift,True,0.18179752197477972,1.1188842443294589,0.40401869720055206,0.19558518261242486,0.6312070156559337,12.384001418049987,0.20802177057284227,0.2034653024734269,0.11929560041987608,0,0,0,0,0,1,0,0,0
20.0,warp_shift,warp_shift,shift_1.0px,1,warp_shift,warp_shift,True,True,True,warp_shift,True,0.21915623673150075,0.7444515931201292,0.3178768897056771,0.23821155438294817,0.6320691948586099,12.401963879052769,0.17836026957127732,0.21251194041747243,0.1255710456831944,0,0,0,0,0,1,0,0,0
20.0,warp_shift,warp_shift,shift_1.0px,2,warp_shift,warp_shift,True,True,True,warp_shift,True,0.21006920964070827,0.5939758783311357,0.30617138946044786,0.23813305805681104,0.4775247968126821,12.390898499814826,0.15865253963494144,0.22692017895082728,0.13320243741236393,0,0,0,0,0,1,0,0,0
20.0,warp_shift,warp_shift,shift_1.0px,3,warp_shift,warp_shift,True,True,True,warp_shift,True,0.18190305843099283,0.9604546656308399,0.2744579594062238,0.27522255657117517,0.6312814293267643,12.404585232168913,0.21086556428811087,0.21529457795114093,0.10160391091929855,0,0,0,0,0,1,0,0,0
20.0,warp_shift,warp_shift,shift_1.0px,4,warp_shift,warp_shift,True,True,True,warp_shift,True,0.15462823459050642,0.6260149152165021,0.4715764745838591,0.18405690782009382,0.5565427387291466,12.417524414531597,0.18339219722480404,0.21444407208165955,0.1304464343641966,0,0,0,0,0,1,0,0,0
20.0,warp_shift,warp_shift,shift_2.0px,0,warp_shift,warp_shift,True,True,True,warp_shift,True,0.3263636609759214,1.6991330272449279,0.3475557364963118,0.30110735105478015,0.5532727059077825,24.92809810106411,0.452996176320261,0.18666871836388618,0.08099626372153924,0,1,0,0,0,1,0,0,0
20.0,warp_shift,warp_shift,shift_2.0px,1,warp_shift,warp_shift,True,True,True,warp_shift,True,0.36567201486156536,1.4258534251067896,0.41308223985023496,0.3512299755437779,0.4322273948038028,24.949734087627057,0.4522818995592999,0.20475497984150898,0.0704118946977259,0,0,0,0,0,1,0,0,0
20.0,warp_shift,warp_shift,shift_2.0px,2,warp_shift,warp_shift,True,True,True,warp_shift,True,0.3628976740274576,1.361443276114053,0.2693409685689918,0.3535510221500484,0.4374388887795777,24.93104585839478,0.40790232021110606,0.1960877899309515,0.06311392791408943,0,0,0,0,0,1,0,0,0
20.0,warp_shift,warp_shift,shift_2.0px,3,warp_shift,warp_shift,True,True,True,warp_shift,True,0.35239855048625096,1.5032416019287247,0.21836939612181053,0.39048724962221076,0.5611417349478638,24.944623277837056,0.4407513420964199,0.19993898205648905,0.09579372266545434,0,0,0,0,0,1,0,0,0
20.0,warp_shift,warp_shift,shift_2.0px,4,warp_shift,warp_shift,True,True,True,warp_shift,True,0.31282424150882115,1.3002468825592373,0.19714121811169055,0.298743732866639,0.37990466810036805,24.950638984675713,0.4338900411692138,0.19041877398374302,0.06266443853861467,0,0,0,0,0,1,0,0,0
20.0,warp_rot,warp_rot,rot_1.0deg,0,warp_rot,warp_rot,True,True,True,warp_rot,True,0.16439738865837078,3.2782634590530475,2.663215775409027,0.44725165979013626,2.096095903990328,0.744044661777983,0.5078275781372392,3.9656431800604035,0.2012099404452427,0,1,1,0,1,0,0,1,0
20.0,warp_rot,warp_rot,rot_1.0deg,1,warp_rot,warp_rot,True,True,True,warp_rot,True,0.11152546673582645,3.4207905563952066,2.647746512887322,0.47280945947838604,2.3419094456872287,0.720358017210186,0.47311956653534415,3.99530667003436,0.21506487183609815,0,1,1,0,1,0,0,1,0
20.0,warp_rot,warp_rot,rot_1.0deg,2,warp_rot,warp_rot,True,True,True,warp_rot,True,0.12200962057557654,3.7449717051061926,2.6601486738270848,0.49918554836516676,2.2832898418788963,0.7358286804107942,0.5246519515081391,3.967111443294179,0.21547012026895024,0,1,1,0,1,0,0,1,0
20.0,warp_rot,warp_rot,rot_1.0deg,3,warp_rot,warp_rot,True,True,True,warp_rot,True,0.12128997987420423,3.6477750520760335,2.697282417427849,0.49932093153214563,2.373039914858249,0.7431085322524743,0.4795684651829832,4.027558879411776,0.18083107899134007,0,1,1,0,1,0,0,1,0
20.0,warp_rot,warp_rot,rot_1.0deg,4,warp_rot,warp_rot,True,True,True,warp_rot,True,0.15395011068569894,3.730032915786647,2.706629632678616,0.5168892913799119,2.419035235901611,0.7312208286228885,0.49042562710843624,4.015771288599252,0.20958663025133745,0,1,1,0,1,0,0,1,0
20.0,warp_rot,warp_rot,rot_2.0deg,0,warp_rot,warp_rot,True,True,True,warp_rot,True,0.14290118915259564,3.5251059766832515,1.7180663336026771,0.7129711376238518,1.3883482643459517,3.077915538135204,1.1370822315443272,10.561323351888602,0.12992437993678413,0,1,1,0,0,1,0,1,0
20.0,warp_rot,warp_rot,rot_2.0deg,1,warp_rot,warp_rot,True,True,True,warp_rot,True,0.0944892910879755,3.829480710949393,1.762154476076402,0.7202673818438504,1.3968345415668084,3.021746088459129,1.2793055857557194,10.631276156153355,0.14214011114769717,0,1,1,0,0,1,0,1,0
20.0,warp_rot,warp_rot,rot_2.0deg,2,warp_rot,warp_rot,True,True,True,warp_rot,True,0.09082608895295324,4.1362221944963515,1.7694248633192644,0.7530840115775408,1.274856736361249,3.056590368105132,1.3463501656630015,10.598333211697787,0.1439645183055584,0,1,1,0,0,1,0,1,0
20.0,warp_rot,warp_rot,rot_2.0deg,3,warp_rot,warp_rot,True,True,True,warp_rot,True,0.10666973789447967,3.7461473024729086,1.6438361093050484,0.7450975658390254,1.2331068801219143,3.080374961015269,1.2853687746271554,10.655353195399885,0.1077295484732836,0,1,1,0,0,1,0,1,0
20.0,warp_rot,warp_rot,rot_2.0deg,4,warp_rot,warp_rot,True,True,True,warp_rot,True,0.13764366547603737,3.9849851644294567,1.7653427642335955,0.7679704224250022,1.1174683760883344,3.0775606944194935,1.2849563242990787,10.662765668797777,0.13760343821616866,0,1,1,0,0,1,0,1,0
