case,case_angle,source,element,candidate,region,r,ssim,bias_pct,cv_ratio,n_px
REAL_ruotato,7.7,REAL_ruotato,Ca,deterministic,footprint,0.9639476009041485,0.9077508335690014,2.96151436551364,0.9319812467733848,3466
REAL_ruotato,7.7,REAL_ruotato,Ca,control_mean,footprint,0.9598267147627682,0.8977123996711026,2.7319847638113792,0.9739373385973739,3466
REAL_ruotato,7.7,REAL_ruotato,Ca,prior_mean,footprint,0.9637437236727765,0.9055453626689655,3.196663255284893,0.96862643393216,3466
REAL_ruotato,7.7,REAL_ruotato,Ca,posterior_mean,footprint,0.9644525969739355,0.9086010389769187,2.019733161186088,0.9741884914030899,3466
REAL_ruotato,7.7,REAL_ruotato,Ca,mvp_single,footprint,0.9573350333925275,0.8933703756424948,2.5596322481096445,0.9834685981930659,3466
REAL_ruotato,7.7,REAL_ruotato,Ti,deterministic,footprint,0.9157985272981568,0.8125738312484294,3.005980193982838,0.8938776130466876,3466
REAL_ruotato,7.7,REAL_ruotato,Ti,control_mean,footprint,0.9116321656403553,0.8091164145495561,2.5090594630570617,0.9395954588968451,3466
REAL_ruotato,7.7,REAL_ruotato,Ti,prior_mean,footprint,0.9162777747478246,0.8154096718836725,3.022970889520793,0.9299556905491849,3466
REAL_ruotato,7.7,REAL_ruotato,Ti,posterior_mean,footprint,0.9169042697720688,0.8181357553206985,2.0910190759933833,0.9362534443811408,3466
REAL_ruotato,7.7,REAL_ruotato,Ti,mvp_single,footprint,0.9101776454223643,0.807638846986685,2.2813458042410417,0.9418444276983752,3466
REAL_ruotato,7.7,REAL_ruotato,Fe,deterministic,footprint,0.9791391831498245,0.9131395913484206,1.650188019636345,0.9713588679536251,3466
REAL_ruotato,7.7,REAL_ruotato,Fe,control_mean,footprint,0.9769467274738738,0.910740459906828,1.0036409970982874,0.9862634759252074,3466
REAL_ruotato,7.7,REAL_ruotato,Fe,prior_mean,footprint,0.9793951956786461,0.9135572531574052,0.9449981220558623,0.9861596812182597,3466
REAL_ruotato,7.7,REAL_ruotato,Fe,posterior_mean,footprint,0.9793336198665976,0.9153212702669228,1.414128309527607,0.9862928264973997,3466
REAL_ruotato,7.7,REAL_ruotato,Fe,mvp_single,footprint,0.9776918919540569,0.910541603989773,0.8852146678024475,0.9872398192267898,3466
REAL_ruotato,7.7,REAL_ruotato,Cu,deterministic,footprint,0.956552112957238,0.8944369837720285,1.015032176490993,0.9625155761434717,3466
REAL_ruotato,7.7,REAL_ruotato,Cu,control_mean,footprint,0.9506541290058265,0.8843875083486116,0.4510236685812963,0.996505234401886,3466
REAL_ruotato,7.7,REAL_ruotato,Cu,prior_mean,footprint,0.9543697484098697,0.8919316010093344,0.5267487618046518,0.9862815550365119,3466
REAL_ruotato,7.7,REAL_ruotato,Cu,posterior_mean,footprint,0.9562993678816204,0.8972136997774839,0.38904014880372095,0.9920465222502306,3466
REAL_ruotato,7.7,REAL_ruotato,Cu,mvp_single,footprint,0.9498937911206347,0.8788883162998163,0.2601703904253849,1.003398216755264,3466
REAL_ruotato,7.7,REAL_ruotato,PbLl,deterministic,footprint,0.914917260545943,0.7296763631485264,-0.6875868269653473,0.9355393656427892,3466
REAL_ruotato,7.7,REAL_ruotato,PbLl,control_mean,footprint,0.914711276917788,0.7317471071232944,-0.804821988019988,0.9782117293319906,3466
REAL_ruotato,7.7,REAL_ruotato,PbLl,prior_mean,footprint,0.9172949041783154,0.7352307157077543,-1.6508713045548573,0.9735142582717825,3466
REAL_ruotato,7.7,REAL_ruotato,PbLl,posterior_mean,footprint,0.9189414360505587,0.7387540408476945,-1.0823122908368843,0.9721362375943091,3466
REAL_ruotato,7.7,REAL_ruotato,PbLl,mvp_single,footprint,0.9137408894672664,0.7276190769440357,-1.3538414630202,0.9857046344402255,3466
REAL_ruotato,7.7,REAL_ruotato,PbLa,deterministic,footprint,0.9749810580661966,0.9246594403843338,0.2349072021437415,0.963567711945124,3466
REAL_ruotato,7.7,REAL_ruotato,PbLa,control_mean,footprint,0.9727643908269974,0.9155871492907792,0.07410953738249404,1.0053658567934016,3466
REAL_ruotato,7.7,REAL_ruotato,PbLa,prior_mean,footprint,0.9753547330636545,0.9220239085444181,0.07453314214005413,1.0003555823085717,3466
REAL_ruotato,7.7,REAL_ruotato,PbLa,posterior_mean,footprint,0.9768184365943747,0.9252733038516487,0.013497675844842405,1.0030644736250036,3466
REAL_ruotato,7.7,REAL_ruotato,PbLa,mvp_single,footprint,0.9716979666654281,0.912153834179483,0.21255351247377874,1.0075751582520476,3466
REAL_ruotato,7.7,REAL_ruotato,PbLb,deterministic,footprint,0.9739547838099835,0.9187099438664399,-0.034816363275136375,0.9636971814728201,3466
REAL_ruotato,7.7,REAL_ruotato,PbLb,control_mean,footprint,0.9716375127408181,0.9090198647007962,-0.15972790133318426,1.0059629001217298,3466
REAL_ruotato,7.7,REAL_ruotato,PbLb,prior_mean,footprint,0.9742450018951705,0.9156087152097466,-0.3232178319229062,1.000817753618084,3466
REAL_ruotato,7.7,REAL_ruotato,PbLb,posterior_mean,footprint,0.9755878457940923,0.9185215724717876,-0.5656435838638618,1.0023099253687164,3466
REAL_ruotato,7.7,REAL_ruotato,PbLb,mvp_single,footprint,0.9704002737912802,0.9052412804380336,-0.0044526710598624675,1.0086412218809944,3466
REAL_ruotato,7.7,REAL_ruotato,PbLg,deterministic,footprint,0.9412704007967508,0.8205451641151363,-0.942469314734451,0.9495036055266441,3466
REAL_ruotato,7.7,REAL_ruotato,PbLg,control_mean,footprint,0.9383768610863593,0.8153557681759469,-1.1273378874027684,0.9933974511597784,3466
REAL_ruotato,7.7,REAL_ruotato,PbLg,prior_mean,footprint,0.9409999342639446,0.8206951453621919,-1.166584924677272,0.9862822149002275,3466
REAL_ruotato,7.7,REAL_ruotato,PbLg,posterior_mean,footprint,0.9428847512454215,0.8241335772348256,-1.0220831589573987,0.9892555962124028,3466
REAL_ruotato,7.7,REAL_ruotato,PbLg,mvp_single,footprint,0.9373738086028249,0.8120467649806891,-1.3866821658211514,0.997594442383605,3466
a8_h0x0_validated_d1,8.0,prova2,Ca,deterministic,footprint,0.9812255910695953,0.9531886193525524,0.30550576343921776,0.921627439737769,3466
a8_h0x0_validated_d1,8.0,prova2,Ca,control_mean,footprint,0.9908160217301195,0.9751232119408615,0.18851758244911032,0.9553228662898717,3466
a8_h0x0_validated_d1,8.0,prova2,Ca,prior_mean,footprint,0.9890136755488207,0.9718211983499275,0.5413765920673885,0.9523485200864914,3466
a8_h0x0_validated_d1,8.0,prova2,Ca,posterior_mean,footprint,0.9893223733928477,0.9710069336570751,-0.6042423936597263,0.9552128240533728,3466
a8_h0x0_validated_d1,8.0,prova2,Ca,mvp_single,footprint,0.990489437488963,0.9752053261903435,0.06443574170063027,0.9620155187363324,3466
a8_h0x0_validated_d1,8.0,prova2,Ti,deterministic,footprint,0.9620745991586134,0.9101327910588674,0.40738804204498713,0.8984163610751236,3466
a8_h0x0_validated_d1,8.0,prova2,Ti,control_mean,footprint,0.9719395993626523,0.9300037138790264,0.27760837982211406,0.9359112436317439,3466
a8_h0x0_validated_d1,8.0,prova2,Ti,prior_mean,footprint,0.9700970614827132,0.9264117563666279,0.6686023272326036,0.92896607061097,3466
a8_h0x0_validated_d1,8.0,prova2,Ti,posterior_mean,footprint,0.9701294534531347,0.925781481401836,-0.26302670309039655,0.9333288216752423,3466
a8_h0x0_validated_d1,8.0,prova2,Ti,mvp_single,footprint,0.9706600760965476,0.9284003815286506,-0.03126791304233212,0.9395223435889835,3466
a8_h0x0_validated_d1,8.0,prova2,Fe,deterministic,footprint,0.991446670676079,0.9575633631519629,1.3340879404962092,0.9617987230161545,3466
a8_h0x0_validated_d1,8.0,prova2,Fe,control_mean,footprint,0.994601042807151,0.9659609316079834,0.950614082642609,0.975310865090435,3466
a8_h0x0_validated_d1,8.0,prova2,Fe,prior_mean,footprint,0.9940435873224297,0.9641835993397726,0.857097934219575,0.9750370136675028,3466
a8_h0x0_validated_d1,8.0,prova2,Fe,posterior_mean,footprint,0.9941041385149144,0.9649040523910675,1.0614158783056826,0.9749269289285346,3466
a8_h0x0_validated_d1,8.0,prova2,Fe,mvp_single,footprint,0.9946569306530654,0.9649976297837197,0.7010546946278673,0.9766506110438893,3466
a8_h0x0_validated_d1,8.0,prova2,Cu,deterministic,footprint,0.9829805665226734,0.9464105317872094,-0.10596323951974629,0.9391317605444348,3466
a8_h0x0_validated_d1,8.0,prova2,Cu,control_mean,footprint,0.9905700306845274,0.9671783427496851,-0.023512878915132873,0.9689541470747813,3466
a8_h0x0_validated_d1,8.0,prova2,Cu,prior_mean,footprint,0.9892232800760542,0.9624420787855215,-0.4000858124228568,0.9603756034429117,3466
a8_h0x0_validated_d1,8.0,prova2,Cu,posterior_mean,footprint,0.9889853456743161,0.962495782507568,-0.4078231407122157,0.9646596710763491,3466
a8_h0x0_validated_d1,8.0,prova2,Cu,mvp_single,footprint,0.9906308186477619,0.9641366176595318,-0.6035329147403345,0.9763762284993543,3466
a8_h0x0_validated_d1,8.0,prova2,PbLl,deterministic,footprint,0.9570210184317963,0.8615584298099523,0.03971480291928842,0.9050831099643797,3466
a8_h0x0_validated_d1,8.0,prova2,PbLl,control_mean,footprint,0.964756830928757,0.8829649348098895,-0.1019109542326424,0.9413210578057082,3466
a8_h0x0_validated_d1,8.0,prova2,PbLl,prior_mean,footprint,0.9633314679704065,0.8789137480205358,-1.2096118178336335,0.9374707512632493,3466
a8_h0x0_validated_d1,8.0,prova2,PbLl,posterior_mean,footprint,0.9634036057888647,0.8788001067625485,-0.430615820265956,0.9351896226965338,3466
a8_h0x0_validated_d1,8.0,prova2,PbLl,mvp_single,footprint,0.9634137006595952,0.8792519040598882,-0.28391593035971274,0.949514276247648,3466
a8_h0x0_validated_d1,8.0,prova2,PbLa,deterministic,footprint,0.9864300667068233,0.9612268351450702,0.1925828702072696,0.9310474637602436,3466
a8_h0x0_validated_d1,8.0,prova2,PbLa,control_mean,footprint,0.9950503146067797,0.9836303322847408,0.032883924003890286,0.9652761938482062,3466
a8_h0x0_validated_d1,8.0,prova2,PbLa,prior_mean,footprint,0.9933581263401475,0.9797711132468188,0.007439182471258299,0.9619125258634517,3466
a8_h0x0_validated_d1,8.0,prova2,PbLa,posterior_mean,footprint,0.9934196564616744,0.9795542060588805,-0.09603216420221994,0.9632438401224198,3466
a8_h0x0_validated_d1,8.0,prova2,PbLa,mvp_single,footprint,0.9948932982727257,0.983429227623526,0.13474126980552725,0.9678800440587695,3466
a8_h0x0_validated_d1,8.0,prova2,PbLb,deterministic,footprint,0.9858841929364892,0.9584621246916759,0.11249198754166301,0.929010938997787,3466
a8_h0x0_validated_d1,8.0,prova2,PbLb,control_mean,footprint,0.9943043699409005,0.9805497120198896,0.03013196937287077,0.9634720937100175,3466
a8_h0x0_validated_d1,8.0,prova2,PbLb,prior_mean,footprint,0.9926735311335708,0.9767143393755415,-0.003850480850464688,0.9599150208399829,3466
a8_h0x0_validated_d1,8.0,prova2,PbLb,posterior_mean,footprint,0.9928102670500745,0.976697706276411,-0.3136562929489606,0.9600979252132501,3466
a8_h0x0_validated_d1,8.0,prova2,PbLb,mvp_single,footprint,0.9941499925304114,0.9804907632699362,0.05463551186961624,0.9663456784090183,3466
a8_h0x0_validated_d1,8.0,prova2,PbLg,deterministic,footprint,0.9714341656598656,0.9106185616865405,0.18685843881680597,0.9186023701145193,3466
a8_h0x0_validated_d1,8.0,prova2,PbLg,control_mean,footprint,0.9796544622609862,0.9322018716280831,0.2777308129670919,0.9537443935695669,3466
a8_h0x0_validated_d1,8.0,prova2,PbLg,prior_mean,footprint,0.9777201977996927,0.9277783033101895,0.23338655366109684,0.9483776617366283,3466
a8_h0x0_validated_d1,8.0,prova2,PbLg,posterior_mean,footprint,0.9782742845473644,0.9286677808538707,0.24347893816332178,0.9499339159718918,3466
a8_h0x0_validated_d1,8.0,prova2,PbLg,mvp_single,footprint,0.97943018079817,0.9317162311052144,-0.05160446828482712,0.9578151661762404,3466
a8_h14x20_validated_d1,8.0,prova2,Ca,deterministic,footprint,0.7637431838729151,0.8294907131250636,-0.48260199977054885,1.1536232437958804,3466
a8_h14x20_validated_d1,8.0,prova2,Ca,deterministic,hole,-0.050968460189457804,,-96.82836105372495,,278
a8_h14x20_validated_d1,8.0,prova2,Ca,control_mean,footprint,0.9463071210500754,0.889740965298623,-0.013140719253734723,0.9266568619490223,3466
a8_h14x20_validated_d1,8.0,prova2,Ca,control_mean,hole,0.16012812753932668,,-15.072576832108313,,278
a8_h14x20_validated_d1,8.0,prova2,Ca,prior_mean,footprint,0.9417185134872579,0.8852443885650421,0.288302409232033,0.9254027944168112,3466
a8_h14x20_validated_d1,8.0,prova2,Ca,prior_mean,hole,-0.06065548874728944,,-15.83853046459371,,278
a8_h14x20_validated_d1,8.0,prova2,Ca,posterior_mean,footprint,0.9393748796468187,0.8854427588904605,-0.892613654190999,0.9350368837131559,3466
a8_h14x20_validated_d1,8.0,prova2,Ca,posterior_mean,hole,0.01187026724369419,,-21.253825177161755,,278
a8_h14x20_validated_d1,8.0,prova2,Ca,mvp_single,footprint,0.9488853278623899,0.8987481238410486,-0.17448891462953364,0.9429659281174059,3466
a8_h14x20_validated_d1,8.0,prova2,Ca,mvp_single,hole,0.49984497302095027,,-20.092081590676557,,278
a8_h14x20_validated_d1,8.0,prova2,Ti,deterministic,footprint,0.6750270824284226,0.7767259572191598,-0.5268774216347083,1.2583537082098515,3466
a8_h14x20_validated_d1,8.0,prova2,Ti,deterministic,hole,-0.050807748824126975,,-96.15278750585918,,278
a8_h14x20_validated_d1,8.0,prova2,Ti,control_mean,footprint,0.9490412931701989,0.8605153962847176,-0.06420129178774658,0.9242996255498562,3466
a8_h14x20_validated_d1,8.0,prova2,Ti,control_mean,hole,0.25648316542910093,,-10.230026922390055,,278
a8_h14x20_validated_d1,8.0,prova2,Ti,prior_mean,footprint,0.9441710541156095,0.8558636330565323,0.36495110198235814,0.9185143782208282,3466
a8_h14x20_validated_d1,8.0,prova2,Ti,prior_mean,hole,0.06722767911295088,,-11.0136526279533,,278
a8_h14x20_validated_d1,8.0,prova2,Ti,posterior_mean,footprint,0.9450413766276576,0.8560047015124603,-0.6013299267555672,0.9226597295392951,3466
a8_h14x20_validated_d1,8.0,prova2,Ti,posterior_mean,hole,0.14016602601580852,,-12.187240661655384,,278
a8_h14x20_validated_d1,8.0,prova2,Ti,mvp_single,footprint,0.9441760286453721,0.8515968788091619,-0.3417076105065031,0.9271920774009464,3466
a8_h14x20_validated_d1,8.0,prova2,Ti,mvp_single,hole,0.06190801130073166,,-10.626159826773394,,278
a8_h14x20_validated_d1,8.0,prova2,Fe,deterministic,footprint,0.9574831173222899,0.8413954031120712,-0.326982977816459,1.0488133855389767,3466
a8_h14x20_validated_d1,8.0,prova2,Fe,deterministic,hole,0.11299045253237941,,-96.13364699091414,,278
a8_h14x20_validated_d1,8.0,prova2,Fe,control_mean,footprint,0.9769557613029727,0.8881273526412287,0.8294737042209066,0.9900289946970031,3466
a8_h14x20_validated_d1,8.0,prova2,Fe,control_mean,hole,0.07982839704229876,,-32.633294916687234,,278
a8_h14x20_validated_d1,8.0,prova2,Fe,prior_mean,footprint,0.9747557843259514,0.8862514886143147,0.6789087713635622,1.0001573305173939,3466
a8_h14x20_validated_d1,8.0,prova2,Fe,prior_mean,hole,0.06099769020608213,,-43.853249857313656,,278
a8_h14x20_validated_d1,8.0,prova2,Fe,posterior_mean,footprint,0.9755921728978558,0.8879267007124056,0.7847721337062907,0.9972589741129757,3466
a8_h14x20_validated_d1,8.0,prova2,Fe,posterior_mean,hole,0.11997125138524896,,-41.0417245681726,,278
a8_h14x20_validated_d1,8.0,prova2,Fe,mvp_single,footprint,0.9765547019206929,0.8880786943605565,0.37086969600892417,0.9937764101862266,3466
a8_h14x20_validated_d1,8.0,prova2,Fe,mvp_single,hole,0.07794821606778414,,-35.59545148370977,,278
a8_h14x20_validated_d1,8.0,prova2,Cu,deterministic,footprint,0.9137707396374707,0.84780976641049,-1.2920550261459107,1.0169022550752223,3466
a8_h14x20_validated_d1,8.0,prova2,Cu,deterministic,hole,0.32214982850220575,,-94.80525825012391,,278
a8_h14x20_validated_d1,8.0,prova2,Cu,control_mean,footprint,0.949161344067168,0.8647532417950162,-0.9580356301641335,0.9538242603652037,3466
a8_h14x20_validated_d1,8.0,prova2,Cu,control_mean,hole,0.20518963751018093,,-24.763989596059496,,278
a8_h14x20_validated_d1,8.0,prova2,Cu,prior_mean,footprint,0.9482951778929846,0.8621703421650264,-1.1488046108576122,0.9463850415268876,3466
a8_h14x20_validated_d1,8.0,prova2,Cu,prior_mean,hole,0.22971857281899774,,-26.032863911342332,,278
a8_h14x20_validated_d1,8.0,prova2,Cu,posterior_mean,footprint,0.9482003550965561,0.8643514832328233,-1.3154703142921553,0.9590056908222434,3466
a8_h14x20_validated_d1,8.0,prova2,Cu,posterior_mean,hole,0.2924881708079782,,-32.863375162741846,,278
a8_h14x20_validated_d1,8.0,prova2,Cu,mvp_single,footprint,0.9538941589187946,0.8655919696108131,-1.5317811894823397,0.9346271506119835,3466
a8_h14x20_validated_d1,8.0,prova2,Cu,mvp_single,hole,0.32958052862449466,,3.1152566846741903,,278
a8_h14x20_validated_d1,8.0,prova2,PbLl,deterministic,footprint,0.813625161222762,0.7467587833730496,-1.798427419957216,1.060187175628814,3466
a8_h14x20_validated_d1,8.0,prova2,PbLl,deterministic,hole,0.20359638553993964,,-94.7916327000463,,278
a8_h14x20_validated_d1,8.0,prova2,PbLl,control_mean,footprint,0.930345338611653,0.8128083753402943,-0.5329577238525562,0.9114963257552405,3466
a8_h14x20_validated_d1,8.0,prova2,PbLl,control_mean,hole,0.3871437348031322,,-0.15626139493007224,,278
a8_h14x20_validated_d1,8.0,prova2,PbLl,prior_mean,footprint,0.9275726778095646,0.8090653483344235,-1.3242311793375872,0.9025482722425134,3466
a8_h14x20_validated_d1,8.0,prova2,PbLl,prior_mean,hole,0.3717362748608619,,7.148922393282158,,278
a8_h14x20_validated_d1,8.0,prova2,PbLl,posterior_mean,footprint,0.928483351393952,0.8091117239591097,-0.8355748066113167,0.9027280460362648,3466
a8_h14x20_validated_d1,8.0,prova2,PbLl,posterior_mean,hole,0.370681889521095,,4.728044702136073,,278
a8_h14x20_validated_d1,8.0,prova2,PbLl,mvp_single,footprint,0.9212442786974864,0.807354569240977,-0.4575245082158119,0.9183359835350129,3466
a8_h14x20_validated_d1,8.0,prova2,PbLl,mvp_single,hole,0.3447292012540942,,19.5327653465416,,278
a8_h14x20_validated_d1,8.0,prova2,PbLa,deterministic,footprint,0.7156565909737181,0.8066641673554716,-0.29397906117243355,1.281980485139627,3466
a8_h14x20_validated_d1,8.0,prova2,PbLa,deterministic,hole,0.2744991666214226,,-94.94698399610094,,278
a8_h14x20_validated_d1,8.0,prova2,PbLa,control_mean,footprint,0.9681515478342511,0.9209668745702374,0.017740464191007277,0.9374350862267751,3466
a8_h14x20_validated_d1,8.0,prova2,PbLa,control_mean,hole,0.6066237984119363,,-0.5665621411590588,,278
a8_h14x20_validated_d1,8.0,prova2,PbLa,prior_mean,footprint,0.9657926080351513,0.9166237416043733,0.0031990305185303214,0.9310054187848065,3466
a8_h14x20_validated_d1,8.0,prova2,PbLa,prior_mean,hole,0.6176900021361315,,0.5637847938423948,,278
a8_h14x20_validated_d1,8.0,prova2,PbLa,posterior_mean,footprint,0.9664518808011078,0.9186254282635226,-0.1550185658304004,0.933883353784586,3466
a8_h14x20_validated_d1,8.0,prova2,PbLa,posterior_mean,hole,0.6097048354825657,,1.6650016246395556,,278
a8_h14x20_validated_d1,8.0,prova2,PbLa,mvp_single,footprint,0.9548912209392861,0.922646764523623,0.27717922256949024,0.9537502862516692,3466
a8_h14x20_validated_d1,8.0,prova2,PbLa,mvp_single,hole,0.5933548667273504,,18.7833477380152,,278
a8_h14x20_validated_d1,8.0,prova2,PbLb,deterministic,footprint,0.7096598361719701,0.8037965651411617,-0.4709758126451913,1.288571968279906,3466
a8_h14x20_validated_d1,8.0,prova2,PbLb,deterministic,hole,0.28312098125205687,,-94.98218012858591,,278
a8_h14x20_validated_d1,8.0,prova2,PbLb,control_mean,footprint,0.9672423388619797,0.9199392358722306,0.06933510472701965,0.9333319818841819,3466
a8_h14x20_validated_d1,8.0,prova2,PbLb,control_mean,hole,0.6433546769054926,,-1.024524621357427,,278
a8_h14x20_validated_d1,8.0,prova2,PbLb,prior_mean,footprint,0.9648425771405666,0.9154555495722607,-0.002273957608478483,0.9275165475585594,3466
a8_h14x20_validated_d1,8.0,prova2,PbLb,prior_mean,hole,0.6525920654602511,,-0.0431710935968381,,278
a8_h14x20_validated_d1,8.0,prova2,PbLb,posterior_mean,footprint,0.965682750021736,0.9172052896648636,-0.3383324289629508,0.9287441318153986,3466
a8_h14x20_validated_d1,8.0,prova2,PbLb,posterior_mean,hole,0.6462165657648593,,0.7009081828472216,,278
a8_h14x20_validated_d1,8.0,prova2,PbLb,mvp_single,footprint,0.955304909319784,0.922138388532089,0.2790139466635644,0.949887961058711,3466
a8_h14x20_validated_d1,8.0,prova2,PbLb,mvp_single,hole,0.6340863208538906,,18.71302093978545,,278
a8_h14x20_validated_d1,8.0,prova2,PbLg,deterministic,footprint,0.7003945999249389,0.7639097842909869,-0.6144226669477448,1.2931155292396126,3466
a8_h14x20_validated_d1,8.0,prova2,PbLg,deterministic,hole,0.2576757669138907,,-94.95709191427648,,278
a8_h14x20_validated_d1,8.0,prova2,PbLg,control_mean,footprint,0.9523892105617582,0.873140799628521,0.3001413616591897,0.9228894683004414,3466
a8_h14x20_validated_d1,8.0,prova2,PbLg,control_mean,hole,0.6170896461832753,,1.4106767872875052,,278
a8_h14x20_validated_d1,8.0,prova2,PbLg,prior_mean,footprint,0.9494156611365647,0.8681112834955232,0.28735817541196695,0.9144036864624108,3466
a8_h14x20_validated_d1,8.0,prova2,PbLg,prior_mean,hole,0.6293469649564318,,3.226905432021214,,278
a8_h14x20_validated_d1,8.0,prova2,PbLg,posterior_mean,footprint,0.950708604481079,0.87098070795508,0.3278479135542245,0.9181108727354895,3466
a8_h14x20_validated_d1,8.0,prova2,PbLg,posterior_mean,hole,0.6231139181812451,,3.5498544397534357,,278
a8_h14x20_validated_d1,8.0,prova2,PbLg,mvp_single,footprint,0.9279532547620919,0.8699752717263183,0.5200069313319844,0.947070392210674,3466
a8_h14x20_validated_d1,8.0,prova2,PbLg,mvp_single,hole,0.5965637732233748,,25.399302054920778,,278
a14_h0x0_validated_d1,14.0,prova2,Ca,deterministic,footprint,0.9812932185968342,0.953387915334076,0.2983599322639474,0.921587857390357,3466
a14_h0x0_validated_d1,14.0,prova2,Ca,control_mean,footprint,0.9908885212777075,0.9753629535829221,0.18694384484208015,0.9553581733702943,3466
a14_h0x0_validated_d1,14.0,prova2,Ca,prior_mean,footprint,0.9890340772371967,0.9719990928087254,0.8401279208646528,0.9507761061151802,3466
a14_h0x0_validated_d1,14.0,prova2,Ca,posterior_mean,footprint,0.9893896117284914,0.9710616588770943,-0.9215310363502871,0.9562838093679268,3466
a14_h0x0_validated_d1,14.0,prova2,Ca,mvp_single,footprint,0.9905528617865516,0.9753412649724972,0.1120665115897701,0.961049668953117,3466
a14_h0x0_validated_d1,14.0,prova2,Ti,deterministic,footprint,0.9624934800111702,0.9109544500525403,0.40031693863915585,0.8980912161243495,3466
a14_h0x0_validated_d1,14.0,prova2,Ti,control_mean,footprint,0.9723719502407356,0.9308900574971835,0.2682753680395722,0.9355961808387672,3466
a14_h0x0_validated_d1,14.0,prova2,Ti,prior_mean,footprint,0.9705016470310532,0.9273273566881045,0.7451612536808483,0.9286316482087495,3466
a14_h0x0_validated_d1,14.0,prova2,Ti,posterior_mean,footprint,0.9705269178607172,0.9264901157548332,-0.47517318013066134,0.9344646886060863,3466
a14_h0x0_validated_d1,14.0,prova2,Ti,mvp_single,footprint,0.9711093786368625,0.9291979153989169,-0.12285982375814797,0.9388283932522485,3466
a14_h0x0_validated_d1,14.0,prova2,Fe,deterministic,footprint,0.9914456908329067,0.9575545594032353,1.3343599453095267,0.9618001972000549,3466
a14_h0x0_validated_d1,14.0,prova2,Fe,control_mean,footprint,0.994606275601427,0.9659717032635573,0.95675934383741,0.9753876983429459,3466
a14_h0x0_validated_d1,14.0,prova2,Fe,prior_mean,footprint,0.9940425967050117,0.9642382283923314,1.0192621862462836,0.9750707375350988,3466
a14_h0x0_validated_d1,14.0,prova2,Fe,posterior_mean,footprint,0.9941081863424902,0.9648925668814559,1.1900591707336927,0.9748261338109131,3466
a14_h0x0_validated_d1,14.0,prova2,Fe,mvp_single,footprint,0.9946493735424233,0.9649851924492385,0.6290528372388415,0.9768586941555121,3466
a14_h0x0_validated_d1,14.0,prova2,Cu,deterministic,footprint,0.9829564013127606,0.9463451033941777,-0.10796741947013411,0.9391632957714523,3466
a14_h0x0_validated_d1,14.0,prova2,Cu,control_mean,footprint,0.9905346370648883,0.9671065293275395,-0.01316272695118803,0.9689045711636672,3466
a14_h0x0_validated_d1,14.0,prova2,Cu,prior_mean,footprint,0.9892440673169993,0.9626223736640168,-0.48518170558411455,0.9613905454930893,3466
a14_h0x0_validated_d1,14.0,prova2,Cu,posterior_mean,footprint,0.9889435412718431,0.962328991602074,-0.56259476044489,0.965106293539798,3466
a14_h0x0_validated_d1,14.0,prova2,Cu,mvp_single,footprint,0.9906067941275143,0.964357861130815,-0.600336111196409,0.9762502379432675,3466
a14_h0x0_validated_d1,14.0,prova2,PbLl,deterministic,footprint,0.9570705309969001,0.8616916902576667,0.039022945828959266,0.905036088367593,3466
a14_h0x0_validated_d1,14.0,prova2,PbLl,control_mean,footprint,0.9648004639690819,0.8831015188839073,-0.07025737219203965,0.9410926915332883,3466
a14_h0x0_validated_d1,14.0,prova2,PbLl,prior_mean,footprint,0.9634829704781916,0.8790513978696004,-1.5824846022457262,0.9392521612750806,3466
a14_h0x0_validated_d1,14.0,prova2,PbLl,posterior_mean,footprint,0.9634744820545116,0.8788767473749483,-0.6359223185206209,0.9364794747651949,3466
a14_h0x0_validated_d1,14.0,prova2,PbLl,mvp_single,footprint,0.9634666198496079,0.8794305562673176,-0.185592994789463,0.9481558122758246,3466
a14_h0x0_validated_d1,14.0,prova2,PbLa,deterministic,footprint,0.98641836189411,0.9611859135700244,0.1870920560400835,0.931069352499718,3466
a14_h0x0_validated_d1,14.0,prova2,PbLa,control_mean,footprint,0.9950379791323152,0.9836020757249659,0.026898064981084602,0.9653218119762431,3466
a14_h0x0_validated_d1,14.0,prova2,PbLa,prior_mean,footprint,0.9933805870808828,0.9797554968243822,-0.08549573328551219,0.9622200039275115,3466
a14_h0x0_validated_d1,14.0,prova2,PbLa,posterior_mean,footprint,0.9934094979926125,0.9793903377553778,-0.22948089882892653,0.963173821675378,3466
a14_h0x0_validated_d1,14.0,prova2,PbLa,mvp_single,footprint,0.9948603014735808,0.9833043441200163,0.11569733683598482,0.9673575652933686,3466
a14_h0x0_validated_d1,14.0,prova2,PbLb,deterministic,footprint,0.9858654324418813,0.9583906357595943,0.1173387373408108,0.9290179774922419,3466
a14_h0x0_validated_d1,14.0,prova2,PbLb,control_mean,footprint,0.9942843083457646,0.9804887871593385,0.024445960132091216,0.9635006565600214,3466
a14_h0x0_validated_d1,14.0,prova2,PbLb,prior_mean,footprint,0.9926937020012863,0.976787927734555,-0.03346914314789062,0.9607374026646107,3466
a14_h0x0_validated_d1,14.0,prova2,PbLb,posterior_mean,footprint,0.9927738524716034,0.9764222278478226,-0.5040185233380123,0.9603669621815283,3466
a14_h0x0_validated_d1,14.0,prova2,PbLb,mvp_single,footprint,0.994107927162391,0.9803303497465926,0.055603063768394634,0.9657898834909289,3466
a14_h0x0_validated_d1,14.0,prova2,PbLg,deterministic,footprint,0.9713168886788112,0.9102961280022345,0.20647446699346705,0.9186955012649729,3466
a14_h0x0_validated_d1,14.0,prova2,PbLg,control_mean,footprint,0.9795401640163351,0.9318951152907893,0.26406427747771577,0.9538897765600177,3466
a14_h0x0_validated_d1,14.0,prova2,PbLg,prior_mean,footprint,0.9776450621855893,0.9275021606639786,0.13839885238491334,0.9485694483223878,3466
a14_h0x0_validated_d1,14.0,prova2,PbLg,posterior_mean,footprint,0.9781395393385688,0.9282689668045095,0.28054103853261125,0.9497697080457093,3466
a14_h0x0_validated_d1,14.0,prova2,PbLg,mvp_single,footprint,0.9792834310179694,0.9312484500736266,-0.028071723761091683,0.9573208259244507,3466
a14_h14x20_validated_d1,14.0,prova2,Ca,deterministic,footprint,0.7637869084188845,0.8296681177000328,-0.48271717410396375,1.1535795310153014,3466
a14_h14x20_validated_d1,14.0,prova2,Ca,deterministic,hole,-0.05101049228039846,,-96.8278923369536,,278
a14_h14x20_validated_d1,14.0,prova2,Ca,control_mean,footprint,0.946590001316776,0.8901834320850486,-0.03653300377310931,0.9266113168837273,3466
a14_h14x20_validated_d1,14.0,prova2,Ca,control_mean,hole,0.1737859573787182,,-14.987738561177315,,278
a14_h14x20_validated_d1,14.0,prova2,Ca,prior_mean,footprint,0.9426563311193208,0.8854465209921062,0.5858424027952669,0.9222541156568048,3466
a14_h14x20_validated_d1,14.0,prova2,Ca,prior_mean,hole,-0.0528828372383967,,-14.405745269538563,,278
a14_h14x20_validated_d1,14.0,prova2,Ca,posterior_mean,footprint,0.940058602944165,0.8855860340800358,-1.168295126397778,0.9352115667952251,3466
a14_h14x20_validated_d1,14.0,prova2,Ca,posterior_mean,hole,0.02007320163748453,,-20.938509339415727,,278
a14_h14x20_validated_d1,14.0,prova2,Ca,mvp_single,footprint,0.9498388328310404,0.8998732927674512,-0.13502327173695594,0.9417318598842584,3466
a14_h14x20_validated_d1,14.0,prova2,Ca,mvp_single,hole,0.5175018876697746,,-19.736220297129734,,278
a14_h14x20_validated_d1,14.0,prova2,Ti,deterministic,footprint,0.6752149784263597,0.7774214839311128,-0.5039146961080987,1.2580965110188749,3466
a14_h14x20_validated_d1,14.0,prova2,Ti,deterministic,hole,-0.050705048399518185,,-96.15462116761796,,278
a14_h14x20_validated_d1,14.0,prova2,Ti,control_mean,footprint,0.9496992582571077,0.8616418146737355,-0.04805906653331249,0.9238919208531732,3466
a14_h14x20_validated_d1,14.0,prova2,Ti,control_mean,hole,0.2657430450303065,,-10.118941846194232,,278
a14_h14x20_validated_d1,14.0,prova2,Ti,prior_mean,footprint,0.9459856585747436,0.8571728391825838,0.48149943319764077,0.9164484156967629,3466
a14_h14x20_validated_d1,14.0,prova2,Ti,prior_mean,hole,0.07238762208948299,,-9.334197411808134,,278
a14_h14x20_validated_d1,14.0,prova2,Ti,posterior_mean,footprint,0.9459156067111534,0.8568776200826962,-0.8039782702735199,0.9232911869536362,3466
a14_h14x20_validated_d1,14.0,prova2,Ti,posterior_mean,hole,0.14765091699083813,,-11.958099210921402,,278
a14_h14x20_validated_d1,14.0,prova2,Ti,mvp_single,footprint,0.9453191101323547,0.85340436673896,-0.37839495003548773,0.9261758005380246,3466
a14_h14x20_validated_d1,14.0,prova2,Ti,mvp_single,hole,0.0893298326267571,,-10.317581016786317,,278
a14_h14x20_validated_d1,14.0,prova2,Fe,deterministic,footprint,0.9574823079745539,0.8413874052774907,-0.327292229726317,1.0488150511586545,3466
a14_h14x20_validated_d1,14.0,prova2,Fe,deterministic,hole,0.11299065218343743,,-96.13360800161045,,278
a14_h14x20_validated_d1,14.0,prova2,Fe,control_mean,footprint,0.9769331479060654,0.887944970109178,0.8082665021368118,0.9900959779389158,3466
a14_h14x20_validated_d1,14.0,prova2,Fe,control_mean,hole,0.07579914605219149,,-32.598588145116786,,278
a14_h14x20_validated_d1,14.0,prova2,Fe,prior_mean,footprint,0.9750002086160022,0.8865356438493232,0.7992403043826535,0.9991049948013265,3466
a14_h14x20_validated_d1,14.0,prova2,Fe,prior_mean,hole,0.06826402205562782,,-42.68993127665859,,278
a14_h14x20_validated_d1,14.0,prova2,Fe,posterior_mean,footprint,0.975620862447064,0.8878065629693976,0.9243684200334279,0.9970221669270743,3466
a14_h14x20_validated_d1,14.0,prova2,Fe,posterior_mean,hole,0.1179775976334199,,-40.813241664370096,,278
a14_h14x20_validated_d1,14.0,prova2,Fe,mvp_single,footprint,0.9766105985852066,0.8881482714359362,0.374205019890006,0.9937697609368309,3466
a14_h14x20_validated_d1,14.0,prova2,Fe,mvp_single,hole,0.08335512335535217,,-35.44276309418863,,278
a14_h14x20_validated_d1,14.0,prova2,Cu,deterministic,footprint,0.9137507931413715,0.8477521485151389,-1.2949077448858426,1.016937955861185,3466
a14_h14x20_validated_d1,14.0,prova2,Cu,deterministic,hole,0.32214142139932767,,-94.80540729990774,,278
a14_h14x20_validated_d1,14.0,prova2,Cu,control_mean,footprint,0.9490183999848992,0.8644876690729848,-0.9344105927378443,0.9535251758567673,3466
a14_h14x20_validated_d1,14.0,prova2,Cu,control_mean,hole,0.19767434195013073,,-24.509216644042624,,278
a14_h14x20_validated_d1,14.0,prova2,Cu,prior_mean,footprint,0.9482495170350164,0.8621778352724738,-1.1913960107314048,0.9470919078353753,3466
a14_h14x20_validated_d1,14.0,prova2,Cu,prior_mean,hole,0.22410332832503554,,-25.88212541035007,,278
a14_h14x20_validated_d1,14.0,prova2,Cu,posterior_mean,footprint,0.9480145246456994,0.86434604701895,-1.4759051709302584,0.9603009859585855,3466
a14_h14x20_validated_d1,14.0,prova2,Cu,posterior_mean,hole,0.2932947257489223,,-33.73811808518314,,278
a14_h14x20_validated_d1,14.0,prova2,Cu,mvp_single,footprint,0.9540552050293221,0.8660801544188135,-1.4946882962332486,0.9342777378779092,3466
a14_h14x20_validated_d1,14.0,prova2,Cu,mvp_single,hole,0.33704023078701867,,3.352752951117776,,278
a14_h14x20_validated_d1,14.0,prova2,PbLl,deterministic,footprint,0.8136584703266536,0.7468729501369507,-1.7981057688956303,1.0601411902716456,3466
a14_h14x20_validated_d1,14.0,prova2,PbLl,deterministic,hole,0.20359478231142072,,-94.7916642362675,,278
a14_h14x20_validated_d1,14.0,prova2,PbLl,control_mean,footprint,0.9303770819201341,0.8129608123840247,-0.5128285136064337,0.9112965660694999,3466
a14_h14x20_validated_d1,14.0,prova2,PbLl,control_mean,hole,0.3863459741609619,,-0.002904868531626158,,278
a14_h14x20_validated_d1,14.0,prova2,PbLl,prior_mean,footprint,0.927426595809253,0.8091057861798007,-1.6551464761613843,0.9040413345698883,3466
a14_h14x20_validated_d1,14.0,prova2,PbLl,prior_mean,hole,0.3670416872715971,,7.700029788521033,,278
a14_h14x20_validated_d1,14.0,prova2,PbLl,posterior_mean,footprint,0.9285874412471381,0.8092570655440463,-1.0576620666365333,0.9038356500519528,3466
a14_h14x20_validated_d1,14.0,prova2,PbLl,posterior_mean,hole,0.37170059928703225,,4.661885455317687,,278
a14_h14x20_validated_d1,14.0,prova2,PbLl,mvp_single,footprint,0.9214581766340699,0.8074923522284028,-0.34172134342322913,0.9163623741731958,3466
a14_h14x20_validated_d1,14.0,prova2,PbLl,mvp_single,hole,0.3480758418396804,,19.962795115839832,,278
a14_h14x20_validated_d1,14.0,prova2,PbLa,deterministic,footprint,0.7156560906415378,0.8066292669846545,-0.2936442106660886,1.2820002819281846,3466
a14_h14x20_validated_d1,14.0,prova2,PbLa,deterministic,hole,0.2744903663429182,,-94.94697978717369,,278
a14_h14x20_validated_d1,14.0,prova2,PbLa,control_mean,footprint,0.9680950610036247,0.9209287004009135,0.02443192829912899,0.9374506737183197,3466
a14_h14x20_validated_d1,14.0,prova2,PbLa,control_mean,hole,0.60481919029985,,-0.45872398833752115,,278
a14_h14x20_validated_d1,14.0,prova2,PbLa,prior_mean,footprint,0.9656177243786176,0.9166832698839164,-0.07035621783608725,0.930847328103793,3466
a14_h14x20_validated_d1,14.0,prova2,PbLa,prior_mean,hole,0.611502691680079,,1.4527937510864846,,278
a14_h14x20_validated_d1,14.0,prova2,PbLa,posterior_mean,footprint,0.9665253015042774,0.9185823827141626,-0.2949817933681098,0.9339262497693445,3466
a14_h14x20_validated_d1,14.0,prova2,PbLa,posterior_mean,hole,0.6101569015249964,,1.5499951299666292,,278
a14_h14x20_validated_d1,14.0,prova2,PbLa,mvp_single,footprint,0.9548910781672809,0.9223100592331963,0.2744404405162548,0.9519078964394339,3466
a14_h14x20_validated_d1,14.0,prova2,PbLa,mvp_single,hole,0.5987757637578625,,19.219069951071255,,278
a14_h14x20_validated_d1,14.0,prova2,PbLb,deterministic,footprint,0.7096472280816699,0.8037299689690506,-0.46878129786815936,1.288581567369883,3466
a14_h14x20_validated_d1,14.0,prova2,PbLb,deterministic,hole,0.28311594859373623,,-94.98248000401196,,278
a14_h14x20_validated_d1,14.0,prova2,PbLb,control_mean,footprint,0.9671880226156547,0.9198905516022612,0.0766138344488354,0.9333108366164935,3466
a14_h14x20_validated_d1,14.0,prova2,PbLb,control_mean,hole,0.6417573835874941,,-0.9228297819796163,,278
a14_h14x20_validated_d1,14.0,prova2,PbLb,prior_mean,footprint,0.964774790737284,0.9156129017233952,0.0054006044286625254,0.9278868167653885,3466
a14_h14x20_validated_d1,14.0,prova2,PbLb,prior_mean,hole,0.6474153375363269,,0.8044259080124089,,278
a14_h14x20_validated_d1,14.0,prova2,PbLb,posterior_mean,footprint,0.9657343621638897,0.9170964854041715,-0.5325432118083118,0.929127511524585,3466
a14_h14x20_validated_d1,14.0,prova2,PbLb,posterior_mean,hole,0.6466835366349695,,0.6117832218388211,,278
a14_h14x20_validated_d1,14.0,prova2,PbLb,mvp_single,footprint,0.9552968209004057,0.9218000527459151,0.27647626710842754,0.9479623698884881,3466
a14_h14x20_validated_d1,14.0,prova2,PbLb,mvp_single,hole,0.6406597023489667,,19.1501378533074,,278
a14_h14x20_validated_d1,14.0,prova2,PbLg,deterministic,footprint,0.7003392472620742,0.7636218283785855,-0.6205714283184616,1.2931926317365534,3466
a14_h14x20_validated_d1,14.0,prova2,PbLg,deterministic,hole,0.2576674691785871,,-94.95710177829694,,278
a14_h14x20_validated_d1,14.0,prova2,PbLg,control_mean,footprint,0.9522088792676457,0.8728171155926515,0.32239227534063275,0.9229847596636073,3466
a14_h14x20_validated_d1,14.0,prova2,PbLg,control_mean,hole,0.6152135066507799,,1.5248901304307052,,278
a14_h14x20_validated_d1,14.0,prova2,PbLg,prior_mean,footprint,0.9490214541367817,0.8678388109440979,0.19441790589245223,0.9142737425214738,3466
a14_h14x20_validated_d1,14.0,prova2,PbLg,prior_mean,hole,0.623882735394408,,4.075375036976939,,278
a14_h14x20_validated_d1,14.0,prova2,PbLg,posterior_mean,footprint,0.9507071095831173,0.870735838516471,0.3557799821601426,0.9181191320943551,3466
a14_h14x20_validated_d1,14.0,prova2,PbLg,posterior_mean,hole,0.6240453410461808,,3.5099583760791937,,278
a14_h14x20_validated_d1,14.0,prova2,PbLg,mvp_single,footprint,0.9276414594121565,0.8692552375724415,0.5468250687250542,0.945233940738617,3466
a14_h14x20_validated_d1,14.0,prova2,PbLg,mvp_single,hole,0.6021653564415028,,25.873527144807163,,278
a20_h0x0_validated_d1,20.0,prova2,Ca,deterministic,footprint,0.9813573933419211,0.9535779135329836,0.2904054703203762,0.921551486895102,3466
a20_h0x0_validated_d1,20.0,prova2,Ca,control_mean,footprint,0.9909465075979977,0.9755626134351086,0.17667367651061916,0.9553756897521593,3466
a20_h0x0_validated_d1,20.0,prova2,Ca,prior_mean,footprint,0.9889729376060789,0.9719979720008657,1.115957861796013,0.9491910162503959,3466
a20_h0x0_validated_d1,20.0,prova2,Ca,posterior_mean,footprint,0.9893939667160443,0.9709557141117793,-1.2286057019342822,0.9572652482693669,3466
a20_h0x0_validated_d1,20.0,prova2,Ca,mvp_single,footprint,0.9905934486920027,0.9754538272023056,0.12554009285974388,0.9602050056501427,3466
a20_h0x0_validated_d1,20.0,prova2,Ti,deterministic,footprint,0.9628936217890628,0.9117357502375151,0.4376577689078509,0.8977437773721066,3466
a20_h0x0_validated_d1,20.0,prova2,Ti,control_mean,footprint,0.9727780878868334,0.9317275798570106,0.26494426684748884,0.9353220867155638,3466
a20_h0x0_validated_d1,20.0,prova2,Ti,prior_mean,footprint,0.9708284134509142,0.928065980592545,0.8421205043814606,0.9278947943706858,3466
a20_h0x0_validated_d1,20.0,prova2,Ti,posterior_mean,footprint,0.9708654342435296,0.9270920747431218,-0.7019048077740786,0.9355044405639587,3466
a20_h0x0_validated_d1,20.0,prova2,Ti,mvp_single,footprint,0.9715332911540894,0.9299691346947104,-0.0909365806800233,0.9377506068014912,3466
a20_h0x0_validated_d1,20.0,prova2,Fe,deterministic,footprint,0.9914447099754888,0.9575457464927041,1.3343843114056897,0.9618016723547146,3466
a20_h0x0_validated_d1,20.0,prova2,Fe,control_mean,footprint,0.9946103195400674,0.9659749122241029,0.976857805384479,0.9754515017212986,3466
a20_h0x0_validated_d1,20.0,prova2,Fe,prior_mean,footprint,0.9940158382466374,0.9642303900971969,1.0187592657517675,0.975603582578178,3466
a20_h0x0_validated_d1,20.0,prova2,Fe,posterior_mean,footprint,0.9940888540274176,0.9648288583255378,1.341660717983606,0.9747390592104177,3466
a20_h0x0_validated_d1,20.0,prova2,Fe,mvp_single,footprint,0.9946379316380529,0.9649718965647348,0.5944852716802451,0.9770763479602576,3466
a20_h0x0_validated_d1,20.0,prova2,Cu,deterministic,footprint,0.9829319733808553,0.9462789478825163,-0.09742901467171272,0.9391951260734114,3466
a20_h0x0_validated_d1,20.0,prova2,Cu,control_mean,footprint,0.990486091349094,0.9669817528498912,0.04346371231207513,0.9687769493943595,3466
a20_h0x0_validated_d1,20.0,prova2,Cu,prior_mean,footprint,0.9892237951537033,0.9626207553730909,-0.5526074650366586,0.9621533285054844,3466
a20_h0x0_validated_d1,20.0,prova2,Cu,posterior_mean,footprint,0.9888537610815421,0.9619883863502943,-0.5956591376915732,0.9650638281329043,3466
a20_h0x0_validated_d1,20.0,prova2,Cu,mvp_single,footprint,0.9905797882092536,0.9644834184904756,-0.5931457528217776,0.9764175922396744,3466
a20_h0x0_validated_d1,20.0,prova2,PbLl,deterministic,footprint,0.9571198729575958,0.8618245605851178,0.05040277520320657,0.9049892458296378,3466
a20_h0x0_validated_d1,20.0,prova2,PbLl,control_mean,footprint,0.964835155061508,0.8832067171440848,-0.0595363009209815,0.9408219376873826,3466
a20_h0x0_validated_d1,20.0,prova2,PbLl,prior_mean,footprint,0.9635776137896305,0.8789893319982072,-1.9311774099048828,0.9404042928559861,3466
a20_h0x0_validated_d1,20.0,prova2,PbLl,posterior_mean,footprint,0.9634826983485437,0.8787154729752735,-0.9207194620963088,0.9375905994140638,3466
a20_h0x0_validated_d1,20.0,prova2,PbLl,mvp_single,footprint,0.9635104851178521,0.8795609147528908,-0.06466053983547049,0.9469865618118405,3466
a20_h0x0_validated_d1,20.0,prova2,PbLa,deterministic,footprint,0.9864064679611485,0.9611442786857111,0.18343726488945222,0.9310914521590534,3466
a20_h0x0_validated_d1,20.0,prova2,PbLa,control_mean,footprint,0.9950144291178287,0.983538913318838,0.027990123872356776,0.9653135957682855,3466
a20_h0x0_validated_d1,20.0,prova2,PbLa,prior_mean,footprint,0.9933477732387324,0.9795433363570297,-0.1802733101666787,0.9618103332355,3466
a20_h0x0_validated_d1,20.0,prova2,PbLa,posterior_mean,footprint,0.993339680993038,0.9790424750250086,-0.35948638947806977,0.9626919763752704,3466
a20_h0x0_validated_d1,20.0,prova2,PbLa,mvp_single,footprint,0.9948172450428785,0.9831427306745357,0.11207410807598794,0.9667476713583584,3466
a20_h0x0_validated_d1,20.0,prova2,PbLb,deterministic,footprint,0.9858462570569066,0.9583175902475468,0.1197389959673778,0.9290253599473648,3466
a20_h0x0_validated_d1,20.0,prova2,PbLb,control_mean,footprint,0.9942522651239113,0.9803901742476329,0.03019721971866396,0.963468428777494,3466
a20_h0x0_validated_d1,20.0,prova2,PbLb,prior_mean,footprint,0.9926560252680748,0.9766636147003096,-0.01949361636073288,0.9606171293365212,3466
a20_h0x0_validated_d1,20.0,prova2,PbLb,posterior_mean,footprint,0.9926813518153886,0.97597304692479,-0.6877222190458943,0.9601561630543619,3466
a20_h0x0_validated_d1,20.0,prova2,PbLb,mvp_single,footprint,0.9940550405113331,0.9801294517213157,0.05563221611504243,0.9651253881893469,3466
a20_h0x0_validated_d1,20.0,prova2,PbLg,deterministic,footprint,0.9711977379479029,0.9099689746506672,0.20057351307314342,0.9187903429579636,3466
a20_h0x0_validated_d1,20.0,prova2,PbLg,control_mean,footprint,0.9794152617550236,0.9315530618659755,0.2662760592473834,0.9539801960007537,3466
a20_h0x0_validated_d1,20.0,prova2,PbLg,prior_mean,footprint,0.9775202628504063,0.9270515540664274,0.05670564362927344,0.9481960490998386,3466
a20_h0x0_validated_d1,20.0,prova2,PbLg,posterior_mean,footprint,0.9779401073244518,0.9276561999702354,0.3656585510695809,0.9488395294014292,3466
a20_h0x0_validated_d1,20.0,prova2,PbLg,mvp_single,footprint,0.9791223948120302,0.9307415025880432,-0.026604743613778403,0.9567170045848692,3466
a20_h14x20_validated_d1,20.0,prova2,Ca,deterministic,footprint,0.763828716917983,0.8298372213392673,-0.488718394814347,1.153539047834402,3466
a20_h14x20_validated_d1,20.0,prova2,Ca,deterministic,hole,-0.05105118460407761,,-96.82743754260618,,278
a20_h14x20_validated_d1,20.0,prova2,Ca,control_mean,footprint,0.9467385734403503,0.8904545161039917,-0.04854688087674308,0.9265676764911734,3466
a20_h14x20_validated_d1,20.0,prova2,Ca,control_mean,hole,0.1781566819644928,,-14.938763489340886,,278
a20_h14x20_validated_d1,20.0,prova2,Ca,prior_mean,footprint,0.9431618096482023,0.8854287971863019,0.8749063163627557,0.9197479025137208,3466
a20_h14x20_validated_d1,20.0,prova2,Ca,prior_mean,hole,-0.04843037888233888,,-13.38969547625765,,278
a20_h14x20_validated_d1,20.0,prova2,Ca,posterior_mean,footprint,0.9403366611071725,0.8854811528127283,-1.5072465692067327,0.9357730901593927,3466
a20_h14x20_validated_d1,20.0,prova2,Ca,posterior_mean,hole,0.02210745101535711,,-20.925684119702787,,278
a20_h14x20_validated_d1,20.0,prova2,Ca,mvp_single,footprint,0.9502735997827676,0.9005703106152372,-0.10424624534087767,0.9408662952328744,3466
a20_h14x20_validated_d1,20.0,prova2,Ca,mvp_single,hole,0.5264434844746329,,-19.623899388802887,,278
a20_h14x20_validated_d1,20.0,prova2,Ti,deterministic,footprint,0.6753800744345342,0.7780819811519691,-0.48887517389618607,1.25781995535505,3466
a20_h14x20_validated_d1,20.0,prova2,Ti,deterministic,hole,-0.05060513718396133,,-96.1564042271595,,278
a20_h14x20_validated_d1,20.0,prova2,Ti,control_mean,footprint,0.9502695546876218,0.8626590736437798,-0.05962897365456854,0.9235737637740783,3466
a20_h14x20_validated_d1,20.0,prova2,Ti,control_mean,hole,0.2730216205698834,,-10.046982269495198,,278
a20_h14x20_validated_d1,20.0,prova2,Ti,prior_mean,footprint,0.9472094499909455,0.8581662517889114,0.5592323082126871,0.9147211788377734,3466
a20_h14x20_validated_d1,20.0,prova2,Ti,prior_mean,hole,0.07656922554619451,,-8.136818098531615,,278
a20_h14x20_validated_d1,20.0,prova2,Ti,posterior_mean,footprint,0.9463583752906776,0.8575044632845469,-1.044459003558884,0.924279045285376,3466
a20_h14x20_validated_d1,20.0,prova2,Ti,posterior_mean,hole,0.15051929334949601,,-12.08704449555035,,278
a20_h14x20_validated_d1,20.0,prova2,Ti,mvp_single,footprint,0.9461642487360301,0.8550586259856932,-0.39571901505047746,0.9251191467492176,3466
a20_h14x20_validated_d1,20.0,prova2,Ti,mvp_single,hole,0.11339417724079333,,-10.205646537558856,,278
a20_h14x20_validated_d1,20.0,prova2,Fe,deterministic,footprint,0.9574814977545825,0.8413793991495384,-0.32712911577541526,1.0488167178386358,3466
a20_h14x20_validated_d1,20.0,prova2,Fe,deterministic,hole,0.11299085188248947,,-96.13356898513331,,278
a20_h14x20_validated_d1,20.0,prova2,Fe,control_mean,footprint,0.976901090708027,0.8877531175206805,0.7885096652732626,0.9901916352160084,3466
a20_h14x20_validated_d1,20.0,prova2,Fe,control_mean,hole,0.07178291450369073,,-32.60789985299677,,278
a20_h14x20_validated_d1,20.0,prova2,Fe,prior_mean,footprint,0.9751844560586798,0.8866954517908627,0.8117188332699365,0.9987499072155624,3466
a20_h14x20_validated_d1,20.0,prova2,Fe,prior_mean,hole,0.07415086486065695,,-41.720782825592764,,278
a20_h14x20_validated_d1,20.0,prova2,Fe,posterior_mean,footprint,0.9755968534861098,0.8876384212862835,1.0343662424237454,0.9970618828672186,3466
a20_h14x20_validated_d1,20.0,prova2,Fe,posterior_mean,hole,0.1178951045554568,,-40.826367783228015,,278
a20_h14x20_validated_d1,20.0,prova2,Fe,mvp_single,footprint,0.9766205933178385,0.888270584957784,0.40645662047835707,0.9940077858026029,3466
a20_h14x20_validated_d1,20.0,prova2,Fe,mvp_single,hole,0.08867440377256787,,-35.49729722561673,,278
a20_h14x20_validated_d1,20.0,prova2,Cu,deterministic,footprint,0.9137306264087905,0.8476938847999446,-1.308637789605771,1.016973980283178,3466
a20_h14x20_validated_d1,20.0,prova2,Cu,deterministic,hole,0.3221329411542947,,-94.80555743732421,,278
a20_h14x20_validated_d1,20.0,prova2,Cu,control_mean,footprint,0.9488369524415552,0.864126924860435,-0.9050721232153558,0.9531538757117131,3466
a20_h14x20_validated_d1,20.0,prova2,Cu,control_mean,hole,0.1890610875861764,,-24.264081815377345,,278
a20_h14x20_validated_d1,20.0,prova2,Cu,prior_mean,footprint,0.9480870336700256,0.8620290004540768,-1.2862619575455314,0.9480586084542492,3466
a20_h14x20_validated_d1,20.0,prova2,Cu,prior_mean,hole,0.2195559602121969,,-26.268711734185853,,278
a20_h14x20_validated_d1,20.0,prova2,Cu,posterior_mean,footprint,0.9476363705390203,0.8641160682323777,-1.571983587358905,0.9614135451370808,3466
a20_h14x20_validated_d1,20.0,prova2,Cu,posterior_mean,hole,0.2906847140777467,,-34.85499046782724,,278
a20_h14x20_validated_d1,20.0,prova2,Cu,mvp_single,footprint,0.954143161247117,0.866383163973884,-1.5352809513566434,0.9341963382907972,3466
a20_h14x20_validated_d1,20.0,prova2,Cu,mvp_single,hole,0.34177808699583223,,3.5399505163878295,,278
a20_h14x20_validated_d1,20.0,prova2,PbLl,deterministic,footprint,0.8136916652299494,0.7469867827545064,-1.7977861762197511,1.0600953792582009,3466
a20_h14x20_validated_d1,20.0,prova2,PbLl,deterministic,hole,0.20359317836344842,,-94.79169571087166,,278
a20_h14x20_validated_d1,20.0,prova2,PbLl,control_mean,footprint,0.9304254637998934,0.8130960415850458,-0.4990983498174506,0.9111062041297732,3466
a20_h14x20_validated_d1,20.0,prova2,PbLl,control_mean,hole,0.3859987804810302,,0.15710003135763906,,278
a20_h14x20_validated_d1,20.0,prova2,PbLl,prior_mean,footprint,0.9273841072890694,0.8088960693575943,-2.006516307395556,0.9052845571599694,3466
a20_h14x20_validated_d1,20.0,prova2,PbLl,prior_mean,hole,0.36223123014730774,,7.504916659819672,,278
a20_h14x20_validated_d1,20.0,prova2,PbLl,posterior_mean,footprint,0.9287115651645401,0.8091745981261615,-1.3689471302626544,0.9051020675164755,3466
a20_h14x20_validated_d1,20.0,prova2,PbLl,posterior_mean,hole,0.3724883658624999,,3.9752259543640336,,278
a20_h14x20_validated_d1,20.0,prova2,PbLl,mvp_single,footprint,0.9216099511386676,0.807552572907114,-0.27299002427674246,0.9145913826830624,3466
a20_h14x20_validated_d1,20.0,prova2,PbLl,mvp_single,hole,0.3505942846831705,,20.33015391508726,,278
a20_h14x20_validated_d1,20.0,prova2,PbLa,deterministic,footprint,0.7156555277738023,0.8065937526348974,-0.29412827724655255,1.2820202679346864,3466
a20_h14x20_validated_d1,20.0,prova2,PbLa,deterministic,hole,0.27448146536571216,,-94.9469755578716,,278
a20_h14x20_validated_d1,20.0,prova2,PbLa,control_mean,footprint,0.9680975655706403,0.9209983406903134,0.03375731772068402,0.9375219541041186,3466
a20_h14x20_validated_d1,20.0,prova2,PbLa,control_mean,hole,0.6041704487053762,,-0.36853188368491285,,278
a20_h14x20_validated_d1,20.0,prova2,PbLa,prior_mean,footprint,0.9653848235956453,0.9163654002534102,-0.17362650742700492,0.9304065626025682,3466
a20_h14x20_validated_d1,20.0,prova2,PbLa,prior_mean,hole,0.6053560397550488,,1.7182160737709198,,278
a20_h14x20_validated_d1,20.0,prova2,PbLa,posterior_mean,footprint,0.9665869622713528,0.9181648914496097,-0.4304297601547491,0.9338669294040189,3466
a20_h14x20_validated_d1,20.0,prova2,PbLa,posterior_mean,hole,0.6105453248119551,,0.8798819512417693,,278
a20_h14x20_validated_d1,20.0,prova2,PbLa,mvp_single,footprint,0.9547975229856995,0.9218856412745332,0.2781371838967983,0.9502319135669883,3466
a20_h14x20_validated_d1,20.0,prova2,PbLa,mvp_single,hole,0.6030707900957226,,19.576229024947164,,278
a20_h14x20_validated_d1,20.0,prova2,PbLb,deterministic,footprint,0.7096344193081489,0.8036619451170257,-0.468107378726379,1.2885914986486453,3466
a20_h14x20_validated_d1,20.0,prova2,PbLb,deterministic,hole,0.2831108367592373,,-94.98278415027094,,278
a20_h14x20_validated_d1,20.0,prova2,PbLb,control_mean,footprint,0.967198212561519,0.9199463589107031,0.0708229455511189,0.9333402065854232,3466
a20_h14x20_validated_d1,20.0,prova2,PbLb,control_mean,hole,0.6412329031289861,,-0.8410554013854207,,278
a20_h14x20_validated_d1,20.0,prova2,PbLb,prior_mean,footprint,0.9646072189830777,0.9153966170881206,0.004415657728262801,0.9277855392892028,3466
a20_h14x20_validated_d1,20.0,prova2,PbLb,prior_mean,hole,0.6422854784976707,,1.0411758184758382,,278
a20_h14x20_validated_d1,20.0,prova2,PbLb,posterior_mean,footprint,0.9657483431689211,0.9166580341762806,-0.7247990633490131,0.9294315736081841,3466
a20_h14x20_validated_d1,20.0,prova2,PbLb,posterior_mean,hole,0.647156386793058,,-0.027306077190042553,,278
a20_h14x20_validated_d1,20.0,prova2,PbLb,mvp_single,footprint,0.955200905796106,0.921389851358176,0.27017707677603475,0.9462028844757968,3466
a20_h14x20_validated_d1,20.0,prova2,PbLb,mvp_single,hole,0.6460451696911954,,19.50662895981539,,278
a20_h14x20_validated_d1,20.0,prova2,PbLg,deterministic,footprint,0.7002830851248094,0.7633296842784618,-0.6246261100379291,1.2932711358048357,3466
a20_h14x20_validated_d1,20.0,prova2,PbLg,deterministic,hole,0.2576590706862667,,-94.95711184285618,,278
a20_h14x20_validated_d1,20.0,prova2,PbLg,control_mean,footprint,0.9520955485574539,0.8725863792351399,0.334018452831053,0.9231380318527168,3466
a20_h14x20_validated_d1,20.0,prova2,PbLg,control_mean,hole,0.6144114996443063,,1.6187657633360142,,278
a20_h14x20_validated_d1,20.0,prova2,PbLg,prior_mean,footprint,0.9486716407014962,0.8672831744088976,0.1209625077851717,0.913993948995552,3466
a20_h14x20_validated_d1,20.0,prova2,PbLg,prior_mean,hole,0.6182863326757702,,4.299450657517872,,278
a20_h14x20_validated_d1,20.0,prova2,PbLg,posterior_mean,footprint,0.9507477989795532,0.8701823615348049,0.36750807671621644,0.9177510719192541,3466
a20_h14x20_validated_d1,20.0,prova2,PbLg,posterior_mean,hole,0.6249412451211129,,2.9072082834765243,,278
a20_h14x20_validated_d1,20.0,prova2,PbLg,mvp_single,footprint,0.9272246080416243,0.8684567715739561,0.553493670204297,0.9435801320597286,3466
a20_h14x20_validated_d1,20.0,prova2,PbLg,mvp_single,hole,0.6066219553932639,,26.281493921394674,,278
a25_h0x0_validated_d1,25.0,prova2,Ca,deterministic,footprint,0.9814084243346973,0.9537288661665778,0.28447516613314683,0.9215164140166647,3466
a25_h0x0_validated_d1,25.0,prova2,Ca,control_mean,footprint,0.9909809967274003,0.9756903952491619,0.1647106000583154,0.9553579898851653,3466
a25_h0x0_validated_d1,25.0,prova2,Ca,prior_mean,footprint,0.9888700912427394,0.9718906057833767,1.3201982346143337,0.9479563609683183,3466
a25_h0x0_validated_d1,25.0,prova2,Ca,posterior_mean,footprint,0.9893499823192747,0.9707705958828236,-1.4737003359337142,0.9580010856739165,3466
a25_h0x0_validated_d1,25.0,prova2,Ca,mvp_single,footprint,0.9906121792381323,0.975529662267357,0.12350481464880048,0.9595919954654848,3466
a25_h0x0_validated_d1,25.0,prova2,Ti,deterministic,footprint,0.9632136997910264,0.9123605834124086,0.44215724908143184,0.8974581769346878,3466
a25_h0x0_validated_d1,25.0,prova2,Ti,control_mean,footprint,0.9730950327649313,0.932382029698406,0.23263199511740495,0.9351068624643006,3466
a25_h0x0_validated_d1,25.0,prova2,Ti,prior_mean,footprint,0.9710462610432591,0.9285649955363161,0.9126768755933323,0.9270023173703825,3466
a25_h0x0_validated_d1,25.0,prova2,Ti,posterior_mean,footprint,0.9711014391895605,0.9275388607428984,-0.8679642594376924,0.9362497653428861,3466
a25_h0x0_validated_d1,25.0,prova2,Ti,mvp_single,footprint,0.9718672861761727,0.9305911649934718,-0.07786117790169467,0.9366923978711921,3466
a25_h0x0_validated_d1,25.0,prova2,Fe,deterministic,footprint,0.9914438918183173,0.9575383953911378,1.333757067117558,0.9618029023921406,3466
a25_h0x0_validated_d1,25.0,prova2,Fe,control_mean,footprint,0.9946120238896763,0.9659707635149298,0.9779567531756683,0.9754915926720086,3466
a25_h0x0_validated_d1,25.0,prova2,Fe,prior_mean,footprint,0.9939778503783187,0.9641832789550298,0.889093797428897,0.9763898704271501,3466
a25_h0x0_validated_d1,25.0,prova2,Fe,posterior_mean,footprint,0.9940568226696332,0.9647484178723877,1.451966704417651,0.9746966021867666,3466
a25_h0x0_validated_d1,25.0,prova2,Fe,mvp_single,footprint,0.9946260527783837,0.9649587360839962,0.6801670635967483,0.9772363251486659,3466
a25_h0x0_validated_d1,25.0,prova2,Cu,deterministic,footprint,0.9829114124662374,0.9462232353992331,-0.09476410292543758,0.9392218590634865,3466
a25_h0x0_validated_d1,25.0,prova2,Cu,control_mean,footprint,0.990433307565715,0.96682720288789,0.09895992118247321,0.9686064368346198,3466
a25_h0x0_validated_d1,25.0,prova2,Cu,prior_mean,footprint,0.989173200533058,0.9624858246717963,-0.5556618003375147,0.9626083320345218,3466
a25_h0x0_validated_d1,25.0,prova2,Cu,posterior_mean,footprint,0.9887477340294478,0.9616067433485284,-0.6243432822982342,0.9647392792274138,3466
a25_h0x0_validated_d1,25.0,prova2,Cu,mvp_single,footprint,0.9905532852842382,0.9645114820531341,-0.6113741688786201,0.9767237011187252,3466
a25_h0x0_validated_d1,25.0,prova2,PbLl,deterministic,footprint,0.9571608615975314,0.8619349891888034,0.04979409374863408,0.9049503465527482,3466
a25_h0x0_validated_d1,25.0,prova2,PbLl,control_mean,footprint,0.9648555089362251,0.8832629878714668,-0.0646518198905488,0.9405437794492866,3466
a25_h0x0_validated_d1,25.0,prova2,PbLl,prior_mean,footprint,0.9636096055052648,0.8788014570082897,-2.1488022343208346,0.940918655577902,3466
a25_h0x0_validated_d1,25.0,prova2,PbLl,posterior_mean,footprint,0.9634490297080365,0.8784383796695533,-1.1321382423011506,0.9383438794638338,3466
a25_h0x0_validated_d1,25.0,prova2,PbLl,mvp_single,footprint,0.9635382582342439,0.8796419229968225,-0.09369116149655632,0.9461321283069234,3466
a25_h0x0_validated_d1,25.0,prova2,PbLa,deterministic,footprint,0.9863964074802138,0.9611090243178182,0.18476832731995074,0.9311100422863571,3466
a25_h0x0_validated_d1,25.0,prova2,PbLa,control_mean,footprint,0.9949835025561022,0.983451533637077,0.030188195030689258,0.9652529856609315,3466
a25_h0x0_validated_d1,25.0,prova2,PbLa,prior_mean,footprint,0.9932807823119288,0.9792377555830635,-0.26941691529900336,0.9610349668751575,3466
a25_h0x0_validated_d1,25.0,prova2,PbLa,posterior_mean,footprint,0.9932371874878464,0.97863598238788,-0.4431244030349557,0.9620494997482109,3466
a25_h0x0_validated_d1,25.0,prova2,PbLa,mvp_single,footprint,0.9947747956285911,0.9829834368823239,0.10182346654006302,0.9661800447435771,3466
a25_h0x0_validated_d1,25.0,prova2,PbLb,deterministic,footprint,0.9858299502308628,0.958255492589676,0.11511946573627974,0.9290317780822943,3466
a25_h0x0_validated_d1,25.0,prova2,PbLb,control_mean,footprint,0.9942137193327828,0.9802712714902946,0.027909723304508915,0.963382394447582,3466
a25_h0x0_validated_d1,25.0,prova2,PbLb,prior_mean,footprint,0.9925818501934626,0.9764175902353667,-0.03273236687906245,0.9599337365969294,3466
a25_h0x0_validated_d1,25.0,prova2,PbLb,posterior_mean,footprint,0.9925663178305406,0.9754995279808695,-0.828893811820719,0.9596817428288874,3466
a25_h0x0_validated_d1,25.0,prova2,PbLb,mvp_single,footprint,0.9940036475371071,0.9799345510850056,0.03852310660601432,0.9645030065484437,3466
a25_h0x0_validated_d1,25.0,prova2,PbLg,deterministic,footprint,0.971096982210899,0.9096926625374177,0.20399522421428173,0.9188707009752343,3466
a25_h0x0_validated_d1,25.0,prova2,PbLg,control_mean,footprint,0.9793008390140652,0.9312323474418623,0.2597827395465657,0.9539976165490657,3466
a25_h0x0_validated_d1,25.0,prova2,PbLg,prior_mean,footprint,0.9773777539962452,0.9265586248351751,-0.027285356868622657,0.9475412865809884,3466
a25_h0x0_validated_d1,25.0,prova2,PbLg,posterior_mean,footprint,0.9777311450416161,0.9270042873904509,0.4208983358618079,0.9476191236932923,3466
a25_h0x0_validated_d1,25.0,prova2,PbLg,mvp_single,footprint,0.9789798155061191,0.9302926082765934,0.005140875229558972,0.9561431499510108,3466
a25_h14x20_validated_d1,25.0,prova2,Ca,deterministic,footprint,0.7638600876959124,0.8299714726366544,-0.4830159720888183,1.15350096301379,3466
a25_h14x20_validated_d1,25.0,prova2,Ca,deterministic,hole,-0.05108413090787268,,-96.8270685494445,,278
a25_h14x20_validated_d1,25.0,prova2,Ca,control_mean,footprint,0.9467586215226403,0.8905463323126305,-0.0495114782607442,0.9265254238855675,3466
a25_h14x20_validated_d1,25.0,prova2,Ca,control_mean,hole,0.17508026162262866,,-14.929461138612307,,278
a25_h14x20_validated_d1,25.0,prova2,Ca,prior_mean,footprint,0.9433248881571115,0.8853002456218602,1.0483550349968285,0.9181330780694359,3466
a25_h14x20_validated_d1,25.0,prova2,Ca,prior_mean,hole,-0.046386175905025626,,-12.842870438862164,,278
a25_h14x20_validated_d1,25.0,prova2,Ca,posterior_mean,footprint,0.9402527416580415,0.8852167650318024,-1.7436483204672726,0.9365042516265558,3466
a25_h14x20_validated_d1,25.0,prova2,Ca,posterior_mean,hole,0.01812947653528388,,-21.129482301418772,,278
a25_h14x20_validated_d1,25.0,prova2,Ca,mvp_single,footprint,0.9502819856278306,0.9008691780221654,-0.08809073819022739,0.9404255607147991,3466
a25_h14x20_validated_d1,25.0,prova2,Ca,mvp_single,hole,0.5293467733992261,,-19.720431957794087,,278
a25_h14x20_validated_d1,25.0,prova2,Ti,deterministic,footprint,0.6755089716891702,0.7786099767914983,-0.47380833455421545,1.2575923297496103,3466
a25_h14x20_validated_d1,25.0,prova2,Ti,deterministic,hole,-0.05052389879597063,,-96.15785352568777,,278
a25_h14x20_validated_d1,25.0,prova2,Ti,control_mean,footprint,0.9506735830383632,0.8634163582103381,-0.04453185126163106,0.9233645520774483,3466
a25_h14x20_validated_d1,25.0,prova2,Ti,control_mean,hole,0.27749761898491837,,-10.02154692705455,,278
a25_h14x20_validated_d1,25.0,prova2,Ti,prior_mean,footprint,0.947896172160033,0.8588357275970064,0.5782242619924327,0.9134526825643222,3466
a25_h14x20_validated_d1,25.0,prova2,Ti,prior_mean,hole,0.08093459193047599,,-7.497541734467598,,278
a25_h14x20_validated_d1,25.0,prova2,Ti,posterior_mean,footprint,0.9463975650968827,0.8578546719886337,-1.250326911176347,0.9253142484120893,3466
a25_h14x20_validated_d1,25.0,prova2,Ti,posterior_mean,hole,0.14915416062469156,,-12.444982458415375,,278
a25_h14x20_validated_d1,25.0,prova2,Ti,mvp_single,footprint,0.9466531510731069,0.8562926914902391,-0.39307690720514765,0.9243016142688736,3466
a25_h14x20_validated_d1,25.0,prova2,Ti,mvp_single,hole,0.13046717469702832,,-10.27794707635174,,278
a25_h14x20_validated_d1,25.0,prova2,Fe,deterministic,footprint,0.9574808219038822,0.8413727210311912,-0.32673389581706624,1.0488181075488345,3466
a25_h14x20_validated_d1,25.0,prova2,Fe,deterministic,hole,0.11299101833507834,,-96.13353645061751,,278
a25_h14x20_validated_d1,25.0,prova2,Fe,control_mean,footprint,0.9768689509599551,0.8875903319587076,0.7789874284834131,0.9902846086445106,3466
a25_h14x20_validated_d1,25.0,prova2,Fe,control_mean,hole,0.06854240241147505,,-32.64088397691452,,278
a25_h14x20_validated_d1,25.0,prova2,Fe,prior_mean,footprint,0.9752908997489296,0.8867470176756674,0.7106696770347032,0.9989177508376331,3466
a25_h14x20_validated_d1,25.0,prova2,Fe,prior_mean,hole,0.07757456796838004,,-41.075656482860644,,278
a25_h14x20_validated_d1,25.0,prova2,Fe,posterior_mean,footprint,0.975540856822521,0.8875033187945908,1.0949614743011038,0.9973164068175423,3466
a25_h14x20_validated_d1,25.0,prova2,Fe,posterior_mean,hole,0.11943036022416928,,-41.00973820305538,,278
a25_h14x20_validated_d1,25.0,prova2,Fe,mvp_single,footprint,0.9765998437557083,0.8884068202295821,0.4296389885423135,0.9943487875527254,3466
a25_h14x20_validated_d1,25.0,prova2,Fe,mvp_single,hole,0.09309843502500313,,-35.68708977335035,,278
a25_h14x20_validated_d1,25.0,prova2,Cu,deterministic,footprint,0.9137136477835434,0.847644811895333,-1.298072732071609,1.0170042286703698,3466
a25_h14x20_validated_d1,25.0,prova2,Cu,deterministic,hole,0.32212581761447556,,-94.80568339416156,,278
a25_h14x20_validated_d1,25.0,prova2,Cu,control_mean,footprint,0.9486494259555877,0.8637557020012655,-0.8693386833600325,0.9528271140691477,3466
a25_h14x20_validated_d1,25.0,prova2,Cu,control_mean,hole,0.18119904678495927,,-24.1136983825395,,278
a25_h14x20_validated_d1,25.0,prova2,Cu,prior_mean,footprint,0.9478804486836019,0.8618061458990296,-1.3189340292375507,0.948985995658043,3466
a25_h14x20_validated_d1,25.0,prova2,Cu,prior_mean,hole,0.2167519054119438,,-26.899017623210234,,278
a25_h14x20_validated_d1,25.0,prova2,Cu,posterior_mean,footprint,0.9472309962766086,0.8638000218818536,-1.5927876855931666,0.9621167268124351,3466
a25_h14x20_validated_d1,25.0,prova2,Cu,posterior_mean,hole,0.2868581639252139,,-35.81841365155026,,278
a25_h14x20_validated_d1,25.0,prova2,Cu,mvp_single,footprint,0.9541450079424378,0.8664799309844761,-1.5432662697533406,0.9343454152330077,3466
a25_h14x20_validated_d1,25.0,prova2,Cu,mvp_single,hole,0.34286273418459084,,3.5781376052276106,,278
a25_h14x20_validated_d1,25.0,prova2,PbLl,deterministic,footprint,0.8137192408828423,0.7470813891714001,-1.7902810336396513,1.0600573360036811,3466
a25_h14x20_validated_d1,25.0,prova2,PbLl,deterministic,hole,0.20359184120045945,,-94.79172189285595,,278
a25_h14x20_validated_d1,25.0,prova2,PbLl,control_mean,footprint,0.9304678981760903,0.8131743992565164,-0.48060303958381567,0.9109554541519265,3466
a25_h14x20_validated_d1,25.0,prova2,PbLl,control_mean,hole,0.3858684776060361,,0.2569348172497579,,278
a25_h14x20_validated_d1,25.0,prova2,PbLl,prior_mean,footprint,0.9274090516607325,0.8085708289443256,-2.1965807750946365,0.9060994973749849,3466
a25_h14x20_validated_d1,25.0,prova2,PbLl,prior_mean,hole,0.35811224911971484,,6.892653434159364,,278
a25_h14x20_validated_d1,25.0,prova2,PbLl,posterior_mean,footprint,0.9288066864024845,0.808962113051694,-1.688429941540892,0.906203075583724,3466
a25_h14x20_validated_d1,25.0,prova2,PbLl,posterior_mean,hole,0.3728139156716407,,3.059614722008286,,278
a25_h14x20_validated_d1,25.0,prova2,PbLl,mvp_single,footprint,0.9217130848353756,0.8075908584693681,-0.2752971516900349,0.9133361814359507,3466
a25_h14x20_validated_d1,25.0,prova2,PbLl,mvp_single,hole,0.3520899962718435,,20.52748542587059,,278
a25_h14x20_validated_d1,25.0,prova2,PbLa,deterministic,footprint,0.715655012136642,0.8065636764748098,-0.2944824685400138,1.2820370785184996,3466
a25_h14x20_validated_d1,25.0,prova2,PbLa,deterministic,hole,0.2744739692801158,,-94.94697201745493,,278
a25_h14x20_validated_d1,25.0,prova2,PbLa,control_mean,footprint,0.968122986370292,0.9210891477851708,0.04170400138709951,0.9376180800350439,3466
a25_h14x20_validated_d1,25.0,prova2,PbLa,control_mean,hole,0.6041730948520649,,-0.3312001748824519,,278
a25_h14x20_validated_d1,25.0,prova2,PbLa,prior_mean,footprint,0.965171184049755,0.9158470190302637,-0.28075236945852566,0.9298273999318908,3466
a25_h14x20_validated_d1,25.0,prova2,PbLa,prior_mean,hole,0.6001852514688424,,1.5417553948549398,,278
a25_h14x20_validated_d1,25.0,prova2,PbLa,posterior_mean,footprint,0.9665642451356927,0.9175155121127813,-0.5159957782522095,0.9337914711235761,3466
a25_h14x20_validated_d1,25.0,prova2,PbLa,posterior_mean,hole,0.6104237082333401,,0.00915321396658608,,278
a25_h14x20_validated_d1,25.0,prova2,PbLa,mvp_single,footprint,0.9547416302975542,0.9215550740204432,0.2817770370016959,0.9490090813129264,3466
a25_h14x20_validated_d1,25.0,prova2,PbLa,mvp_single,hole,0.6056133333476703,,19.750628405722495,,278
a25_h14x20_validated_d1,25.0,prova2,PbLb,deterministic,footprint,0.7096235847479607,0.8036041339270314,-0.4642793974319881,1.2886000327533766,3466
a25_h14x20_validated_d1,25.0,prova2,PbLb,deterministic,hole,0.2831065146904647,,-94.98304095725506,,278
a25_h14x20_validated_d1,25.0,prova2,PbLb,control_mean,footprint,0.9672325269201508,0.9200275348110735,0.06249992663109882,0.9333993139421932,3466
a25_h14x20_validated_d1,25.0,prova2,PbLb,control_mean,hole,0.6412902258423122,,-0.8114998695240168,,278
a25_h14x20_validated_d1,25.0,prova2,PbLb,prior_mean,footprint,0.9644087694920002,0.9149525370220601,-0.016306630255580323,0.9273716709928647,3466
a25_h14x20_validated_d1,25.0,prova2,PbLb,prior_mean,hole,0.6379710604668284,,0.8551964728563547,,278
a25_h14x20_validated_d1,25.0,prova2,PbLb,posterior_mean,footprint,0.9656789825667226,0.9160335240531237,-0.8595676643230243,0.9296333339072964,3466
a25_h14x20_validated_d1,25.0,prova2,PbLb,posterior_mean,hole,0.6471468758881654,,-0.873165267686712,,278
a25_h14x20_validated_d1,25.0,prova2,PbLb,mvp_single,footprint,0.9551540975526734,0.9210854338290461,0.2652002197288894,0.9449142085525558,3466
a25_h14x20_validated_d1,25.0,prova2,PbLb,mvp_single,hole,0.6494460333126758,,19.679604494801364,,278
a25_h14x20_validated_d1,25.0,prova2,PbLg,deterministic,footprint,0.700235646271419,0.7630829614447503,-0.6235589240479955,1.2933376397998528,3466
a25_h14x20_validated_d1,25.0,prova2,PbLg,deterministic,hole,0.25765199339470074,,-94.95712038554586,,278
a25_h14x20_validated_d1,25.0,prova2,PbLg,control_mean,footprint,0.9520331762537375,0.8724246388348394,0.3476959326251805,0.923301681962727,3466
a25_h14x20_validated_d1,25.0,prova2,PbLg,control_mean,hole,0.6142366971837365,,1.6578704779219606,,278
a25_h14x20_validated_d1,25.0,prova2,PbLg,prior_mean,footprint,0.9484196307860961,0.8666264685077764,0.05691773935065925,0.9136082104105908,3466
a25_h14x20_validated_d1,25.0,prova2,PbLg,prior_mean,hole,0.6134766294713786,,4.099531646368391,,278
a25_h14x20_validated_d1,25.0,prova2,PbLg,posterior_mean,footprint,0.9507263277662061,0.8694615685289708,0.41625515355550036,0.9172518973195408,3466
a25_h14x20_validated_d1,25.0,prova2,PbLg,posterior_mean,hole,0.625217922130088,,2.0771428385184953,,278
a25_h14x20_validated_d1,25.0,prova2,PbLg,mvp_single,footprint,0.9269407257216193,0.8678336554855091,0.5483677613232096,0.942366680158133,3466
a25_h14x20_validated_d1,25.0,prova2,PbLg,mvp_single,hole,0.6092944084857386,,26.49836762323437,,278
