draw,noise_k_scale,gain_scale,angle_bias_deg,warp_rot_deg,warp_dy,warp_dx,blur_bilinear,gain_off_Ca,gain_off_Ti,gain_off_Fe,gain_off_Cu,gain_off_PbLl,gain_off_PbLa,gain_off_PbLb,gain_off_PbLg,d,A_level_ratio,A_cv_ratio,A_hf_ratio,A_mf_ratio,A_k_ratio,A_shift_dy,A_shift_dx,A_rot_deg,A_gain_proj,acc_2,acc_5,acc_10,ref
0,1.5511056594205166,0.7239627751395069,-0.4580852756376199,0.11626460357218034,0.047815778060804115,-0.09747088285431857,1,1.6194278612293302,-0.6640674072476158,0.6362207228382432,1.4942744928152971,-1.025638970197563,0.15385026192315457,-0.17518131869328554,0.253128060909809,7.591819290644066,1.159142450168966,11.733816111209652,10.429519349791535,4.748759680798044,11.576736244372123,1.1156572251466268,0.5118729690859158,0.18343144964377534,1.7754968338624977,0,0,0,
1,0.5939368087213972,0.7308422878305962,1.233489087536546,-0.4893897618529724,0.06749721934107383,0.13869019565137394,1,-1.7529407332207418,-1.1490190747854956,-0.06122662412207449,-2.4865314624006825,-1.6841768980159564,1.0509720995283078,0.9672602580270849,0.47352356792144057,10.831215810751962,1.8151523895913406,14.416738277570731,18.326206655953992,6.275671464659924,16.88667026257776,0.9063380677135818,1.785735877521758,2.3195680924754143,2.3386214392922398,0,0,0,
2,0.9004939564271991,1.0479714352142229,0.3214929684683803,0.24951779031597515,-0.09037309128032152,0.029883149323797844,0,1.9513811645466135,0.7486716050901145,-1.1438351526609514,0.8514446102171418,1.6874210018311955,-2.061434913323649,0.9366759289633614,1.7211517173652462,2.8585042754958776,1.5902650081022622,4.5057065820172335,2.908549809768051,1.8662947954402829,4.07586495341809,2.463712940666637,0.5761429845672326,0.31815907820594674,0.30585061518499357,0,0,0,
3,1.029292199709635,0.959839670753557,-0.3150761260454371,0.2292545349495164,-0.0004958131582953853,-0.009008375648172251,1,0.9013323760106565,-0.08998276630358519,1.8058412435659614,-0.4172150033555547,0.5932217223884737,0.8549781293293087,-0.0691768626260414,-0.6122071035546596,8.190287567437247,0.7164026692939832,12.334074183873199,11.979305004523312,4.564726545677548,13.350078004935883,1.5809372267808919,0.27022872539826226,0.10741205240711141,1.1475639753234443,0,0,0,
4,1.0063127237672251,0.7836967400462915,-0.8013150157956457,0.3544600612043171,0.057796675876375075,-0.06645388019558983,1,-0.2721560855262822,0.5531656296785584,0.8545304796508103,1.1094524932906225,0.3110214764847478,-0.9934816303307774,2.222609273661415,-0.25501654033809873,7.609376757401805,1.2692625742498358,11.333839033821251,10.708793285680962,4.4028987373453985,12.687336734470062,1.0462788666653497,0.3151810397172001,0.6216206403489122,2.0311361357649025,0,0,0,
5,0.8958823611751684,1.1574554931842083,0.3649957796601914,-0.1408766754197436,0.11009641256956049,-0.05485098484845461,0,0.19042739457683414,0.9285249929132721,-0.30431833407189673,1.2818249677646485,-0.09769783892345442,0.5638941755633817,-1.1996817249198262,-0.9793396201089454,2.803693175700382,1.149132708517525,4.266532881871753,3.0270002617831775,1.430841908565819,4.957353106908866,0.5172881967440008,0.17902621653476283,0.8930262235723387,0.29091512405159425,0,0,0,
6,1.1938127377625012,1.0678788191277293,0.10003408693073197,0.5991754460804339,-0.13647474369682877,-0.015981169782356523,1,-0.5765285051338426,-2.0993782975574034,0.24328854940827477,-1.5074057118669315,0.6464801325502595,1.4166643755650006,-1.1925386930050015,-1.712305828342055,10.200178742663766,1.8102006412059393,15.198927763210067,16.506539572287213,7.069494992528382,14.333234727444168,3.0315514115204714,0.3660959826628823,0.988041350121343,1.6044649772770674,0,0,0,
7,1.4335896264086496,1.1187831252992138,0.29082500810801426,-0.29797063086411363,-0.15034842779358942,-0.020054458281165633,0,-2.4211694608804497,0.3733846392349308,-0.07814457717114623,-0.04267903076789061,0.5532253376101323,-0.7119971407511777,-0.20063387399748164,0.29555313115150805,3.0122143880352024,1.3668011758328207,3.852020709113982,3.2724056565295983,1.7628621813414722,4.222895285005654,2.7275763948927256,0.3177134241568549,1.7633867185995,1.4327311395303195,0,0,0,
8,0.944680413783608,0.9058538345033539,-0.1990228727654383,-0.37420835883240167,0.0027722295849688418,-0.04678226749055317,1,-0.2725383261893561,-1.532804650309555,-0.03207187900225571,-0.4179669622961184,-0.4807350291147772,0.6035647833370251,-0.37604905773124814,-0.0823686774633566,10.575440593895577,1.1952699831198381,14.366274017555208,16.960363197327133,5.409585210470013,17.503555910370483,1.4923771067003009,0.27191044639899886,1.8006034373309758,1.8015102349426266,0,0,0,
9,1.214674140536021,1.1715310534681294,-0.054174380850228125,-0.4456814355101192,-0.1079328522020569,0.03792663211296424,1,0.9831171525266956,1.6299656960065814,-0.8741058139660629,0.1368529213768313,0.2955224734096257,-0.5474534637213462,0.6784650520175256,0.1282121802971787,9.519880488084919,0.8853936003945659,13.529545944073384,15.049328815292847,5.133658880353255,14.488091692510524,2.3968458869632236,0.6814728875949663,2.1715465397723395,0.005193721240339661,0,0,0,
10,0.6819863656248767,0.6315769569787235,-0.20648419929413148,-0.35138526117394114,-0.02553173693326022,-0.042819970099010056,1,1.3762019212505994,-1.1952230778731827,1.0388348883684406,-1.0645504200119082,1.1859724770704474,0.8768596409994763,0.5860990085052534,-0.5184466924104114,11.069722626831066,1.077182569465169,14.76562101765825,18.582149783011403,5.378214593563012,18.765942153267243,1.7300490608453922,0.28685142658127516,1.7859570331304222,1.9365691002099799,0,0,0,
11,0.9942959192518909,0.8063840850470434,-0.5011282981696338,-0.022258525307099628,-0.1616205439978232,-0.015766322693392208,1,-1.5598054924656604,1.0658899184526205,-0.0029761272077349615,-1.5442983892808333,-0.36334384571460054,0.559937223717519,0.9115964612708077,0.27230125663169885,9.945353704775634,1.3466010771594819,13.47367214718802,16.56414285159642,5.597597936380927,15.953250188505383,2.9738933196001875,0.30972672168123455,1.1356827237043874,1.9511598112306225,0,0,0,
12,1.072060024654094,0.8857173527301305,0.23580138867801678,-0.007684026500586063,0.07916897147970031,-0.0513755825215786,1,0.394780602418533,-0.6310921066030731,-0.25635035525421074,-1.4234029327216955,1.2140421421271916,-1.8576272831464289,0.09266405656849315,0.3360620286943914,8.933921422001603,1.5100719104524387,13.191699188332702,13.076553197205453,5.487056479608555,14.625671254643983,0.8332727848920515,0.1884995980923339,0.5449163582716284,1.1995020003542893,0,0,0,
13,1.1969604124538693,0.9731452719342298,-0.7132199894641882,0.6230210793024089,-0.1353368073554574,-0.12413648418269559,1,0.8220277447755195,0.9559512541818805,0.6818424120279433,0.6529802056707897,-1.4760545860601637,0.6823102079375531,-0.9248762617022244,0.625302242634255,8.677394045651909,0.91194217128584,13.162078482486269,13.865285779965596,5.210623176059762,12.00317367024637,3.0667283533578957,1.0383200577230984,1.2341270244716527,1.1488178450441753,0,0,0,
14,1.3679477684122892,0.9743626305798296,0.3920719568276316,0.42221330062847956,0.12790053952348163,-0.07472553714210448,0,0.32317405562904283,-0.04101874977830606,1.5937597937913184,0.3840406373726505,0.3504538651900199,1.761132271954154,-0.5504423523622328,1.2295684731003707,2.270076224294454,1.0550284222016746,4.60366160902117,1.2734898944931796,0.8867284490967611,2.2884831009596205,0.5873405319355106,0.3646395795868562,1.0881535451331112,1.4027044107684077,1,1,1,
15,1.275982029386469,1.013421702250939,1.134478937816725,-0.16353831027066362,0.039390312579538046,0.18068563143471317,1,-0.19364795098887622,0.34885881581561495,0.5546591665935185,-1.1390124169807978,-2.6572435851349137,-0.2948123379295607,0.7815215780670963,-1.0217123562707247,9.67302887438018,1.3100024538743,14.267125726048802,14.682062217777691,6.694069599429974,14.505347879936505,1.1992740098668127,2.028908475780854,1.403418765738525,0.7348069541937433,0,0,0,
16,1.323545008097813,0.7642795761040997,-0.520817502272982,-0.527033881539767,0.10678280013653348,0.04495942067080151,1,1.3648449067195276,-1.5714389256787042,-1.0407462600562938,-0.6697165508201607,1.070834681792942,-0.4976710456705107,0.8525420199053225,-1.3104757845005415,9.430195601801834,1.3958202321701414,13.63984662040821,14.92412136195763,5.5106873711867,13.234885927128676,0.5904529383207939,0.9935197741927881,2.2567431164735132,1.7265217270070203,0,0,0,
17,0.787306759643293,1.236324955192421,-0.7526814933550967,-0.10986358932623531,-0.13102122721174972,-0.06256258044717665,1,0.3610870526613294,0.0221667731626913,0.6068485374967517,-0.4491963281238226,1.650998482390193,0.02666139201852415,-0.021429076514417316,1.1295659781605243,10.34616740729776,1.1339629003024858,13.630053328210138,16.905421967744438,4.7956340912660425,18.009529404021542,2.6698851068264795,0.5104428482388619,1.2475454244979067,0.8038514337498681,0,0,0,
18,1.6802127018229416,1.1043539084853573,-0.6144777244555779,-0.4175036710988139,0.04932172386361951,-0.1487670993521361,0,-1.990281571638633,0.9373600408918968,-0.0660363398595421,1.0859511470991094,-1.1622990154677437,-0.15055064285246075,-0.8219932182626735,1.3166995701698083,2.552252779191313,1.411835958318826,3.703501472721016,2.750729868429943,1.404139887576213,2.9959568755782446,1.0019995997164348,0.9911434486809434,1.6986262359948907,1.5499121908371662,0,0,1,
19,0.8989709388228544,1.0877055652832164,-0.7682235968646047,-0.3353919695236988,0.17194866613163032,-0.05469082519836275,1,-0.11835498728172471,-1.252945816655189,-1.3354092822107793,0.5844129784023762,-0.9492468793887849,0.5721792925181838,-0.4005194619215065,-0.04169890193254534,10.206807268534721,1.4248393749722714,14.418996352668954,16.299308038618296,5.817396797381631,16.245622345904867,0.355216307697926,0.1495470351031627,1.442364106496563,1.6336700543106373,0,0,0,
20,0.5559122019178511,0.8843956924325624,0.580571909678021,0.21297143997248363,-0.013598359914555162,0.006463663938165762,1,0.6273503788590845,1.072978810325492,2.080456678865932,-0.21941886818792544,0.27958178100904796,0.694398099245665,-1.9359686820821433,0.5015373280317256,9.238394081681918,0.9195523334442678,13.379782862771945,14.067756128285835,5.303079767182428,16.212900877884362,1.6805256406622453,0.362054346054464,0.19238086014230368,0.7656928740149516,0,0,0,
21,1.01085456088446,1.2781606246805406,0.2669597411767595,0.1535283363354757,-0.011009822671905844,-0.1365457317550751,1,-1.2330138494698004,2.366570744357263,1.2681582391585005,0.32049122523067214,0.03604557916809953,-0.25742307774659146,-1.5392136533873995,-0.40859476537937206,8.297782756443732,1.098589421321834,11.93537710241537,12.05621359687969,5.0152328439658795,13.980487289326641,1.6397435255209114,0.9251439457936985,0.19633776014325577,0.19556860551784283,0,0,0,
22,0.4764182156108651,0.8683035817550409,0.04217215634885629,-0.24806300870880915,-0.05427889785088931,-0.008206434368286053,1,1.2899496581680232,0.9779933171965638,-1.0816753813194164,-1.773013286008214,0.8166982341473595,0.8102978159922013,-0.5044469144692999,0.25087933860935274,11.420531499930291,1.3856046351117048,14.474555838054354,18.987443972573878,5.662023070680082,20.282742778479435,1.9724482913310104,0.3143339258587301,1.5973894082478148,0.8042743232974418,0,0,0,
23,0.7083550557978389,0.9500817163634235,1.3565060064627985,-0.5676788229170798,-0.15569744684059236,-0.009707719912028996,1,0.014827565102896118,1.2562800794795046,-1.5750152953761611,0.221738901767317,0.009872521891380071,0.868924975416319,1.0465171280751888,-0.5277135261788461,10.168427494991853,0.9769804868111829,13.259632870561376,16.367404328843552,4.959789506425844,17.241774223341515,2.790242546300371,0.34424521439897965,2.4258436036121758,0.6446297423490537,0,0,0,
24,0.8506790563501596,1.167891992189421,0.1684622026598253,-0.2435623925241276,0.05038977166906448,-0.2126760140209578,0,-0.5518200641667065,0.4178825602026361,1.6172655485991498,-0.23992027638512797,-0.1729171258949503,-1.0756176967143887,0.6434771630984961,-0.686371870144838,3.085453205551746,0.8065904111674802,4.564632456983229,3.7079670972392123,1.2626926460387065,5.426037697026276,1.0088211029246867,1.4779501558412313,1.1047977792394224,0.638035050300034,0,0,0,
25,1.2665062319725746,0.9927274321495149,-0.3094357070550428,-0.08289599078016853,-0.13592434313676022,0.11849633487627616,1,1.1154860260323132,-0.30448457060527306,-0.929695498149056,0.2736164449925705,-0.9910421972926621,0.4549571562742193,1.0209539763698747,0.4772524994391652,9.464616922156537,1.2371441266552705,13.603594627345192,14.934654746118879,5.8445545701848305,14.298798399316656,2.70624802755061,1.3162307430313487,1.4051666720588862,1.3096646651992143,0,0,0,
26,1.711514574745582,1.2189716808207625,0.2895291307676964,-0.12112673301861968,-0.021408212517014948,-0.04582415859927813,1,0.07336746733399858,-1.6666026112884214,0.9580787050911116,-1.2470122981237879,-2.1861317066920023,-1.6061569200994739,0.14086731306887829,1.428494468442405,8.756757408919578,1.8614061881178885,12.989271122230164,12.97099120087878,5.9929097286479145,12.660961989353291,1.7195112945882767,0.24724699868203254,1.1431265992855366,1.0482062017435596,0,0,0,
27,1.19118657683096,1.0036769641798298,0.06257029080663877,-0.3949078735505107,0.10339123745210539,-0.13709056238473716,1,-0.31866011516910664,0.7517125644934524,-1.7702500091356492,-0.83697757562885,0.18446216840263807,-1.4572405402124686,-0.4912468831855047,0.11166300032771191,10.206921364707968,1.5923595511947795,14.226456779890661,16.135718998586494,5.845316015151739,16.006440971011205,0.5596448092679952,0.7661029325418853,1.6229581375604845,0.6687112711331454,0,0,0,
28,1.0679281773950269,0.8828522297874756,-0.1720595365602394,0.18891940673248278,-0.13025470227227984,-0.07748499350643664,1,-0.4221136142492915,1.0638721576382375,1.5030063133320462,-0.41834544965049236,-1.1814929044460831,0.04195683445860749,1.0844818423737537,0.6256781884609403,8.875872780098092,1.041669499690761,12.731534155307912,14.682941714526628,4.925084414251442,13.183670890970872,2.7707425425374415,0.596885315576694,0.39413617096335085,1.549954779550041,0,0,0,
29,1.39432928811262,1.254357544206453,0.21560771368603057,-0.006977459924339531,0.0738255372422233,-0.037422650016851224,1,-1.6775044878193166,0.26757319114258254,-0.007422078448458905,0.21982585755369735,-0.5882770951643739,-1.356910212057525,-0.024277140834373417,0.9012733397344891,8.416548522845803,1.3673090370942347,12.50980074705543,11.85485149534137,5.349091147985805,13.368612900240624,0.8557562203728333,0.17756526436389897,0.5767389675216996,1.027441980732275,0,0,0,
30,1.1011816652344903,0.9759174571550394,-0.09956891748722911,-0.49812733206198145,-0.061351956477386574,-0.03408906647102141,0,-0.5293062733773061,-2.1270339483648644,-0.9060188788559164,0.00909693457408198,-0.9396442149245801,0.4033305925420051,-0.12822883715679578,-0.0418707242931102,3.043416393542045,1.3727526104646388,3.946480443237392,3.443456862639671,1.3093202807388646,4.4098372693829795,1.9267026581328917,0.35909081644597673,2.1773069849202376,1.9268377718760585,0,0,0,
31,0.8226582518234422,0.9548080652857727,-0.5774647610738242,-0.7022757026484625,0.0370768380392445,0.05648129463719296,1,-1.2222449297563422,-0.7792188999996653,0.9857918661701528,0.18881625567143978,-2.138806944374474,0.5067037502695425,-1.9361452967734911,-0.5368731613558233,9.94135178403285,1.2456247840862995,13.463876891898705,16.710985761984766,5.569946288475488,15.084619018006691,1.1520087967051205,1.1102304617865797,2.859468441782421,1.7198285109882114,0,0,0,
32,1.0272300007984605,1.246028600101016,0.40426749322336786,-0.04285311953848189,-0.05276189100189034,0.10083529455006224,1,-1.4586094303540318,-0.13790605951999446,1.2359185496416074,0.2690157391402064,0.14611932992097623,0.8039185607334983,1.1755728663152918,-1.6307485116816889,9.5094699915224,0.7928274751229194,13.97484244689343,15.361292399686274,5.418908459898783,14.89916876245442,2.0295189586446756,1.21166169329601,1.1759723672981566,1.2156294324443977,0,0,0,
33,1.5192281969240646,0.9010232412355375,0.19245230481444753,-0.02420231406280816,0.062092198115557856,0.196102466427844,1,-0.6569442601849699,0.2657819923393761,-2.0210091344884438,0.5262344144939232,-0.5063361277319582,0.3669084710999483,-0.5050966666650029,1.3751107450596773,9.054087993279612,1.593362918004917,14.30751046335277,12.998511020545855,6.4019122201815675,12.486709087191661,1.0312283479906732,2.2133957750416817,0.9943503245495979,1.6651855788162087,0,0,0,
34,0.9574886652048318,0.9346502947740524,-0.2827157992409334,-0.14923313638797936,-0.05157487729102681,0.004195681759395567,1,1.253580753057115,-1.4527717192634677,-1.4596778755991968,-0.6616500468139627,0.5853284224303243,2.2849611174640128,-0.8525715091006367,-0.8220015958144427,9.972319788774866,1.513988142282602,13.824443918331275,16.057415066955464,5.892783606772567,15.97188688423349,1.9601214294335216,0.3874209876681942,1.317469821367936,1.3931862115524312,0,0,0,
35,1.0027625821824455,0.840110442194662,-0.4592067258734638,0.15728073538837975,-0.01061211458911719,0.0958534897952463,1,1.149914754796218,-0.5748066647547866,0.8974261212246994,0.6523436225704403,0.3127625341222422,0.3196954843984147,0.7813067043474007,-0.5749964528741406,8.980398985892025,0.8902941050557658,13.733959621298938,13.645368475537953,5.6325685382020065,14.229941222773878,1.6613731922752917,1.1723875470792406,0.4736861995054711,1.6676348839815531,0,0,0,
36,1.5189515627719967,0.8710119645700144,0.42518654707854037,-0.20906379339887712,0.18798829071277393,0.06913982126261692,1,-0.04849564495967473,-2.2476172813040822,-0.7082195432203838,-0.05486643303012408,0.4507050238341091,0.7091580219834762,1.382501406080695,0.45202026447176125,8.763010508712645,1.342308754569126,13.401991511556634,12.566531131784057,5.188049610448971,12.36983393273917,0.3430011890943525,1.1926329663021014,1.163170623022034,2.248139831680885,0,0,0,
37,0.8680523000384496,1.0299764521202848,-0.23248194972655617,-0.7685398301046094,0.04332468159113708,0.06657512768591416,0,-0.5267640130388389,1.1364120615266537,0.8112145981554196,-0.8662602505394696,-0.3278923559779103,-0.6148842193625633,1.3107649794762177,0.11417013968847141,2.885801530773382,0.9425609668751862,3.920159399855666,3.3252855151426646,1.4222926352034668,3.856905444968939,0.9712436967526744,1.1991431583124723,2.9830343744320964,1.0715195067197827,0,0,0,
38,1.0102735807368084,1.1754540355025207,0.27936678257910263,0.21523951915365702,-0.19788406406709064,0.04339966638490486,1,0.06089229944728487,-0.46921362628777075,-1.29321213680577,-0.7671968765137884,1.782956935764307,0.1870145711860944,-1.1653302090810465,-2.6118271307104934,10.636804680997662,2.115104710077041,14.847156250609942,18.356433026618404,7.059445495709815,15.277776089132722,3.4762532322723962,0.4731230187044096,0.5289273683986889,0.28215978849424345,0,0,0,
39,0.6868721518161989,0.9015492498507508,-0.3326929372622241,0.34061661157597656,-0.06467709432948586,-0.026360022214801777,0,1.108316828961168,0.8736159933892321,0.10520071467250486,-0.32577422370131226,0.17370634502957405,-0.4881394187383113,0.03726683736110821,0.019605540175095734,2.705832253479345,0.9133517466895376,4.65970408797067,3.035267817609281,1.1589581302131373,4.092419664349923,2.247781498787391,0.3112935768354231,0.2659841840544772,1.0274275859820465,0,0,0,
40,0.7232029417563722,0.8504434479663081,-0.024060862510612117,-0.14129641447334895,-0.12329922423240441,0.06517263008258523,1,0.7053057921352299,-0.05771377659732832,-0.24807274416555666,-0.2677715161825521,0.2972038117880474,1.0871791461706855,-0.5167402346429378,0.5552170917729288,10.479766172409732,1.1403755628106156,14.02616046881748,17.448130762847473,5.571693304076684,17.75997349482163,2.5896950534580236,0.859402484723526,1.4664995844715383,1.4013895495526791,0,0,0,
41,0.9005123230844565,1.3204234810219626,-0.4022114218241458,-0.15650506544431275,-0.05328185590387461,-0.046608867162634876,1,1.5319540179007238,-0.06721716540558374,-0.34775108529786936,0.44464773413259456,-1.8897157490535754,0.2369517181013288,1.5139227663771921,-1.0093253408255403,10.189008387136761,1.1125238784066631,13.715091836334892,16.214636126859823,5.246977516759301,17.26848562103425,2.001431676186935,0.3437305024590166,1.2842811580067255,0.3323365818755544,0,0,0,
42,1.6979550254427913,1.1707872589029034,0.18492918837033656,-0.11266809567558224,-0.005288114582147563,-0.18873869876890925,1,0.8152185154261072,-0.9963666412707222,1.001723562827648,0.6709409774968528,0.7375147124968296,-0.03227420420284914,-0.469987256366162,-0.2709867614586841,8.562973313428062,0.7847884423128377,13.185301246528825,12.741301662888972,4.8129417621192925,12.519859083429917,1.5943288257894608,1.3277969615977763,0.9200488484748577,0.7137888610172684,0,0,0,
43,0.7118055164815368,1.1004843195314356,-0.4854271914693989,-0.5678176610857979,-0.04501376862237577,-0.03482722352894391,0,-1.2722545072324711,-0.2817802748660314,0.19288338692955972,-0.414982922627985,0.4109206046054049,1.0777193730779555,-0.44438715719071564,-0.6761412413746382,3.2866023168462,1.1053311708333493,4.028409100891665,4.1708758224869715,1.4307305027434405,5.416170811203187,1.7703941807886048,0.34494148291890364,2.330854195539077,1.4698646772961281,0,0,0,
44,1.1122812140347549,0.6844941991320709,0.15390194096541698,-0.21105985857603998,-0.013238304754653256,-0.03865364923483319,1,1.603219584940457,-0.9117060490120241,-0.8324510092229808,-1.2941466679831513,1.1446592452198079,-0.24554366961492713,1.2694972333553372,0.0598429899707487,9.965188207701791,1.4692729202785055,14.160090452647637,16.161313827362147,5.4231443793811565,15.786106455760565,1.66671725758827,0.2474030365701896,1.3835873298265617,1.7505916811389994,0,0,0,
45,1.1890830535035795,1.242297197276578,-0.11530871395827658,-0.15581818235169284,-0.10144027534917209,-0.07161080657141926,1,0.1299910942456763,0.49410268457223916,-0.9814048273848298,-0.8363357870215213,1.116622439152429,-0.5996929825919005,-0.8378127403644715,-0.8628357084784741,9.755631445613723,1.6239517222337538,13.11311644641787,15.630274596664911,5.551305513498846,15.539837216143592,2.3995955477602022,0.5521693883448073,1.3005405048248315,0.03617100960134094,0,0,0,
46,1.2904815072276739,0.9839136586747377,0.16760086103760533,0.07911589711587484,0.2275526002837697,0.009738978026070938,1,-0.7240145079977215,0.4960703389289401,-1.032157245035916,-0.6487371029995985,-0.7744077650946266,-0.9359626604501179,-0.3450818665149973,-0.3278148508302773,8.680336002839992,1.352734977895346,12.845656689539155,11.944179170675085,5.643232623114176,13.753633675071798,0.518721959193273,0.5994053349542041,0.09836260601780493,1.1288587813911621,0,0,0,
47,1.195579051310985,1.1670826346216845,0.17562091834740412,-0.49531878680639246,0.06708615430919464,0.043956776558302595,0,0.4174278782708347,1.4556279270963952,-0.4807484407995883,1.9272485853993817,-0.11165315890475454,-0.8024783737224951,-0.23788539887282992,-1.0032292054117222,2.706989616148299,1.2587738263984523,4.001343828762609,3.066771529821065,2.0441752517190492,3.2168077279648886,0.8538630710842764,0.9568483974569493,2.2182570295002515,0.07573559668750224,0,0,0,
48,1.2801543516449911,0.9883341294709513,0.6139654453434568,0.08890989417511325,0.01291051906941631,-0.0999572468837014,0,-0.5209045871997764,2.1027202805380885,0.12155707953911984,1.095285354703674,-0.9711276433210407,0.05185462532992023,-0.9717083559260498,-1.1015701378667242,2.3349759229222067,1.1427451041737575,4.120949931468392,1.8897264767414637,1.5736446420820855,2.570138622647966,1.437709756494887,0.5474713947453997,0.34683875902102035,0.48786103402452996,1,1,1,
49,0.8722914761412146,0.8927342490365424,-0.5067324866660032,0.428519138488855,0.015345763233682398,0.2608017521823306,0,-0.4162631058751272,0.884878090212261,0.40115719556150203,-0.6336401875278683,0.8947778435412261,2.0025977386755134,1.8479559077165764,0.6782511854647111,2.6810505383039636,1.3419012909719714,4.589380949356146,2.4128698694364377,1.0325024033628196,3.290958791543013,1.5379548755605108,2.776913395233011,0.25193959053033577,1.986504688261136,0,0,0,
50,1.5997438364266352,1.1691397771878023,-0.20500284262360577,0.2276813534324325,0.12817692330777491,0.1561971451706361,1,-0.6292192090131825,1.8439516455225822,0.7744223700620837,-1.3345283314699612,0.14948234276380273,0.36283455182702895,-1.012316732851816,-0.0860023835857958,8.686946144871145,0.934330252902132,14.02452733116408,11.65308245078091,5.989776935650194,12.797337868957465,0.42946146927189677,1.8096076413527724,0.14498763135909926,0.40193834126150085,0,0,0,
51,1.0924123082621218,0.8276430034061517,0.1239116847961397,0.03295661072523435,6.705162350750124e-05,-0.0942110965843343,0,-1.642519928404147,0.5747174378546979,-0.7479672100175271,1.0480436646112463,-0.4193155733861987,-0.9866272239406257,-1.5858073887148572,1.4307842720843427,2.6248007986099986,1.5953177924475122,4.087490760501314,2.489011546433985,1.5542541249486037,3.885532468265331,1.5564917249594958,0.5595741379175195,0.5654234361691803,1.7234209804878864,0,0,0,
52,1.4508286452296366,0.8604811894775435,0.6608693855761854,0.30476682770099034,-0.14877346960579535,-0.24984266248022124,1,0.8917065229925596,-0.1223391368281557,-0.7572496746932543,1.155817155353151,-0.40746708391308506,-0.4732815159812923,0.8250208801661354,-1.073795795911283,7.822368978032334,1.1858509794015486,12.168675824777438,12.132700249027064,4.9079687332190325,10.191710790903777,3.025002539422607,2.119137682570738,0.3719320730209612,1.1431476303467403,0,0,0,
53,1.6319725530994795,1.3094242508855005,-0.3183883963157001,0.09480448126601351,-0.07234854516903298,-0.07101048011044185,0,0.3749061415670062,0.8710950644219068,0.8694605582135673,1.2185082078833283,0.10984950800830594,-1.4735063786943565,-0.6430079455327826,-0.18647963181188085,2.3123982333186945,0.9103843247636485,4.200348403582871,2.114503483593377,1.3926982629484477,1.7217870730976923,2.173879939363595,0.4484411828087863,0.5773761007105322,0.05815040154607279,1,1,1,
54,0.6508580544321059,1.3555264185927862,-0.21688772775411547,0.13150449872557432,0.052906506609508054,-0.14106018391215555,0,0.14100933873168123,-0.1262440503312885,1.1397443978158786,-0.6409685297125906,0.2199030246620243,1.1449624557483613,1.1780081272469063,-1.0129027094350083,2.5134209493607798,0.7887402749158863,4.336900685305355,2.220622754533654,1.0619987802804263,4.23956008512853,1.0785420013622875,0.8749672067840881,0.13634892408871235,0.6785908749717976,0,0,1,
55,1.3595966094219472,1.1049505919290934,0.16076713347051377,0.1608032893369893,-0.1635452302817432,-0.013620825423613585,0,0.23552146773941127,0.22308654481414597,-0.2084327774314922,-1.8465886398369922,-0.9048366219410878,0.8239483574992272,1.430278257519684,-0.9083033897233651,3.0141034168711993,1.3892704344724596,4.13555867367792,3.3998126517740435,1.5238514087283561,3.6712690781839967,3.113052367001047,0.35989809728928795,0.6652607467653535,0.878276448514147,0,0,0,
56,1.0052875851228977,0.991878853306383,0.04594315268215558,-0.06367049202917127,-0.05733986663349305,-0.07702231690842289,0,0.558548302659052,1.3294690102345021,1.8025689664933942,-0.6117016505521778,0.3516437177542068,-0.631499619029122,-0.39443746196206114,0.547063261405865,2.8929958212546234,0.8437052421048203,4.14516196943589,3.2577480209569436,1.2854254905317812,4.496557612003317,2.014925165721352,0.49154714762244156,1.0201171483249747,0.5850317721953281,0,0,0,
57,1.236181196334453,1.0976328452557869,-0.1837920084274193,0.33736810438450954,-0.013981570131735675,-0.23024576952519205,1,1.060768395151489,1.4482623108627881,-0.15215848578221242,-0.6459872520386448,-1.2222953609174814,-1.1658158214734933,-0.6493247228934089,1.5432514147755052,6.92127406542045,1.3678208728178831,10.406128877391144,9.657837266102195,4.488077468895208,10.17743898954048,1.686446145519684,1.851249316022713,0.5994008338786848,0.2748891426958473,0,0,0,
58,1.691288120762633,1.3250971559838898,-0.32760561913213926,0.1261670929268685,0.14210759253663416,-0.11442541416501809,0,2.1680574360229232,0.6266686950341556,0.495532445126526,-0.6931958962447984,0.8409094319090569,-0.1587105160238442,-0.8723803605497776,-0.4123141981016856,2.053784692328022,0.9713042980830394,4.00601948009945,1.435443956348644,1.8617165237960505,1.8579075088957506,0.30160260141239964,0.6003543690017357,0.2028724334382553,0.5907567713197501,1,1,1,
59,0.9725288265003728,0.7789636631926322,0.7018305044158895,-0.2815458164926084,0.08553750873594759,0.055392101143527134,1,-1.3163146115382491,0.47630944934440506,0.9551598281602395,0.2465737172849147,-0.921586664328088,-0.8951623615749528,0.6587082345430224,0.08629667028823514,9.868303307365617,1.0836285168172601,13.989582961941167,15.68535119207841,5.626293871332252,15.57933945056642,0.778194656325212,1.0152824028849237,1.5184629279175188,1.7912953526714719,0,0,0,
60,1.0210510889696696,0.8059570469161679,0.11157987705786908,-0.25237678110076645,-0.03055104765050233,0.15544173832093036,0,-0.19069372744906068,1.5702409177979462,-1.1381311243027472,2.5987496283088736,-1.6572656818938378,0.2127133646756066,0.1509175327274068,0.62751057256819,3.061279258705709,1.5313306327261615,4.13098160683493,3.2289433461428763,1.452294550361581,4.39560709940461,1.75295813624167,1.890707381671508,1.8091258114195294,1.5298480967229129,0,0,0,
61,1.092555714392617,0.9502950645289205,-0.7874641759511548,-0.007889075320210284,0.07723243196051577,-0.07930505963988778,0,0.6537036329750758,-1.0286450072315523,1.6179523953993413,-0.25579137709306604,-0.6698698511897138,0.46963242835369867,-0.07013525483649506,1.4110080298133258,2.5611584897314006,0.9899265180198646,4.268516349022409,2.2941750066239064,0.8287759834752693,3.9617589895807486,0.8466532215162288,0.398134153903018,0.539562160126997,1.7534791887757248,0,0,0,
62,0.7904942532853463,1.1564240246642263,0.1125250447326085,-0.33748129099996604,0.002171178295233342,-0.08737731767945937,1,-0.08341039819890826,-0.20176436577425308,0.27361881169995167,1.281740624871527,1.0965100619588417,-0.2344186508768935,-0.9374339316066969,-0.29588954748697527,10.756874249985133,1.200998021060891,14.338299866341803,17.703501068968873,4.992639806284669,18.538655611699525,1.5232517104547367,0.5276747425014087,1.6557926654324298,0.7568283763773797,0,0,0,
63,1.2813171942447281,0.5074725471928536,-0.37823013721262805,0.04370630751278185,0.06776455861722758,-0.049088026597024714,0,-1.3812088893823444,-0.35341123364781335,0.09308127611414391,-1.512229403513419,-1.1850184617991002,0.7408153166485573,2.5938776011765405,1.1988530495158936,2.6164701019348926,1.5977474972000365,4.295339778416444,1.8709321829047685,1.0398296692348803,3.5534581091265975,0.9299267048767953,0.22342391618139126,0.43406785895466726,2.858400710205332,0,0,0,
64,0.9533239330259614,0.9897910019139883,-0.07418439161559176,-0.3618579537181299,0.13194637226779068,0.0925367453037672,1,1.6974791587869167,-0.0619991942631023,1.4102722515160866,0.9357648277371913,1.2676523001570854,0.7430829082007876,0.7368869831610807,-0.9175084656200315,9.752777403906428,0.676835528172252,14.1610237466721,15.758034832857591,4.785581929746423,14.919124760556642,0.4343177008969501,1.369449988012168,1.7912499640452335,0.8923293330011693,0,0,0,
65,0.5195050212055341,1.1579956051040288,0.3152546431793071,0.48555346954254985,0.053190332611265816,0.055115061761450014,1,0.49028051690939745,0.5044059994748822,-1.2238022398049477,-0.9116049727521365,0.0868453237926862,0.03438083641356242,0.3182976629887153,0.14994815048039675,10.234691796812792,1.183687306407973,14.117535061443292,14.976835780869333,6.0399213723375915,18.636876150498225,1.0912026251873272,0.7216869983710168,0.8431777764836972,0.4674163787542379,0,0,0,
66,1.0595946497184436,0.9804226548965024,-1.1899075669228496,-0.12899063429819285,0.05387329579769783,-0.027419987169941352,1,-0.101089687815695,1.4739305722152656,0.14622513483770896,1.3864098839893106,0.5664094985939423,-1.347557423487453,0.36532582966195215,0.987564752406026,9.416315014833083,1.2075745313260742,13.499028225149104,14.247810279028164,4.74980774901505,15.577386600115359,1.0708573568006168,0.22498768701166622,1.0330351082894136,1.313571601598285,0,0,0,
67,0.8668866080940906,1.1346760332787527,-0.2871083603222814,0.07948733992022054,-0.10122631406380059,0.044917632303395336,0,1.0912442758558587,-1.749690532167737,1.64149068122424,0.270888971699036,-1.5280571907820388,0.0511872192878299,1.2228256826917985,0.10355291385509688,2.8335417835753614,0.9036346423799559,4.371577910967126,3.4592755829179023,0.6674414168710348,4.215353588077501,2.5180948790218616,0.7206511913691318,0.9151594072376472,1.3976061405321214,0,0,0,
68,0.9642532622362638,1.0178713517103326,-0.3130628896069545,0.48627486553024823,0.00924790591167577,0.022562511737076407,1,-0.9991643838068298,0.6373041474505687,1.0190271037488503,0.007352956901377189,-0.3699220495539553,-0.4461640819142217,1.0121224600499998,0.2628007998343391,8.746708036969082,0.8972043755037733,13.461913069417772,13.205195585581157,5.533583439156578,13.389476735004692,1.5060339833399863,0.4474263959327253,0.7728051499724704,1.5451525929616794,0,0,0,
69,0.7102877555602678,1.214587157723609,0.15940088241808958,0.10052674145343324,0.0806320665137538,-0.04860105031079913,1,-1.039783800569538,0.6183162499931425,0.41062423653183766,0.2062411691470108,-0.43354428997666505,-0.9830381064111147,1.5751144826713463,-0.9680480018190625,9.111720893658527,1.0172158336114778,12.601613937616834,12.96198937683619,4.947404702127467,16.580744934841956,0.829236434083897,0.19730445541342706,0.19518416767587765,0.9185828058920633,0,0,0,
70,1.3070868074501665,0.662822570253393,0.2096475332046864,-0.21486449462065077,0.06419010364754339,-0.026875532265177304,1,-0.5184799885195444,-1.8390631417415395,-0.5239650572285471,-0.6940886390525928,-0.3670431645345819,0.7487061797307869,-0.38418230872387393,0.4516893509261716,9.532742644356215,1.3864818777978605,13.694511111095762,14.50655169185137,5.512267138269147,14.673692162897886,0.9655423457248036,0.2538190977938052,1.2910417988973593,2.361441258310421,0,0,0,
71,0.5587039082237185,0.9348173546028291,0.2994181415746521,0.42237679601984796,-0.07607761298150229,0.15120428871122027,1,1.5705356464909752,1.4436761997295418,-0.42860139205074294,2.196866009444206,0.8600774939842323,-0.7306079083137488,-0.38852854769498735,-1.0195182261795326,10.749583339194,1.1697927170543816,15.739981728610921,17.59905297006719,6.179277074774006,17.575653812308886,2.3250033642374577,1.4918522586396095,0.24360677496319094,0.39007801845870393,0,0,0,
72,0.4086514335689804,1.345678811720043,-0.409857537538827,0.11881442436715657,0.04276958743606091,-0.15649318786484645,0,0.9235676158086208,-0.7361870323590348,1.213444420295678,1.1057084539831865,-0.5964513296032908,-0.19059036362166884,0.11893157351995129,-1.2875422035865642,2.76686625874012,0.8976440206232965,4.560311779801237,2.5651249902968787,1.0227658325691915,5.097260812809052,1.1495183173169474,1.0264553803216498,0.16204109010837636,0.47375836714028147,0,0,0,
73,0.5364092547313071,1.0533476590554625,0.13343742211816603,0.0644308470252482,-0.09130339152120279,0.05181480645887542,0,0.058679364316849086,-1.0617041257406168,-1.4317444000013635,-1.297558448379129,1.0677361087165762,1.036723673631524,1.0257776509291825,-0.3403741735238038,3.2861688590341016,1.6339674069621535,4.5884627327941505,4.090558063851871,1.6112062216959189,5.4579158362303914,2.3786896634441597,0.8289751228647433,0.9295480874682563,1.4650948026914932,0,0,0,
74,0.8019585795467246,1.0377036772643589,1.1390246082957094,-0.20308870009782967,-0.18539781329208951,0.08276896354634283,1,-0.23143509606537657,-0.40309685806023104,0.6385433004508874,0.7049628293030442,0.8425901414246897,-0.2470773430755857,-0.49654867119731605,-0.10231601501077836,10.19890651427912,0.9179840112543554,13.668511902392048,17.11801987017549,5.243047573761287,16.646579705196324,3.1311999426943937,1.0103200635168639,1.72683882663855,0.8136993269762113,0,0,0,
75,0.9956516868848686,0.9631994183318036,0.3796473077192781,0.4292940794699031,-0.01977893120179527,-0.11039746507238542,0,0.9628815957615611,0.11893276131083058,0.33053753690701315,0.14996026889584985,1.2509525201568563,1.518165921986174,1.466899458019494,-1.2703596900649528,2.358483160996542,0.9319081728086619,4.501648820219791,1.872105611612334,0.9993115060613913,2.890310921137909,1.8201610759111984,0.708467345147964,0.7090135116179006,1.0822874637234958,1,1,1,
76,1.8713114075824304,1.1210486352872293,-0.21527773097483732,-0.05802020647734515,0.11922536059652514,-0.03138374461173688,1,0.03880957669860638,1.1054081479260367,0.7581940052981925,-1.800308091177551,2.5207610187096514,0.35496009257318545,-0.8506006651195378,0.17163874272774304,8.002719684294645,1.3105634224879399,12.439501290752247,10.883229649718473,4.846734175805921,11.439299573122103,0.44380486201688873,0.21995146521358488,0.6086426753830096,0.40167069410256123,0,0,0,
77,1.3578007398588137,1.0942166975110297,-0.15916303592442382,0.4785421310811534,-0.05691253283724288,-0.10284492240669295,1,0.6136183705644598,-0.624108792179271,0.7645326072009163,-0.6913503901420311,1.0855064769994456,-0.46932139391340266,-0.9102249380197436,0.05601379314001123,7.389525292163227,1.2227432490037393,11.496874400516337,11.041005648123367,4.88818503813753,9.994861746703556,2.1292467454450725,0.7994304729995863,0.7856749184344143,0.8174521601308293,0,0,0,
78,1.1062480550577531,0.8406675949059573,0.3597064065340473,0.4609309451310903,0.09498580799264952,0.18359344856550824,0,-1.0187533753459586,-1.0225724789552972,-2.216756161477731,-0.6427047166700223,0.06771217940448938,0.16728951054157168,0.44823810448671325,-1.3000555044942272,2.6376375374294603,1.5300687775823276,4.564243850528644,2.020401435077296,1.8462400076496421,3.047790561074536,0.8232923810734384,2.078394323115799,0.7094536894866362,2.044726987974043,0,0,0,
79,0.9933875188375378,0.8601675707677603,0.40232883516491785,0.08404525737435248,-0.1416331705607384,-0.14138110861563932,1,-1.3125596877413712,-0.33954748458667805,-1.7636546519477814,-1.2996305152176213,1.3228572503242233,-0.5360228871959218,-0.9664323663142855,-0.7787338313921293,9.609638398335735,1.8536116272978036,13.124256603619251,15.953411667351949,5.907059173097506,14.94287819994776,2.840883877630187,1.090075889528774,0.6182114739260013,1.4854904936322777,0,0,0,
80,1.6141931580258257,0.8365438294123952,-0.579609380557564,0.4544659707700082,0.04847984419479302,0.01815898739502512,1,-0.9604355501439227,-0.21400344822969314,-2.088080468258485,-1.2916885605404849,-0.22317119498312243,-0.03710115050333233,2.668316179353355,-1.168262696002516,7.7509654625869056,1.6921958055204895,12.35809760934253,10.587203816400567,5.771187271877398,10.817234119852017,1.1255737985062297,0.4308778216598296,0.8284877637051653,2.1977032971949315,0,0,0,
81,1.0228518912414941,0.9597922231849259,-0.07250928782217182,0.4359968130633587,-0.12440153696065759,-0.08582442768397847,1,-1.3097495187712116,0.6407794015621527,1.2578715198640318,-0.06369306021299749,-0.65936066683203,1.8880452120390196,-1.8648578602049795,-0.3306571259623111,8.618265945570236,1.0598483816209925,12.96808449886611,14.136407323046871,5.3294693468812815,12.402034973864605,2.798166793742824,0.6792465047500927,0.5387357329526576,1.4909464353869184,0,0,0,
82,0.7374622666943741,0.9732621130307119,-1.0262293250855459,-0.021357271343331218,0.014224480820662265,-0.1353440576870016,0,-0.9033291408382101,1.1568941484339421,0.7684065788482336,-0.06865540881153587,-0.011912138104468013,-0.7844318753364633,-0.14516455707510853,-0.14916502471619278,2.909850427730192,0.9146973059965637,4.612580273230568,3.1354668504479957,1.2102710877701144,4.9637786691458174,1.4210141289029674,0.8551914409376844,0.6731819548944364,1.4350059732358016,0,0,0,
83,3.0596235896318746,1.0133306825407633,-0.058665197027872644,0.022693503394917172,-0.23378532037382949,-0.008940283877299785,1,-1.706869651205427,0.10972644940774044,-0.9538157633208214,2.1280821310048528,0.5801427325043905,1.7779270690639968,-0.39070140394759084,-0.7680881804902525,7.488179367321015,1.6443174074400224,11.78701994193499,10.525813009650754,5.174403929165175,7.574278621697717,3.695339435903148,0.31918266905699605,1.0052370650121367,1.8323877966988336,0,0,0,
84,0.7428786780963124,0.863933258221231,0.845227184974613,-0.06207689443123627,-0.14354028069580893,0.03716921801636837,1,-0.44655917978066706,-1.2566417174229845,1.5839401886434217,1.2149836198642994,0.45381718784666397,0.18488819002348333,-1.1910928295177108,-0.8670458164882932,10.441807350083705,1.0704389991828869,13.867738776257205,17.236671046219705,5.410897273397507,17.821686426087116,2.8161025150744,0.5743880707419944,1.276250311868498,1.6131134956949513,0,0,0,
85,1.2522472337629624,1.10078296404206,0.343879752886936,-0.19119832819294752,0.038252842355483326,-0.12688621150754598,1,0.348293322962775,0.7286627917600241,0.662250214316915,0.921735769690405,-0.07316646039758534,0.6508222794642706,-1.4450471155432378,0.4928795503920288,9.506436000424811,0.8545749662340862,13.65777921302066,14.47246686722011,4.703861234168711,15.524946631461908,1.1867055062986105,0.7219160958970816,1.1380289791354021,0.506230817440868,0,0,0,
86,1.0016739508441572,0.9212971856537882,0.8555443245874648,0.1177492092698069,0.15103609219344202,0.07060892602721804,0,0.27109260922300804,1.0694084273458606,-1.2299135300563948,0.25373026260694653,-0.40447439698327364,-0.2760118902872549,0.029308045622690748,2.370548112253374,2.6253197193445823,1.3216119139377829,4.459895041151869,1.9312537158043657,1.4924916649630684,3.919950220882348,0.23803137663768753,1.12787650083756,0.16338422365575672,1.0820273298744134,0,0,0,
87,1.7138059367417007,1.14877881319825,0.2861854560227963,-0.07838506393355736,-0.06095647313245714,0.059005926821741675,1,1.0722143223505614,0.47392306240018406,-0.9494019309103305,0.20174496040119136,0.04943408394775553,-0.7727477308148436,-1.4082421613498215,-0.9930677917297095,8.60831178810405,1.3021257794613907,13.074674045671024,12.934176070691606,5.761555398411474,11.746010326838102,2.0640907617340236,0.8680084248139135,1.2842893785849876,0.19945004821173998,0,0,0,
88,1.2365132379225783,0.9404226418,0.20993316842159174,0.28023466392072777,0.015441023191359407,-0.10715430756752989,0,-1.1626740543293859,2.1569884993578357,1.834188710919738,0.9597404198656985,-1.038248713394547,-1.4257421569847664,-0.2296148911773375,-0.5510861924934489,2.299541895306242,0.9563124528694045,4.3911373119476345,1.5817800091820142,1.306898124527538,2.327432773882822,1.4596174427207982,0.6023146692168244,0.34173791825402666,0.9416763992301899,1,1,1,
89,1.5167151674271302,1.0853474672098447,0.2701296655470931,0.4451427818657511,0.07507733459312997,0.012384022844263579,1,1.2565844746223018,-0.2871240915936643,-1.1606026799129907,1.4795494378568168,1.5459166801106112,1.7120453691932993,-0.883552831167961,0.43020357037088774,7.519528164540806,1.6865113979019701,12.056317557017977,9.790053416241818,4.536787489449929,11.149487370010187,0.8932943371436621,0.4282878799280808,0.8562066220079414,0.872764500796591,0,0,0,
90,1.6238082999483114,0.785750305283277,-0.4921130638334969,0.1188273419530096,-0.027208417663669333,-0.029413637420969654,1,0.6706785096738824,0.5860540597979949,-0.4565922732904483,-0.6838986461541097,-1.3474641568552972,0.4208134284853914,-0.1567897091174483,0.03724387618833855,7.861826149879134,1.1838848090847431,11.91240496287406,11.163954955566876,5.185315199852239,11.523654482724972,1.7718207968391309,0.24222817137373992,0.4557508383299933,1.5237219053230011,0,0,0,
91,2.363953082313612,0.9710855274349919,0.4101909577614643,0.5592910623786239,-0.16259048499191286,-0.15765239893598826,0,0.6068199470514283,0.7106939221442579,0.5651608749693434,0.6894758752054163,0.830393175316786,0.2520823272291659,-0.615409139158639,1.8548381586443425,2.7554499953333758,1.0584120882772325,5.1624613987947665,2.4176392576919334,1.412109327828298,1.7395265364126618,3.4576131360982436,1.2683282135783345,0.94354597731702,0.8943728712270496,0,0,0,
92,2.0449081012821457,1.2438258287134023,-0.5558421298175756,0.4725244720515496,0.0355634320393105,-0.06448570185772513,1,1.1507938353002567,-1.2987532929583439,0.5639175738137504,1.1350083713344317,1.0785007977654675,-1.4701401230438784,-0.6354109229983453,-0.7817983310155269,6.48858474442387,1.2313616963822236,10.622639899599875,8.253252290768614,4.4669340676297695,8.674689600601123,1.2458557445218077,0.3849544957723626,0.9637626726823971,0.5941938062713732,0,0,0,
93,1.2898325064555196,0.6196234302121177,-0.6852628546570978,0.2640674368605422,-0.10878325670665989,-0.01667346674243999,1,-0.5369587700524163,0.22975551382505152,0.5795332984976703,0.0497756181325742,-0.9081300521807214,1.5035524606316748,-0.9980377924646829,-0.8005754038803395,8.650647339213617,1.1987239912594405,13.225933981390472,13.713186265313361,5.635837817606405,12.26816497937388,2.5793858101310825,0.29708030052263923,0.20981276425068968,2.219405641374617,0,0,0,
94,1.491523622254991,1.0682714131410236,-0.48039709229305566,-0.06977951199874909,-0.09107461963633234,-0.07243629738385192,1,0.20405029938319355,0.49302886531236617,2.282996905265565,0.501852806044043,0.8560044572888298,0.8096250300962595,1.0974461522237575,1.9441931658017106,8.571824146123552,1.031779276476899,12.971968217698848,13.452506853471995,3.8521493490449394,12.848986166668663,2.359364795554422,0.5348350258372391,1.0863372420263016,1.3453642640190824,0,0,0,
95,1.0304115904093598,1.2366740320393306,0.3960776663895558,-0.07876934553817265,0.0015233711688178648,-0.05236657107775722,0,-0.3976203222676735,-0.793943958039691,-1.1493670284965392,-0.3096413990065136,0.4067198093987351,0.23374214435491822,0.6482221326269303,-0.12276489433074482,2.8773852788363445,1.1956103863980216,4.188563386622683,2.980572524425319,1.7368891141516247,4.508161493555111,1.5050138770591257,0.2688598721274025,0.982194684913639,0.9903607230750072,0,0,0,
96,1.3046088908243494,1.3425449076617089,0.17387975477605722,-0.0910135060769491,-0.0418114569878199,0.15379714023137345,0,-0.6934504793412759,2.0201911385419504,-0.8605218935120693,-0.2419430104930224,-0.32535287884583025,-0.10567362092234293,-0.5828706928184073,0.7942944920121019,2.813151360946452,1.4456610365741729,4.014719088414078,2.817202285359851,1.9329694989833714,3.5483951186137097,1.895692207765783,1.844054449276868,1.405445854485996,0.10763477646684266,0,0,0,
97,0.8205710357127742,0.9104479748351383,0.6317373748242376,0.5676604946894547,0.009853783891321272,-0.002547776011069616,0,0.7501048465441138,-0.17676038025079127,-0.4188884880091332,-0.10433990611739079,0.45641619981357223,-0.8415925156827126,0.1173367051603538,2.382057919656847,2.77372146524485,1.3431394576691837,4.737131217733162,2.552262645514185,1.5199190428572724,4.224495461361203,1.5812344955750852,0.3688881077332739,1.1425355935390662,1.2843786107735937,0,0,0,
98,1.721868625898,1.0544643701774743,0.15080405718027665,-0.19150127462766572,-0.11867954079826004,-0.019809663576246077,0,-0.9674834743516904,0.16246230696011757,-0.6592887281880805,1.7358425795870418,-0.2929078434987142,0.7895260910578015,0.5354912220082352,0.5474554140274853,2.773630595146059,1.298206332989408,4.272689411627193,2.6650158663056827,1.2133553076516355,2.9643092808739118,2.516339107940681,0.2844440274997387,1.503868321901944,1.6298435006495813,0,0,0,
99,1.0496629544493201,1.1196731515401879,0.2614311348108753,0.44944778168746075,0.09774388924278346,0.02274857910238159,1,-0.6556886561679166,0.19115622876315674,-0.2572689312035629,1.4806880247169047,-0.48993766729599353,0.3277267831899443,0.2927304495745535,-0.19662299383436668,8.493614979928443,1.1941747705257297,12.727476331867582,11.809761538457614,5.2330173919925915,14.437371144712852,0.6957632101097773,0.5104971392030133,0.9136367316249339,1.2768004155372816,0,0,0,
100,0.953523245757864,1.025070447435421,-0.2685104644861271,0.016361644053639938,0.032034156051080696,0.023847219699946354,0,0.063402850742546,0.8308008734175606,0.7797056789447148,-2.3600105721918028,0.33868422022095696,0.19699346694066064,-0.6845521477437014,0.9033049633030563,2.7413461324145976,1.260173959584451,4.25230071184872,2.6125962010190165,1.7872167671319794,4.36358026521726,1.270175630416879,0.6479458462679394,0.7266988899146725,0.8913772631635452,0,0,0,
101,0.856975634279599,1.0595513340271538,-0.12989919322421065,0.12949138028673757,0.07543434975006198,0.016313442160727654,1,-0.7406347202867625,-1.3672316560842561,0.12427448369219529,0.03452960079414209,-0.5511918751013454,-1.1460827799579432,-0.025137877293377804,1.0534573204888493,8.919584355686702,1.3803031549286053,12.953193196025811,12.806660188662669,5.666518007972788,15.23792837876207,0.8888474385407499,0.5291477642459417,0.20992096217928147,1.7097204282090774,0,0,0,
102,1.431833966116646,1.149460153752283,0.6420170406904238,-0.48422118836992745,-0.14383059586516755,0.03896063217765765,1,0.8130805134529677,0.20922004808234712,-0.12948288988575712,0.8141640539875769,0.37691614612293056,1.2620127472151075,-0.03339763743172828,0.000999930161781694,8.680469022291234,0.7202779172222008,12.730925189816583,13.443154025586036,4.477694579040852,12.704465740763517,2.690805618883447,0.7189571586299929,2.3068936499965194,0.38668863528822534,0,0,0,
103,0.8788036880205169,0.8520882681107513,0.9518378197458023,0.4617554331356224,0.021895937622804073,0.0007556657267649033,1,-0.6764502389626882,1.8362030432658518,0.6483240192286583,-0.6341616100499664,1.474443892128129,-0.9070137532918843,0.9237887065390854,0.6461379243077277,8.718791710857179,1.164030380568053,12.909198384701726,12.735076749850556,4.897518515247555,14.460420756727924,1.3822758099422825,0.3006749088716183,0.7630891808443396,1.1136695278144337,0,0,0,
104,1.541461385222223,1.0973940480295232,-0.9414300681788847,0.032759938400848364,0.13951908297401142,0.098238745463118,1,0.49970510730228246,-0.2950680802672912,1.1366605551999067,-0.17990792832225513,0.3372379102608313,-0.8977302264982333,-1.3356019985407763,-0.6307196850374891,8.233036552349684,0.888236408675723,13.011884373435182,11.362540080890895,5.85738022511836,11.938103994095846,0.3455153470905588,1.3355938152880313,0.48957529282155077,0.9784658997634301,0,0,0,
105,1.7356637709224088,1.0683685038413162,-0.39819201753527894,-0.09869383023935872,0.0995114137589243,0.11262386932072664,0,0.9273489386679454,0.6276005169537147,-1.5483777511017123,-0.6393567607203046,1.1469458182387655,0.34733573811279966,-0.12169760865808131,0.9476337211363602,2.465084963970121,1.356231064131846,3.8237579618331035,1.924139058718418,1.7188810718255998,2.6961097155392437,0.6704194008581974,1.5252931455523744,1.0491946376134527,0.8683946045480377,0,0,1,
106,1.237789277323205,0.749989513320839,0.8863226587619907,-0.14258543916454403,-0.14357099427131614,-0.010857719713733803,0,0.18180569713464168,0.0991898675009174,-0.8762165590916121,-0.06333037016678039,0.15563523796314435,0.9362897721494061,-1.1091617806320573,-0.09126199663840999,2.9977115170692548,1.1978093932651868,4.305212843646321,3.527738174139748,1.2258354507188667,4.197620142539488,2.734089982098862,0.32791263447684105,1.4181575048835748,1.364769614942598,0,0,0,
107,1.6235077256009804,1.0219308140805763,0.1962617670404742,0.6353346341728756,0.06846888199683471,0.09811733997758197,0,0.8476148751415485,0.2503828318909245,-0.9188760642888288,-0.8673731100724434,-0.5319480500736855,-0.6547347360632919,1.6211901023738413,0.37350173023406785,2.4348184069187067,1.3585687552162335,4.3815383874314495,1.8819702459209622,1.2244769740859773,2.550901224661808,1.0857801257476063,1.1621786775837006,1.3383754718153869,1.0560516970275344,0,0,1,
108,1.3214927385404718,0.906268421121944,-0.6293532264889239,0.27740357859930864,-0.22230497339934568,0.020253496454016875,0,1.4207537270605153,-0.0583877231917214,-0.8162442757936547,-0.8652487885773502,1.2161779336515912,-1.004056877359082,-0.5388134297089177,0.006940896431865513,3.183790830780793,1.3446644659609504,4.672599165317284,4.298086475464191,1.77875895653246,3.5702999165225053,3.8592790115429567,0.4800135789325376,0.38764818428390735,1.0038811378518138,0,0,0,
109,0.8378729653312091,0.8741388515984047,-0.2583549915935876,0.44535900010342544,-0.10383054508376088,0.2206949610563853,0,0.5566276008068175,-0.9229572616590597,0.045674912707363034,-0.032539241462911,0.560033372906825,0.5934432334815997,-1.840853298365887,3.7358408507650958,3.0394775519096733,1.5176916858242475,4.627087719575643,3.7368534545237306,1.6209255506958422,3.9352134337286797,2.733785216058467,2.2868041716737917,0.20489602459814885,1.7798102864423007,0,0,0,
110,1.101293259105282,0.6335138018249173,0.23137178465826636,-0.26693672996709783,-0.14816565847807558,-0.008104858131220366,0,-0.5789669349522981,2.49584993658854,0.2504889000693018,-0.2542252369817416,1.3159950135055094,0.3602121779142066,-0.1794551273825831,-0.17781251759014138,3.1237974007079683,1.0117410075367572,4.228917576270183,3.6130516494011085,1.4327753467219022,4.730831499295844,2.7055167827986377,0.32163857242827315,1.7163468846230037,1.619300240689426,0,0,0,
111,0.9838768529329135,0.9303170942703499,-0.23542171696204317,0.716968663795097,-0.06753834810809208,0.1444901085175265,1,0.18595864888615574,-0.43937428679272733,-0.7170829747747918,0.7405483020074675,0.5119267764541918,0.9709079306146493,1.0323683872962106,0.6015952491518436,12.017798943391297,1.298199845928105,17.456147076514732,19.813716516637278,6.767158820673117,18.81509988756537,2.294538668140931,1.3202367196236002,1.2390483023561756,1.7964915064116302,0,0,0,
112,1.1624538893214003,1.3704277695124358,-0.5447202859701096,-0.02216234317540811,-0.06381670760649463,-0.12077167668035599,0,1.4041656133281342,-0.11899590128948576,0.2029211560723596,-1.3275435404337281,-0.6544379173620236,-2.577585044623117,-0.9934024370455506,-0.08477483408088606,2.9311030774954805,1.4220780966581246,4.255438369232651,3.1468344956120013,2.147481023024976,3.9570297579908087,2.0849762243051546,0.7827956004734619,0.8415846819811981,0.4941027290696409,0,0,0,
113,1.1032068924865504,1.042710564824568,-0.24209002757501463,0.35050984051024636,-0.06079822465757983,-0.007279738054209663,1,-0.13938263476831528,-0.47521349709929733,-0.26408218684701756,0.19629744064495946,-0.0667713099872195,-0.11453945106574051,-0.33997644361113033,1.6543562267476017,8.551401961305105,1.322329592584521,13.12785719192107,12.830580522912971,5.66024116953406,13.08772602194031,2.149181829251229,0.3041066936411619,0.3128573602734297,1.4493025593355264,0,0,0,
114,0.7716259672051718,0.955413213727685,-0.008791694001070233,-0.303562783069879,-0.10964876769427784,0.008333135931065792,0,-0.9248264303043067,0.7768227387226257,-0.36105196783059895,-0.46788306123208245,0.6028281167741788,1.5431708955481034,0.9932513710880234,-0.1270013413528866,3.2253505129645124,1.2155617793908255,4.121399939331628,4.132155489249875,1.3949772026182905,5.30897801154099,2.3881303506071774,0.4696989094170713,1.7940815494696265,1.534640544508169,0,0,0,
115,1.4028142010167266,0.9622497467153147,0.7097964735761509,-0.1697836900555127,-0.10870518455809758,0.06863060667618308,0,0.484995392506721,2.2637603074231207,-1.3268578844946775,0.8175263486434309,0.40151190764513184,0.152026029588002,-0.6915713285640928,-0.20509037397690197,2.9945272936976446,1.1538666202295802,4.200624549918539,3.041815291935876,1.7154324981668023,3.79882569883161,2.431150142928891,1.0165374559462317,1.5621784022191039,0.2422515028773077,0,0,0,
116,0.733210811079047,1.046021498719581,-0.14429843024078234,-0.23906636005483273,0.19854366602314244,0.14532606782740792,0,-0.5071939807388097,0.50064701304029,0.6683557286327001,-0.36288913525116656,-1.6707829033167418,-1.525605562795918,1.549468664004953,0.9237923822481736,2.779903946828766,1.3018203465294254,3.939051128402248,3.3928796556244123,1.441003421015177,4.013929577680546,0.47517578917220193,1.9227449454684282,1.3580999692621125,1.3627818498341244,0,0,0,
117,0.5034514529154197,0.9390526468274383,0.21730451475972934,-0.05635151347132905,0.03274310704767833,-0.05673975689326145,0,-0.19212777112003718,-0.28841112382909634,2.6800751835979644,0.6028755133921821,-0.907291864092163,-0.37871771976007684,1.8786016017217924,-0.5631826946575021,3.10669384038601,1.2280603676774473,4.478137750587418,3.466082783774248,0.9729146167062956,5.839282643064047,1.2272697057042978,0.27449870182111896,0.8247344044215945,1.6408995177727763,0,0,0,
118,0.889904215124396,0.9446252306749894,-0.6170858712066344,-0.6344653839618483,-0.04415460121810678,0.07847533787502922,1,-1.6588789664101602,-0.3437789037006399,-1.453480668701931,1.9558040976472062,-0.2380274290069832,-0.37115654143329246,-0.24944647961764818,1.1166287732348894,9.768704008464251,1.775578572259106,13.348632822223912,16.105363100176508,5.19577516639151,15.34537777277785,1.838307431849052,1.2022824100262537,2.663623389222693,2.059737180480719,0,0,0,
119,0.6477239347581953,1.1996936144678532,0.3763880680808662,0.03050899024734679,0.05030262404019225,-0.031066268335816462,0,-0.5212432772442397,-1.614616667927664,-1.0793436617120375,-1.4185448624954828,-0.23329624431484625,0.3744247413719817,0.0717519814043724,1.3328017415365399,2.917685087769874,1.7526064973955406,4.394193931157305,3.1249738060043883,1.666681417016818,4.882007424738395,1.077118368234166,0.25005458955896076,0.5221044598353609,1.451368988252069,0,0,0,
120,0.9104378872490079,1.15036917920264,-0.08857423771077046,0.059430647088952154,-0.16959574150834703,-0.006812812505412574,0,-0.25834356103250733,2.2282535255520917,-0.11929688265022041,-0.524386161929121,0.31902632054919855,-0.8363385761095682,-0.4640458592030019,-0.4468377254699657,3.3118110270204313,1.1180373015410532,4.429931226213176,4.35399188803967,2.000002581924388,4.956715505809181,3.1344455108821356,0.3493492232633118,0.9288163418488773,0.06420396319395397,0,0,0,
121,0.869865063394745,1.1364878994856769,-0.0975356941468732,0.6116026746240111,0.030810287094905936,-0.043950327839451325,0,-1.2787967860186416,-1.5904559244154597,1.3786128987094741,0.5015494734916305,1.1365560662644816,0.45456709543358004,1.3417522314186348,0.39519993468048925,2.754807216787842,1.261327399463655,4.7429763493294566,2.4598185064785927,0.9406848864640964,4.148360185153004,1.3764107308101559,0.31098837737953233,1.3761322636874975,2.2293400325358186,0,0,0,
122,0.8300236318149804,1.0028535102123002,0.5433830762375443,0.039016965633789626,-0.03648734015558785,-0.008353511857556796,0,-0.5196736371897701,-0.823877951221486,0.13688626020561734,-0.5381845358527665,1.2870994152201787,-0.4809714952823036,0.7908086381468393,-0.9022022528228295,2.755550909792851,1.2851611417434121,4.229250375544959,3.1756219616809025,1.4760366162944658,4.353924912707093,1.8892818158770062,0.3476413424713788,0.7809072823126972,1.365027401803778,0,0,0,
123,1.0086140445905547,1.307445433263433,-0.30717398973515647,-0.17842352764629785,0.008564751261969952,0.1756110257181396,0,-1.6749054686157092,-0.18338124182621382,0.7104155836733643,-0.5621743756277282,-1.3930666391525968,0.4710848481575839,0.7338460138123457,-0.47605822456364966,2.9506484168671956,1.0300345281297374,4.19860324141432,3.481247131628912,1.5106106321018737,4.4502415277387755,1.4508523711069652,2.110941142270192,1.60501064198965,1.4301228996855158,0,0,0,
124,0.930094882208218,1.159187260440028,-0.4213132056176538,-0.18184550753593345,-0.07762565174793079,-0.05535603434284785,1,1.6506227710387542,-0.22691164323903468,-0.3286414485290426,0.7790846124613556,-0.39640291557637475,0.7533280798288076,-0.9728782029914164,-1.1249797028762751,10.081355863058793,0.9056339299758038,13.866297793594892,16.466959649787416,5.278144078520873,16.897337757360837,2.1702224470613922,0.393520328463365,1.3566531851851567,0.3578317704246729,0,0,0,
125,0.884901381273996,0.7944781184591524,-0.35955590502999707,0.09212020345354889,0.005767165644946053,-6.155203870225868e-05,1,0.38188660408929553,0.23757404656926895,-1.001682755911561,-0.7303071402002909,-0.3325379414804889,-0.9379335469621914,0.3801045136686917,-0.3402450821629893,9.020470613633396,1.2880103690165465,12.978682651333106,13.831290325574297,5.7519531644955375,15.024132673138547,1.5045973970292712,0.3476876350930115,0.523719844100089,1.5170851152191767,0,0,0,
126,1.4056504058246722,0.9582129926285191,-0.4470106077675618,-0.09876113075754252,-0.01076851681070614,-0.09175977389784562,0,0.9019157307473715,-0.8825230826537486,-1.4472870344464888,-0.13507838967398955,-0.08680507260379641,0.23345128512919847,-0.5235711313189525,-1.5346171946375589,2.704514258579796,1.299048404468672,4.011383810699598,2.588212660477711,1.4026504884585576,3.729584274471055,1.6051393053337701,0.5813727577379102,1.0017243450136974,1.1837478157743722,0,0,0,
127,0.6036384123702562,1.1828304921801815,0.34047937229555325,0.16650092925029403,-0.0001913679755982733,-0.03979215149266238,1,2.268770218071447,-2.2266760204815252,-0.507556717578459,-0.7915944434280671,-1.0739854896233514,0.8777322485929446,0.8186130815695422,0.64908874729738,9.074518293654195,1.4480222295730005,12.816761906908846,13.823134863510008,5.321005617606049,15.771413558104662,1.5414512928531874,0.23474429911359582,0.22271411516343786,0.9137597237419202,0,0,0,
128,0.6844534436793761,1.0967431352928636,0.7560563938029076,0.3013346532836659,0.08966076524207944,-0.18593800248956083,1,-0.5905045130386092,0.21028506168474467,-1.3578928347733616,0.039304986259550034,3.049563818994015,0.4761183393736691,0.7456244633831626,2.0748035717186966,7.904446109667086,1.779291647093956,10.781411028090272,10.479364878445942,3.507593825470956,14.717260818122144,0.7474335877830789,1.347345484024229,0.7337156628452229,1.2139892886829085,0,0,0,
129,1.1165508322832856,1.0183717421027911,-0.2895343983038929,-0.1075881132921954,0.0022067578384991258,0.032742908224359796,1,-0.9308982890372819,0.779280227750726,-0.07636982231878922,-1.2924255788796708,-1.8139253918309417,0.4809122838325336,-0.6991190662046952,1.2217301643044485,9.637417699461185,1.589037364015107,13.704347224495528,14.866756925019585,5.866237609244537,15.135613213329508,1.5270054357272462,0.6524998645966087,1.1508784508788237,1.2957327607367608,0,0,0,
130,0.84890305362463,0.9978078450582225,-0.009917587433714776,0.4247267552434204,-0.06428220877510896,-0.026738027209549695,1,0.7069982895437038,-0.6812557547580324,0.019446206279576488,-0.2049658182528272,0.5559015080005671,1.0783785791195368,-0.48421956507994135,-0.3478415310898725,8.770993185878,1.0858367925422185,13.35035280927505,13.63699979040946,5.607512730455868,13.50846345131411,2.201389910534198,0.32125851592290755,0.47950108327758123,1.1498024421929791,0,0,0,
131,1.508397336203329,1.2995743984750452,0.6194968767248741,0.38494390249395855,0.00028610828338594273,-0.15945048523667016,0,-0.9808534406698725,0.49065517484739085,-0.8495900715170163,0.7745639429695934,-0.3081414199885515,-0.18655510826843705,0.4918240775284051,0.459763183753772,2.322006178437539,1.190734555655975,4.549660481507722,1.4261869882189024,1.3831096342063804,1.7151216342466395,1.6146763923971648,1.1237025105315515,0.6993881444480533,0.7233405593636959,1,1,1,
132,1.4816096091980047,1.0889747713637632,1.043997413498098,0.0011308445020589213,0.16080093230804798,-0.05589467308770392,0,-1.1313029323767163,0.3722877266844042,-1.026496272094208,2.0627052788286706,-0.332996762243702,0.9562380682208449,1.7962910751680428,0.181731075358196,2.344251965032888,1.618162876815643,4.2528690908179865,1.623356152050785,1.4094231629505276,2.569104700429846,0.11827932121030602,0.19522994307129243,0.25994570763278046,1.6530225570439454,1,1,1,
133,0.5792193237690718,0.941879954645489,0.0416090160992247,0.2433469095244636,0.0717278127227494,-0.017804784648859533,0,1.1958654943497846,-0.2857150757307294,-1.7921729844619725,-1.9308661428991996,0.38566678643256125,1.357018377271972,-0.10569531434147574,-0.10175487199447378,2.700580810480008,1.495498183556243,4.379788176924176,2.356177520997459,1.5443249013392233,4.32295622797719,0.9653329413872883,0.3068455325105309,0.24594861772946522,1.0570785715158795,0,0,0,
134,0.685090139624667,1.0604692295456568,0.18791251014330712,0.3009424018023901,0.11381503065778453,-0.10340090353075232,0,1.051877209801539,1.2500719055943197,1.0570053990743653,0.8456756912398451,0.772929219789618,-0.17599570815745663,-0.27006988579149455,1.1647642660708508,2.4080386818778505,0.8288415043355264,4.589910123891504,1.6693316310051307,0.9900598665324413,3.778083930320479,0.5761575389742668,0.5410038167145435,0.6921703060391853,0.48464837497008184,0,0,1,
135,0.43793938137178934,1.137147303336117,0.12817474464999776,-0.3775764128564405,-0.06499421139437345,0.11528184772977111,1,-0.474739909123291,-0.4713048770628215,-0.6819417424129587,0.35088011943419783,-0.7086453323913202,0.31792813696195854,0.5665766287528372,-1.1448067730965052,11.207622109320454,1.1548339942467825,14.602779811847654,19.241105795321005,5.975040161744982,18.70939299038989,2.062471291413801,1.4318054074873339,2.081083696702348,1.1587254365017825,0,0,0,
136,1.065837198765521,1.260488784576165,-0.7937202210443347,0.3058960990393484,-0.08222943646106631,-0.08307672421653924,0,-0.05938408627736056,1.2576026242117098,-1.0240261193676354,-0.23210786522887203,0.7528712223162671,-0.5804198008591157,1.1061129797882874,0.2714814830961291,2.6349474743292935,1.2365972375705983,4.441847001681142,2.5474824328464845,1.6829894403877075,3.1463070413793206,2.375308863763846,0.5046565084209276,0.2203636026893886,0.6385998480890689,0,0,0,
137,1.1040104667495072,1.2618535713158547,-0.39741083874079675,0.36165855741986497,0.041736822934506784,0.0024709514740438748,1,0.11239895771973113,-0.40592341082104455,0.8086637427966036,0.9868916281068272,0.8117155996241928,0.762962163223873,0.5859575079785938,-1.2092274459918892,7.894608926200854,0.8470687161230317,12.254048778005536,11.303149330371111,4.3970612897087715,12.74131017811853,1.2067887942939146,0.3588156211078688,0.49328342738157593,0.957539216488743,0,0,0,
138,0.9909300195628066,1.3186571310752895,0.2317754141504773,-0.5344559541659555,-0.029426214761529425,-0.05535950450090932,1,-0.9223129987530202,0.285867606323317,-0.7676527927061781,-0.9838493365825972,0.585831451634257,0.47082073942062763,0.39435506371754514,2.096801960742628,10.274123314810181,1.6382374385079808,13.776045725904321,16.402374463333658,5.209828276583426,16.856691583480668,1.7571575989800388,0.3730569107334918,2.262347535887155,0.8540459764167665,0,0,0,
139,1.1919301126167952,0.8824029452743171,-0.2628217241443781,-0.06473060451429744,0.05834354579281588,0.1705343730035544,0,-0.017996651503193205,-0.4941201878487872,1.7767403080432773,-1.9271072397396505,-1.013529169180723,1.426200618776412,-0.702704370937099,-0.5455522046483887,2.6412934223694404,1.1747261214930023,4.137660474856361,2.6802483629083445,0.9728623796830508,3.4250243423690896,1.050361337286711,2.057404739133929,1.1410966389632966,1.6728807142868518,0,0,0,
140,1.0155025126680464,1.0877101346580704,-0.6760563749111542,0.14230672724823773,-0.038966668079355476,-0.05572467615242993,1,0.07517030785908306,1.1190006659149676,-0.4904207705337698,-0.29187148697463955,-0.2229255948097891,0.4274839425602143,1.590317335325766,0.02544720953807685,8.499574863099902,0.9748553957678248,12.2344852972602,13.120934103912361,4.899520769381834,13.758216260726043,1.8727041323871851,0.3298318335835554,0.37856225112950337,1.0875185133083893,0,0,0,
141,1.420733950747749,1.1939410272723627,0.12601809897863114,0.04035510104580587,-0.00463319174963705,0.1489427966123363,1,-0.23921234027083194,-0.09974147488471563,1.4953954880973868,-0.17432038256132973,0.10732236596556244,0.9508298993312415,-1.61073019643735,-0.8105388482810811,8.856726116070504,0.982748030509399,14.011484163696089,13.168611851766405,5.923308864559313,12.733173123803255,1.611352900683981,1.671759900368451,0.9031396010569124,0.6187285789802389,0,0,0,
142,0.7885660679645125,1.1859669869211047,0.03798331153877547,-0.5301096337445078,0.10824587778058165,0.07638814516057797,0,0.5048129788421221,-0.3693012455961569,-1.1580421906984204,-0.19985454184007803,-0.21723806180586885,-1.0263748959060208,-0.9995799023578528,1.9858684061604488,3.1358112517216448,1.6482537934961485,4.0292559229552705,3.8565186334251225,2.095428667661392,4.449362502098154,0.540422691794532,1.303351392819816,2.3066242190655837,0.6263465993455549,0,0,0,
143,0.8124160934371006,0.9010782990048846,-0.2995622747618847,0.1436259948298002,0.2156246144157418,-0.09372094155930848,1,-1.0301030472940864,-0.752692809337093,1.3627809921937093,0.16230516623625674,1.1736639808941272,1.3269425065402325,2.084087267995361,1.1581606283605335,9.066906289347425,1.2984114863039458,12.20028570045174,12.446117518074256,3.9045397272637667,16.854227896165987,0.402782613488915,0.3135414788649869,0.4299336117828023,2.412996748587918,0,0,0,
144,0.62432635624866,0.5614261102958906,0.21798944525978556,0.02320002692066777,0.04907800495598147,-0.17347105719372302,1,1.1334603415387248,0.6578176541614942,-0.9094787769579012,-0.09359764592549778,0.980125582238729,-0.7829590203080256,-0.4614440349730303,0.6756534453575652,9.604180696894954,1.2293299267874307,12.911109641107313,14.504902298615692,4.784968214339614,17.697692621584697,1.0952335947614589,1.1693724308969693,0.3491701922258866,1.7372470057257363,0,0,0,
145,1.1239725258705457,0.9429508179584595,0.9565608989274382,0.2712801859452138,0.0007023720441234754,-0.004260918869364924,1,-0.560079017955984,-0.8661430191022642,0.3979361079701034,-1.6521658400167838,0.388824128863145,0.2985210329376386,-0.9153930655244622,1.0927563068175166,8.261383707331195,1.5747788882135847,12.337824709847508,11.84832536802142,5.375252276461419,13.32822783882773,1.5556950817949238,0.28050262864594155,0.16992196935356907,1.411969414628964,0,0,0,
146,1.1284218271981907,0.8950289644303855,0.023024242450793816,-0.2381908421601585,-0.0678604783275281,0.10511150821739618,1,-2.668702130068161,0.6081186056060854,-2.1628534536084603,-0.8241439326497852,-0.5969866016437912,-0.2563350380554326,0.07485125280899722,-0.9585325660235993,9.996109668764634,1.7247354581889596,13.622640792471763,16.37578457080678,6.373186727021826,15.054933896136728,2.105339004991504,1.291214931630943,1.7433075802860283,1.857063546099801,0,0,0,
147,0.9951400616756872,1.1374630464861009,-0.2407179131465966,-0.1940870277142371,-0.11147246396314602,0.08674232101045398,0,-1.650214114542516,0.07409608994820549,0.5679269834625137,0.9164466541354678,-0.8155359384487592,1.7746198601478953,-1.0877559146620857,-0.2011747080523302,3.0755164109741395,1.194566222877213,4.1619100434497796,3.7062700150068797,1.3187334026035962,4.760530437193442,2.444209585556705,1.2064926317480196,1.6661565366851014,1.5358160175500268,0,0,0,
148,0.5205980698139031,1.1519175884922892,-0.9236364494478249,0.10411584270036903,-0.08956379893424582,-0.03317282671042433,1,0.08077785948457279,0.9689184701731383,0.5528166880105332,-0.14796380785523602,0.07010056707956636,0.5012509468548245,-0.23281239904703985,-1.9895959058780084,10.049218343812875,0.866238170360691,13.3853282815156,16.4057897666398,5.405444250731852,17.540661062452703,2.3461473763296707,0.2961726866518712,0.6291401134195025,0.6889640486790753,0,0,0,
149,1.320040763052511,0.8883269943174258,0.5734926790327844,-0.21173619826574178,-0.014029144153588078,0.10121474015661286,0,-0.4669125464203423,0.8598431210275214,-0.28572830201573135,-0.07794253182468966,-0.7900847329767248,-0.8592114017422333,1.2090969258192379,2.2175852808926297,2.7701994197126094,1.3221141721266951,3.845487179185414,2.7999149958552727,1.5322571444645794,3.8765059462148046,1.6095357895918618,1.396306359814775,1.5751297024279005,1.5259833507288396,0,0,0,
150,0.6152864725851936,0.7267220054047829,0.10034703422950648,-0.3333813004447565,-0.052498530461487974,-0.14041105442897825,0,-0.9064508431954776,0.2401186903918894,0.8722609980945887,-1.4692184317303651,-0.7667343320221112,-0.6711649287652951,-0.18895059827347327,1.5865640999644681,3.554201305820335,1.263917276155543,4.455472671037464,4.624876518358592,1.229400247618671,6.430233831421178,1.8843106157703333,1.0049511788260839,1.5928257912033008,1.870377976741127,0,0,0,
151,1.4077146532509752,1.0363181271419508,0.24137619343335193,0.3193052719553079,-0.051056719946971064,-0.06181188049088662,0,0.5635287490883775,-0.6342878758610142,-1.1072800435186356,-0.3217252207804469,-1.3954781934650893,-1.933496551628775,0.27020839755392917,1.2474177239508875,2.3915566752348423,1.6681708929494645,3.933877642326867,2.014925269563429,1.6290032854853749,2.1230901797696404,2.068131992906567,0.34068295774108703,0.2960633772743936,1.038025991680852,0,1,1,
152,0.9462101145723423,0.897719689454167,0.05870630369630888,0.09325511438536005,-0.08033909413372545,0.1143882847146573,1,-0.37119773985466287,-0.03506801909775727,-1.2002331011907508,0.5827034090691632,-2.1853860073902798,0.9806105997963787,-0.5132315207688755,0.14288421027257392,9.852538968449421,1.5287336436451016,14.311819686047194,15.618921874333076,6.488096260647122,15.428908067777302,2.2993494713416873,1.2752022085820964,0.8376707000742812,1.6619202497117818,0,0,0,
153,0.8950775175206643,0.6778680339184446,-0.1643384098271043,0.2766540609007383,0.04941671500336638,0.04643839889352658,1,-1.4743134737126309,1.3356259019698362,0.6569736837941539,-0.31314156140477273,-0.21668649144799695,-0.29061348119293146,0.09116326899708725,-0.06440966575356653,8.780989757255277,1.0906044609524934,13.08137005896863,12.608084913452146,5.696893962562418,14.757715237565012,1.160914223276244,0.6779467015316389,0.22018618217226776,2.053944368384288,0,0,0,
154,1.944286146499419,0.7498997487644403,-0.7519288597202254,-0.2153733028976585,0.10282501853342357,0.05150842169917516,1,0.5340614182235324,-1.211995266237787,-0.3882576213003929,0.5064677225510767,-1.0525157046929159,1.1467328386344846,-0.31205406757496995,-0.14597422192468096,8.525226624316375,1.24894451028864,13.238670234720995,12.279076945022414,5.489563592506988,11.750707507292597,0.6379376919448088,0.9386455069669536,1.2990195870542813,2.0351877044353226,0,0,0,
155,0.9656488369085099,1.137969041617058,-0.3309246346372227,-0.4083646055435094,0.04578090143896334,0.1427643256589168,1,0.1666147202425784,-0.485132568229976,-0.794907200235612,-0.575778063954575,-0.48741688740392464,-0.25912396577834446,-1.7826912533635468,-0.18875646789582082,10.220562277525119,1.4764702206880975,14.210155413501766,16.838122734443104,6.46058163396879,15.431024983279984,1.0904959868570114,1.8039667725394692,2.0979408205551593,0.666873531894721,0,0,0,
156,0.6713085946177203,1.2125328289113977,0.6021839279885532,-0.3739333601100468,-0.02659905360885767,0.04767086189541204,0,-1.6727544025298025,0.007371058939178202,-0.7652232983063642,0.7807507560893645,-0.7970046914526006,0.5741390191293746,0.23378687372125942,-1.1818086573355446,3.263031126465146,1.3623943231932807,4.126316918505265,4.254947897352212,1.4531265590436715,5.4085641089532945,1.6839504777613277,0.9297440703183719,1.9377378134152488,1.1464021607978059,0,0,0,
157,1.2372973125545077,1.163804591450468,-0.17504690039406556,0.5476853450853983,0.07409504905854399,-0.00763033787451951,0,0.866830438040542,-0.5732853115016676,-0.005792241576913139,1.6359266345284482,-0.984384438893875,-2.285637445271832,-2.1716250601446565,-1.6907402927592106,2.5141526209155343,1.8795457144955345,4.60353283674379,1.7814929162537179,1.9341355603127737,2.7862581738859147,0.9762996597926644,0.36111568966171537,1.2372481806902083,0.2597802045107035,0,0,1,
158,0.7572167234517169,0.92902634793125,-0.11239743936783317,-0.052615741331985655,0.05353366478201366,-0.041649776671640104,1,0.9711480544291633,-0.3678860151612279,1.4218805147167184,-0.12815778559539764,0.08699660301527577,0.5775168579835279,1.2507025786537591,0.2234605567731609,9.75819856684943,0.7052655418386357,13.492942102808186,14.958519132760074,4.68009211271673,17.15397333409266,1.077887058370569,0.1880144119066559,0.7747299324368824,1.4212247749554912,0,0,0,
159,0.835813536938243,1.024690952570314,-1.168764909882738,-0.028807710109456774,0.15113567230621658,-0.020780769520687768,1,-1.7642865817467466,-0.2117618797096857,0.4881442993650995,0.18823587632754468,-0.7747704533629174,-0.0636023839241361,0.45284594598488404,-0.022757986561278018,9.42507227664828,1.1178739442470562,13.226826886626368,13.77721747567506,5.345920861421606,16.45597473130986,0.1819338035418872,0.3358393006691085,0.4480049952138189,2.1023917641025927,0,0,0,
160,1.2852429407613508,1.0505663572976025,0.24385618628397243,0.09805846137090886,-0.07036957971232798,-0.16558193167872337,0,-0.07299896809577747,0.7254094686853204,-0.30496738550757013,-0.3918456385290358,0.8470669369995075,1.131410785836232,0.38002116733646724,-0.5517240916858549,2.5437988859057534,0.9286965783546856,4.238096858800546,2.4146547312345237,1.2364741834627957,2.978188003942437,2.174305864523479,1.1867707389701931,0.4390250084170244,0.9222400433036995,0,0,1,
161,1.7450485387826071,0.9612961578097212,0.7229553411156544,0.3560029786300832,-0.11447817562531792,-0.026916048568160263,0,-0.38379656243643345,-0.21596483884409656,-0.03427050434240929,-0.07031621265078213,1.8259142140311582,0.17750845742744387,-1.4028486054196945,-0.6408746847040165,2.55745108591627,1.2983587282900717,4.503414262904648,2.5110280981928845,1.6541352571722536,1.776364527586596,2.7607644819758925,0.31129487947365775,0.2539707888819523,1.0356918248787461,0,0,0,
162,1.2521157248650934,1.149859530533912,-0.20249479130862724,0.1026617694912636,-0.0450728760460678,-0.11227152752950963,0,0.21056892499239974,2.222358488428447,1.9395353974131044,-1.1793379732292035,0.7870565524162704,2.214281139384801,-0.46892783061269844,-1.3852098435819586,2.6610339479348513,1.154091700690012,4.494502352664632,2.294274360769749,1.9233658132841307,3.306657460421767,1.960821227346361,0.6951821368370095,0.4571575610658726,0.20183919544918502,0,0,0,
163,1.0974351823129684,1.3157586685669322,0.176322798678091,-0.049166019321792286,-0.007872601466611808,0.0593458565852244,1,0.11989889744873701,-0.9640940112667665,0.914521142214825,0.39418618267571737,0.4832384861149658,0.3289093755388598,0.9784133805415008,0.6153847249687919,9.39329218721803,0.7390937415090802,13.798235483424385,14.565407889434566,4.951713083217406,15.258551135563128,1.6201705381969012,0.8946033308073948,1.0491049351769046,1.0909421163800344,0,0,0,
164,1.4801906454133178,1.4887425013423794,0.0019716973760486338,-0.22312979894868717,-0.06830638991987936,0.11623084690694796,1,0.9161756054624829,-0.3276917313184571,0.6490977756572411,0.013140223595418006,-2.351907935161072,-1.656500098195861,-0.6442300585842282,0.47795082245278286,9.340349328619931,1.521417945041768,13.3119675031347,14.495831048361076,6.162396759421071,13.49531762592121,2.1019945049247815,1.372475114725833,1.6743916622457804,0.35615359801567537,0,0,0,
165,0.9842664484644585,1.0439113556947794,0.7398611753555963,-0.7567672210828017,0.03428002317129976,-0.02984516527080966,0,-0.9340686650208224,3.1166808499272216,-0.8776496103230085,0.16606202314453694,0.3800596330923376,0.49585188228295235,-1.7997944058458453,0.900068009130233,3.0676853622065834,1.4623662502644479,3.8960954190177715,3.5742900361415346,2.1372757779683433,4.047088593076577,1.0666263412580084,0.3510783876859882,2.8226208414012404,0.11337178068599439,0,0,0,
166,0.7548541870670177,0.8399650346269483,-0.7360786923306014,0.3674142716659304,-0.1356536960016397,0.030726070479423925,0,-0.36318836289397716,0.7489753881626823,0.0017459255582242743,1.0755375367149245,-0.08517505874304403,1.2535285563602456,0.46109040058194484,0.4414620647474663,3.09135256909259,1.1998536281259564,4.913494067435495,3.9206797406675222,0.886776260230575,4.40766121519488,2.9869607334090578,0.5401919642516138,0.1933247336962577,1.9255130761473767,0,0,0,
167,1.6974262765291896,1.2913477233581436,-0.021529591562575803,0.04518629606269877,-0.09352787537378583,-0.12959370629221448,0,-1.5304922470301798,1.7402538484861587,-0.16039418081617154,-0.1748971496442013,-0.03265991484532672,-1.188390787334194,1.1997429161454853,-0.8064381529028464,2.6902309061908594,1.2493180127000305,4.445246954374483,2.639910492941472,1.9787066178669726,2.6319150745668356,2.3827777300893582,0.9275259873218714,0.6853375060763751,0.48173868024614613,0,0,0,
168,1.1015418280122053,1.0438603511081752,-0.40100035569551423,0.27122256535936445,0.06041644373334373,-0.1404910092414134,1,0.5787896846207636,-2.1491421947439586,-1.3500592545675056,0.8676052737711336,-2.0746125934855906,-1.357595708506564,-0.43991997473748484,-0.055793510165743396,7.489172114537445,1.8628490461340381,10.747551093617805,10.075227787036239,5.0861134155875005,12.45345841508467,0.9696721533871546,0.8943934504332002,0.4875935115081923,1.5282776964168239,0,0,0,
169,0.932680667797215,1.102824127753164,0.09436500657436783,0.10113254657712169,0.03284877793805887,0.10574624828625984,1,-1.3724437345606029,1.0617673025650352,-0.020323611222616562,-0.4072601748106117,-1.1940024894425891,-0.230455621064141,-1.0017988641018842,0.8044866408865117,9.57718815822282,1.4524974668639181,14.24233007722616,14.175098089048978,6.375787936615351,15.67042081646695,1.2762482641111648,1.3164020690406466,0.5490895346137269,1.0277237507511112,0,0,0,
170,0.4998558752569949,0.5056990425312484,-0.1970745439059876,0.40893499364821045,-0.11075080230661748,-0.02098677557693586,0,-0.491751983607503,-1.1688325084408513,-0.5153860960361119,0.8898746101834062,2.7459349711896786,1.0686881506878136,1.2055421086679052,-0.08980981410780418,3.14514916762926,1.6582836772920269,4.690642472757015,3.9369314101490316,1.1316101442609978,4.634981895369545,2.7477568448283454,0.31009892259227345,0.3871207314467072,2.7119233531319735,0,0,0,
171,1.4736786573533325,0.6892066039599424,0.22967968157615248,-0.3028959341410499,0.13417744670509388,0.07598460735795716,0,-1.3098365233740359,-1.2492040412045382,-0.5588168121447971,-1.4916729717179844,0.24698011027460484,-0.03694639788689094,-0.31594257718427127,0.7185139830032532,2.5957427641792328,1.4517289238769875,3.890777537354802,2.5096518725352848,1.4470639299607704,2.8385166174965715,0.3569610350242923,1.2492728505053183,1.5549961818681948,2.3529296303334175,0,0,0,
172,0.9335144816676405,1.0859761911018717,0.27180614097594114,0.2574841170624456,0.17331960541327168,0.0545590550492066,1,-1.4551359583742787,0.3267366206468801,-1.339052750740261,1.05583025316804,-0.6007887964504889,1.3508265875146181,1.261649206810533,0.028777769121336345,9.04952317387121,1.4514801173797485,13.429132291178433,12.39591097819786,5.501310373447895,15.45927998975723,0.13459447899231436,0.91474245004467,0.47747222976256165,1.759366805675296,0,0,0,
173,1.4124803317655457,0.830766928286658,-0.13197480414395224,-0.16228227431699818,-0.09327978991446687,0.00844924263936123,1,0.8620625399290411,1.8293733050707581,1.336837250709973,0.5779255559078625,0.8929976758707359,0.9155115410328698,-0.09036334141299414,-0.7619360551396129,9.050127703506918,0.6176628744863888,12.964388135101032,14.226733296312286,4.620490962993463,14.196774368498968,2.331251015655796,0.3985594850084354,1.4172326077603463,1.012412478168419,0,0,0,
174,1.2022350694796213,0.9185331006745976,0.5086599742939854,0.05084919217893367,-0.02224054866899341,-0.11783522618300078,1,0.23082915272255872,-1.5555092979333152,-1.0896087197007975,-1.0801228341844826,-1.9789061933058245,0.28897523016643767,0.3230128113239533,-0.7249213297297012,8.864675841215256,1.5937162565241643,12.709704580413092,13.025248792212096,5.622060571459422,14.52942804299524,1.7097597403553966,0.7706990671444969,0.4885292015030474,1.5484711619161093,0,0,0,
175,1.1356248460304605,0.8742152136748363,0.23360299204624368,0.3464016416478612,-0.11283694686954944,-0.1924944197607129,0,0.8634165627334055,-0.5102421541100266,0.12849997586451017,0.8546427128314389,0.4130797803915563,-1.6078937003818592,-0.2854898026219155,0.6567940404833577,2.6725565009406616,1.2378011631911918,4.678318320133641,2.4634514452380962,1.0671584827688188,2.811362950469212,2.688015258517135,1.494534142827236,0.4059448456557053,1.2217043623513815,0,0,0,
176,1.6202168166666564,0.9281685375356632,0.043571848578537735,0.19982032937523403,-0.16433973733740892,0.016923369308044032,1,1.813774074799074,0.756572085746394,-1.075438472436232,-0.39734318460249424,-0.06642597698251947,-0.22283797914730105,2.0729565349723944,-0.10941998635200882,8.882412476128748,1.1932436453410147,13.636637748270015,14.24907849278408,5.6108046952808905,11.536591381287973,3.055256678748833,0.34232704573332423,0.5419811797592786,0.8926968454951721,0,0,0,
177,0.7880865502958059,0.9051993940687794,0.3645811547966898,-0.9746214006633145,0.03837402476149423,0.10270189920701063,1,-0.5806032775593564,1.1380648409844478,1.0232378387237457,0.06701233711557593,-0.35478970918336344,-0.669749294306366,2.4917878723956184,-0.510467086215579,9.30163776511185,0.8849917744935856,12.37614183807699,15.277368696215875,4.171225318608509,14.570480893287113,1.0873417714641962,1.5782988103014683,3.783385424248225,1.3081125666758697,0,0,0,
178,1.250984740448131,1.238178915476526,1.1762462644164924,0.029134349692541743,0.02225865607744414,0.04089136127965816,0,0.288651710401042,-1.3624465625555393,-0.4406889267657623,-0.5413567165565905,-0.8416964498718669,-0.6039123705047063,0.8260838749213266,0.48862700871889264,2.4256943861850635,1.2667104596857746,3.924296344447628,2.243117146634716,1.5132521179013951,3.0905996531471134,1.3437154080809655,0.7866264164796086,0.7305292047320208,0.7370330260966285,0,0,1,
179,0.7476409231151296,1.1608280022937756,-0.6615794588552725,-0.02282764936240796,0.09215499116473874,0.04476027460331426,1,-0.878552561586823,-0.8409210131872673,0.41434002209648385,0.7670526998786753,-0.6722490065247196,-1.431914509576545,1.0869513547327898,0.4080734266096382,9.78708784887012,1.2427570056376485,14.068442655823933,14.63907853103332,5.55023745720549,16.901687547461712,0.7262410371002961,0.8705414235601389,0.6974247672492647,1.6441833530541992,0,0,0,
180,0.9443216568393458,0.9860865601942875,0.7158540486268928,-0.12557521606995165,0.022235536835231308,-0.11798788989244763,1,-0.23619711677531602,-1.962096343459332,-2.3271277699033543,-0.27336100799241475,2.718217144646336,0.14586790731838747,1.0894929314954078,1.6447907434809568,9.89025570928625,2.1707845990639068,13.765011095186072,15.08451429967057,5.162401732635832,16.815993768299915,1.3472216377053952,0.7344783749183919,0.948124069993422,1.8556738334983884,0,0,0,
181,1.0416665509843914,0.6245411238172591,-0.4303463128308116,-0.6650347181057904,0.24855878633238637,0.08006428069403426,1,-0.005755520969462379,1.424417973377945,1.4241585440317739,-0.5322868445292539,-0.011514440514427824,0.6371607719742945,0.32544511703757933,0.9138547794940589,9.298913032978186,0.874892824182025,13.800758657788313,15.33748241420258,5.106415539382884,12.60965421882278,1.2101565638083907,1.5168278324724946,2.9396877030955606,1.9607576909814488,0,0,0,
182,1.0165083878719436,1.1177226347282374,1.2058442612769196,-0.17918314325242043,0.020348575169465106,-0.10322632350858824,0,0.7838839041977463,0.002395564248803161,-0.6524621474094423,-0.2120488747042918,-0.9858622946139899,0.22237561502782122,0.904735191805046,0.9585887787978911,2.78903858262101,1.0083988334967473,4.413675186411364,3.295986271982951,1.2882152397168527,4.3702208030506,1.2996498630238986,0.6127767016651443,1.127700813733795,0.493844841013208,0,0,0,
183,1.4591158282477614,1.4183861626736396,-0.0031952255217904046,-0.023822073300575168,0.04237689501452408,0.1246803776745352,1,-0.01109663684160307,-0.2438608631307741,-0.36078772671910886,0.9002478353743772,0.031174335295529234,-0.6816322493807939,0.8271367050372674,-0.06684756965969414,8.855565357353106,0.9196759967601762,13.727785161607356,12.89970838784781,5.526765039759001,13.122523859322254,1.1408614920567843,1.5172120832718692,0.9074633874736395,0.5311436234188562,0,0,0,
184,1.402352783584743,0.9989203107588106,-0.5988503383654593,-0.2397299823674762,0.15414404248178362,-0.07559502855408301,0,-0.09633486387982801,-0.44961420364576826,-0.34790589365037927,0.04379805540705882,0.38553539440442214,-0.705995099231182,0.15852307776074134,1.8874649145162932,2.4938312261619733,1.3649635197849515,4.267111202268156,2.3649324184853366,1.3228191125208486,2.9113953246764104,0.24574105216017542,0.2805998333640197,1.104510269980302,1.6567707545379087,0,0,1,
185,1.0818072599667226,0.9856405192713362,0.843297201804347,-0.11116360553705938,0.14175830629349526,0.01695663903196083,0,-1.24471830383849,-0.8016456935381557,0.45265677645947155,-1.916771278375253,2.103210809538583,1.084407553893646,0.2276576689024718,-0.6480885486496867,2.8200497085586744,1.5198308233665352,4.212126814884321,2.824211727035424,1.7476072891129395,4.236760447555586,0.2545833227917157,0.6633852126283446,0.8365370019711214,1.5556726427284229,0,0,0,
186,0.6887956586583303,1.0893098918642,-0.15013750746914015,0.2468175350852129,-0.042709289291711944,-0.1599821158505453,0,0.8031175099374868,-1.5415492854954884,1.341788109288857,0.39347763133036784,0.5186444294073704,-1.2180293433812541,-0.8741269744313546,0.9603877553981418,2.635790352033397,1.1938068519997085,4.447201577438432,2.5129997946906695,1.0974877506573906,3.8298319753319525,1.9785299549912088,1.1326746491106208,0.22165192297457564,1.090388085299249,0,0,0,
187,0.5615733238564223,1.305479463508757,0.23901254999302107,0.002855089918146569,-0.02660331808351863,0.12360854893911294,0,0.9710009865462563,0.42456338055539744,0.5982637725699346,-0.8429130410283353,0.4550891566020786,-0.1351772963765473,-0.9576157157131133,-0.8373824665959688,2.972756782204215,1.0109313409583216,4.261194200105038,3.7476704227648963,1.9446424178967545,4.892206720331575,1.7941110990520512,1.536928624189807,1.039734576609698,0.4169355571495465,0,0,0,
188,1.2642673632819936,0.7770631444917555,-0.1225036748535977,-0.3036520061216573,-0.3116403436078151,0.03208650853320262,0,-0.6416694142230885,0.09507450654012294,-1.2469070802996802,2.433125251778874,0.3420351852594961,-2.352941509631548,-0.8228987727201991,-0.08406673763531189,3.2724889371868007,1.838069155342009,4.44999778743305,3.3201842149000873,1.668378834114744,4.003193774715634,4.143874225279284,0.533659701739754,1.8661981166113257,1.6437498959090777,0,0,0,
189,1.3465696640168865,1.0215726156868967,-0.24160674071859864,-0.2577691603764284,-0.12824711977353193,0.030950218896770854,1,1.855541294330214,-1.8162903935173782,-0.026969136849924136,1.684362018602406,0.4156234713713348,0.33793341027776763,-1.671878589209784,1.1538134713004464,9.266225062089136,1.4898496775205958,13.190388534835286,14.748623471718318,5.071208651104338,14.040895273898045,2.596146328437823,0.5980841677208064,1.7112763408778753,1.1963208087640091,0,0,0,
190,2.174610943280531,1.1903470890643932,0.5343451760718185,0.002170831667631845,0.04630428908991025,0.18970434701175573,0,-1.3076555340077916,1.344238604634088,-0.8772758991717375,-1.0468070037046762,-0.8668560242320489,0.841782738156568,-0.20984653078082444,-0.030896200581344943,2.377329416686898,1.3603809646385876,3.884830229741186,1.9748324065555134,1.9236229229062185,1.7414655173039193,1.1711134872626918,2.198042124986973,0.9887450336558189,0.7173332225428656,0,1,1,
191,1.2334238873411751,1.0657156020800533,0.20629303963072834,0.56865319511416,-0.1721807103800489,0.1068761127895675,1,2.004404727281543,-0.17225211291602469,0.19733958099051319,-1.5618804025632584,1.4815031405590118,0.33370551569485835,-0.29073368183076326,0.7973838551944672,11.134951822200367,1.2839475998462455,16.850830515937034,18.770274803302783,6.946134192058579,15.52618401452363,3.4654074018685375,0.9351384962787266,0.6212233464609499,0.35705985287117314,0,0,0,
192,1.503293205697266,0.9616167366335026,-0.08766516305691549,0.060244040476022866,-0.15729017772692355,0.15877725604533588,0,1.4346688669810055,0.7859445843894397,-0.5408634673776215,-0.4633032100072072,-0.3286381187075214,1.4935063228311771,-0.8672290883061842,1.6802151617153394,2.8764074999704747,1.2290483625105,3.943719955230264,3.2550194614326085,1.5706752938525042,3.3348795253159222,2.9975323926246182,1.7993948565981093,1.2042480721527415,0.9347365369317334,0,0,0,
193,1.2026409593691028,0.771166334081508,-0.7146088970190262,0.18190248701921605,-0.06309099808796928,-0.04942390351895264,0,0.7655654235560517,-0.8712044352219717,0.6562268179643153,0.21457882370599132,-0.11755561799584593,0.8738894216271659,-1.4375795764162487,1.8825601407112835,2.5033073967923145,1.2297427100803597,4.281543709684971,2.1887765948920737,0.8856940495914142,2.8039738527485403,2.17522747681318,0.31481669687368363,0.36507004591989173,2.0127152798701866,0,0,1,
194,0.7306487349005518,0.8761701165419803,0.012661532306535116,0.355614231268012,-0.2585190733668658,-0.03747173339111525,0,2.8153810141806406,-0.13839139011892085,-0.4688531265786655,-0.2296627058766994,0.6720128389640476,1.1830778070919539,-1.4149034401113263,-0.38070139459143687,3.686275613109114,1.0386421601008728,4.898909348182419,5.571596889356755,1.4398813220561202,5.266853521957712,4.4514516596038884,0.4279354317508575,0.2622776693783936,0.6836478961687846,0,0,0,
195,1.1517122212557385,0.8068318090729363,-0.2516316018635509,-0.23839039517962704,-0.14998029502228408,0.01518731347311849,0,0.40304816902773016,0.3855829297436484,0.22663839945143657,-2.532893234358676,0.0677947137057073,0.9494738962204444,-0.4930313588169739,1.4953721952026293,3.120260533841844,1.3979432927850715,4.1718923527601355,3.6566787609267157,1.5958597251488136,4.48902051363772,2.7386315498239155,0.4847233096316318,1.7073744488520364,1.5124085491352126,0,0,0,
196,1.0709938985365903,1.0657341036878598,0.17241430484932657,0.036629137624718575,0.07455237603482022,-0.00021897696428031305,1,0.9454444189481163,0.05098714485021982,0.5585216858119924,0.1252601370109609,-0.8342396533653985,1.756865073527472,0.6708556912905864,0.3373214461518247,8.617939653049158,0.7607750469112697,13.174688820058627,12.530798849080167,4.829264578196995,13.789101559332174,0.9026740972203514,0.39191100466681816,0.5113114098044516,1.0754821914466577,0,0,0,
197,0.5530719094857387,1.1220307773070572,0.016664576209612637,-0.23248725467565629,-0.049505353888592014,-0.06962137669329808,0,-1.8666501541044367,-0.8290900695813472,0.8322668891833447,-1.0207278376903157,-0.48172518721372193,0.07215165943347811,-1.2497048034212408,-0.16476754316911946,3.7115215025422517,1.3275678329549556,4.555458116457515,4.679688324568478,1.3908353169560588,7.056812242150421,1.8961888945192378,0.4864105086020536,1.468866054299049,1.5548297640516955,0,0,0,
198,1.1497364531834968,0.8764582259948981,0.37259778234807045,-0.01033344075474158,-0.0043764949970885,0.1359077372615119,0,-1.4112451145208247,-0.48161808224035124,1.2846026821802796,-0.5665160189735728,1.5895205971453692,-0.8597217392338656,0.2832336618007313,-1.9339720438218055,2.690769798820464,1.2288618412685497,4.070728752708854,2.7909087423445893,1.5531528657035314,3.5279972027994018,1.589492247448123,1.6833463182673003,1.0628936946538747,1.6078106261477696,0,0,0,
199,1.180146114470603,1.095175973948397,0.25870850317870203,-0.3669233505025252,-0.07006933821788146,0.06288797373022513,1,2.51769301558209,-0.10774504703532879,-0.9930028859686668,-0.1861771343482837,-0.6405088126304438,-0.4113782663918884,1.5190708389288419,-0.5784057591412736,9.595671678914828,1.172698841225834,13.946033462330231,15.271324862183565,5.6311526826346885,14.089149699129006,2.07528818380345,0.9617511346446476,1.983711409760624,0.16474741800181536,0,0,0,
-1,1.0,1.0,0.0,0.0,0.0,0.0,0,0.0,0.0,0.0,0.0,0.0,0.0,0.0,0.0,2.6288487946927046,0.9543588735816637,4.199913680185748,2.6872740997565105,1.1283061453537808,4.05511751235556,1.522462983072627,0.4505118937807795,0.8032388021439943,1.193589657636056,,,,nominal_cubic
-1,1.0,1.0,0.0,0.0,0.0,0.0,1,0.0,0.0,0.0,0.0,0.0,0.0,0.0,0.0,9.038546556742544,0.9678268087663655,13.210064776522,13.894632004087004,5.275714701137008,14.625235518600297,1.5233169039085341,0.38719424857892604,0.7756048625494271,1.1715297276284828,,,,nominal_bilinear
