source,case,ensemble,band,element,region,nll,n_px
REAL_ruotato,REAL,control,total,Ca,footprint,8.014516397134678,3466
REAL_ruotato,REAL,control,total,Ti,footprint,5.988945032002926,3466
REAL_ruotato,REAL,control,total,Fe,footprint,6.543407268770871,3466
REAL_ruotato,REAL,control,total,Cu,footprint,6.386545020804392,3466
REAL_ruotato,REAL,control,total,PbLl,footprint,5.838226393168045,3466
REAL_ruotato,REAL,control,total,PbLa,footprint,10.124502931536565,3466
REAL_ruotato,REAL,control,total,PbLb,footprint,9.204611137373487,3466
REAL_ruotato,REAL,control,total,PbLg,footprint,6.0589579547662025,3466
REAL_ruotato,REAL,control,total_noref,Ca,footprint,14.251564073474652,3466
REAL_ruotato,REAL,control,total_noref,Ti,footprint,9.916418227554074,3466
REAL_ruotato,REAL,control,total_noref,Fe,footprint,10.813562563564876,3466
REAL_ruotato,REAL,control,total_noref,Cu,footprint,10.317845634082868,3466
REAL_ruotato,REAL,control,total_noref,PbLl,footprint,8.528922514457474,3466
REAL_ruotato,REAL,control,total_noref,PbLa,footprint,18.011102539102737,3466
REAL_ruotato,REAL,control,total_noref,PbLb,footprint,16.4344290778771,3466
REAL_ruotato,REAL,control,total_noref,PbLg,footprint,9.523453876164098,3466
REAL_ruotato,REAL,prior,total,Ca,footprint,7.137847104689066,3466
REAL_ruotato,REAL,prior,total,Ti,footprint,5.879494937836583,3466
REAL_ruotato,REAL,prior,total,Fe,footprint,5.999625609101345,3466
REAL_ruotato,REAL,prior,total,Cu,footprint,5.416034056408394,3466
REAL_ruotato,REAL,prior,total,PbLl,footprint,5.4973503552340075,3466
REAL_ruotato,REAL,prior,total,PbLa,footprint,7.985666430932625,3466
REAL_ruotato,REAL,prior,total,PbLb,footprint,7.7253684418318205,3466
REAL_ruotato,REAL,prior,total,PbLg,footprint,5.950746891567,3466
REAL_ruotato,REAL,prior,total_noref,Ca,footprint,8.720486220015644,3466
REAL_ruotato,REAL,prior,total_noref,Ti,footprint,7.577488948379768,3466
REAL_ruotato,REAL,prior,total_noref,Fe,footprint,7.32941350181995,3466
REAL_ruotato,REAL,prior,total_noref,Cu,footprint,6.754402149121255,3466
REAL_ruotato,REAL,prior,total_noref,PbLl,footprint,6.8998023182762145,3466
REAL_ruotato,REAL,prior,total_noref,PbLa,footprint,8.471229442322834,3466
REAL_ruotato,REAL,prior,total_noref,PbLb,footprint,8.594446573781362,3466
REAL_ruotato,REAL,prior,total_noref,PbLg,footprint,7.539184799392861,3466
REAL_ruotato,REAL,posterior,total,Ca,footprint,7.198966380791113,3466
REAL_ruotato,REAL,posterior,total,Ti,footprint,5.877918741989322,3466
REAL_ruotato,REAL,posterior,total,Fe,footprint,6.151773136250808,3466
REAL_ruotato,REAL,posterior,total,Cu,footprint,5.517289947451722,3466
REAL_ruotato,REAL,posterior,total,PbLl,footprint,5.6170627993266145,3466
REAL_ruotato,REAL,posterior,total,PbLa,footprint,8.380851806177391,3466
REAL_ruotato,REAL,posterior,total,PbLb,footprint,7.9563615190920425,3466
REAL_ruotato,REAL,posterior,total,PbLg,footprint,5.968413210716578,3466
REAL_ruotato,REAL,posterior,total_noref,Ca,footprint,8.985576674666572,3466
REAL_ruotato,REAL,posterior,total_noref,Ti,footprint,8.062875282350195,3466
REAL_ruotato,REAL,posterior,total_noref,Fe,footprint,8.2901673266364,3466
REAL_ruotato,REAL,posterior,total_noref,Cu,footprint,7.272439851285576,3466
REAL_ruotato,REAL,posterior,total_noref,PbLl,footprint,7.509810080110047,3466
REAL_ruotato,REAL,posterior,total_noref,PbLa,footprint,9.572272215396673,3466
REAL_ruotato,REAL,posterior,total_noref,PbLb,footprint,9.15198940434419,3466
REAL_ruotato,REAL,posterior,total_noref,PbLg,footprint,7.995146816788654,3466
sim,a8_h0x0,control,total,Ca,footprint,7.041331313849935,3466
sim,a8_h0x0,control,total,Ti,footprint,5.887311234368659,3466
sim,a8_h0x0,control,total,Fe,footprint,6.263078871244937,3466
sim,a8_h0x0,control,total,Cu,footprint,5.341108718256792,3466
sim,a8_h0x0,control,total,PbLl,footprint,5.624267432322264,3466
sim,a8_h0x0,control,total,PbLa,footprint,8.196761449112705,3466
sim,a8_h0x0,control,total,PbLb,footprint,7.902080046727987,3466
sim,a8_h0x0,control,total,PbLg,footprint,6.124139525944909,3466
sim,a8_h0x0,control,total_ref,Ca,footprint,6.110436666026846,3466
sim,a8_h0x0,control,total_ref,Ti,footprint,5.327535305778779,3466
sim,a8_h0x0,control,total_ref,Fe,footprint,5.315065421016121,3466
sim,a8_h0x0,control,total_ref,Cu,footprint,4.743981386399938,3466
sim,a8_h0x0,control,total_ref,PbLl,footprint,5.1432251354759115,3466
sim,a8_h0x0,control,total_ref,PbLa,footprint,7.117386141846405,3466
sim,a8_h0x0,control,total_ref,PbLb,footprint,6.830409046645023,3466
sim,a8_h0x0,control,total_ref,PbLg,footprint,5.474500687426133,3466
sim,a8_h0x0,prior,total,Ca,footprint,6.409020397092522,3466
sim,a8_h0x0,prior,total,Ti,footprint,5.604942123797846,3466
sim,a8_h0x0,prior,total,Fe,footprint,5.646653769221341,3466
sim,a8_h0x0,prior,total,Cu,footprint,5.0360756884275135,3466
sim,a8_h0x0,prior,total,PbLl,footprint,5.303713325427924,3466
sim,a8_h0x0,prior,total,PbLa,footprint,7.193107323072813,3466
sim,a8_h0x0,prior,total,PbLb,footprint,7.013124526997956,3466
sim,a8_h0x0,prior,total,PbLg,footprint,5.819296799949698,3466
sim,a8_h0x0,prior,total_ref,Ca,footprint,6.162662760581394,3466
sim,a8_h0x0,prior,total_ref,Ti,footprint,5.370369937204283,3466
sim,a8_h0x0,prior,total_ref,Fe,footprint,5.316456926323821,3466
sim,a8_h0x0,prior,total_ref,Cu,footprint,4.73152367186419,3466
sim,a8_h0x0,prior,total_ref,PbLl,footprint,5.072025382151147,3466
sim,a8_h0x0,prior,total_ref,PbLa,footprint,7.172039959515718,3466
sim,a8_h0x0,prior,total_ref,PbLb,footprint,6.89580779967294,3466
sim,a8_h0x0,prior,total_ref,PbLg,footprint,5.521634141047154,3466
sim,a8_h0x0,posterior,total,Ca,footprint,6.482135416214573,3466
sim,a8_h0x0,posterior,total,Ti,footprint,5.703422527103398,3466
sim,a8_h0x0,posterior,total,Fe,footprint,5.908966887171614,3466
sim,a8_h0x0,posterior,total,Cu,footprint,5.150294620989672,3466
sim,a8_h0x0,posterior,total,PbLl,footprint,5.465589409726425,3466
sim,a8_h0x0,posterior,total,PbLa,footprint,7.359143395154544,3466
sim,a8_h0x0,posterior,total,PbLb,footprint,7.096539883417705,3466
sim,a8_h0x0,posterior,total,PbLg,footprint,5.938563240004311,3466
sim,a8_h0x0,posterior,total_ref,Ca,footprint,6.146838585487112,3466
sim,a8_h0x0,posterior,total_ref,Ti,footprint,5.3535040450091005,3466
sim,a8_h0x0,posterior,total_ref,Fe,footprint,5.328668470161241,3466
sim,a8_h0x0,posterior,total_ref,Cu,footprint,4.750434699800819,3466
sim,a8_h0x0,posterior,total_ref,PbLl,footprint,5.111970725838974,3466
sim,a8_h0x0,posterior,total_ref,PbLa,footprint,7.171304569483337,3466
sim,a8_h0x0,posterior,total_ref,PbLb,footprint,6.89750126283982,3466
sim,a8_h0x0,posterior,total_ref,PbLg,footprint,5.5054147894829715,3466
sim,a8_h14x20,control,total,Ca,footprint,7.488105304443708,3466
sim,a8_h14x20,control,total,Ca,hole,12.911365448906077,278
sim,a8_h14x20,control,total,Ti,footprint,6.035344409823738,3466
sim,a8_h14x20,control,total,Ti,hole,7.964441845712858,278
sim,a8_h14x20,control,total,Fe,footprint,7.120338047401866,3466
sim,a8_h14x20,control,total,Fe,hole,18.91731305223919,278
sim,a8_h14x20,control,total,Cu,footprint,5.731036417073764,3466
sim,a8_h14x20,control,total,Cu,hole,10.955546850208423,278
sim,a8_h14x20,control,total,PbLl,footprint,5.894496825702519,3466
sim,a8_h14x20,control,total,PbLl,hole,10.077986639901358,278
sim,a8_h14x20,control,total,PbLa,footprint,8.187433263272744,3466
sim,a8_h14x20,control,total,PbLa,hole,10.478102283136867,278
sim,a8_h14x20,control,total,PbLb,footprint,7.959742636379265,3466
sim,a8_h14x20,control,total,PbLb,hole,10.269722050199636,278
sim,a8_h14x20,control,total,PbLg,footprint,6.231678476157754,3466
sim,a8_h14x20,control,total,PbLg,hole,8.053490809227139,278
sim,a8_h14x20,control,total_ref,Ca,footprint,6.5933618038391915,3466
sim,a8_h14x20,control,total_ref,Ca,hole,11.822535481392066,278
sim,a8_h14x20,control,total_ref,Ti,footprint,5.444558339845344,3466
sim,a8_h14x20,control,total_ref,Ti,hole,6.79079556267041,278
sim,a8_h14x20,control,total_ref,Fe,footprint,5.828184292581917,3466
sim,a8_h14x20,control,total_ref,Fe,hole,12.154538776936297,278
sim,a8_h14x20,control,total_ref,Cu,footprint,5.117757165183408,3466
sim,a8_h14x20,control,total_ref,Cu,hole,9.673067524238816,278
sim,a8_h14x20,control,total_ref,PbLl,footprint,5.3393672320469845,3466
sim,a8_h14x20,control,total_ref,PbLl,hole,8.067055589077897,278
sim,a8_h14x20,control,total_ref,PbLa,footprint,7.338668480055858,3466
sim,a8_h14x20,control,total_ref,PbLa,hole,10.35584472831309,278
sim,a8_h14x20,control,total_ref,PbLb,footprint,7.07329761376791,3466
sim,a8_h14x20,control,total_ref,PbLb,hole,10.083346009012697,278
sim,a8_h14x20,control,total_ref,PbLg,footprint,5.625012957357348,3466
sim,a8_h14x20,control,total_ref,PbLg,hole,7.355589121047864,278
sim,a8_h14x20,prior,total,Ca,footprint,6.983462350266594,3466
sim,a8_h14x20,prior,total,Ca,hole,13.679266995373752,278
sim,a8_h14x20,prior,total,Ti,footprint,5.996805731649275,3466
sim,a8_h14x20,prior,total,Ti,hole,10.561425994706527,278
sim,a8_h14x20,prior,total,Fe,footprint,8.28605793429819,3466
sim,a8_h14x20,prior,total,Fe,hole,39.61088680968413,278
sim,a8_h14x20,prior,total,Cu,footprint,6.004852067681065,3466
sim,a8_h14x20,prior,total,Cu,hole,17.302707696092263,278
sim,a8_h14x20,prior,total,PbLl,footprint,5.848647878615924,3466
sim,a8_h14x20,prior,total,PbLl,hole,12.909478245029844,278
sim,a8_h14x20,prior,total,PbLa,footprint,7.532275689590873,3466
sim,a8_h14x20,prior,total,PbLa,hole,12.036366451796326,278
sim,a8_h14x20,prior,total,PbLb,footprint,7.390875361340608,3466
sim,a8_h14x20,prior,total,PbLb,hole,12.280968258312528,278
sim,a8_h14x20,prior,total,PbLg,footprint,6.150166773714953,3466
sim,a8_h14x20,prior,total,PbLg,hole,10.064815009397842,278
sim,a8_h14x20,prior,total_ref,Ca,footprint,6.69929869826101,3466
sim,a8_h14x20,prior,total_ref,Ca,hole,12.636637288438873,278
sim,a8_h14x20,prior,total_ref,Ti,footprint,5.517342295823069,3466
sim,a8_h14x20,prior,total_ref,Ti,hole,7.2250901383434885,278
sim,a8_h14x20,prior,total_ref,Fe,footprint,6.124993939927101,3466
sim,a8_h14x20,prior,total_ref,Fe,hole,15.75666997993484,278
sim,a8_h14x20,prior,total_ref,Cu,footprint,5.365683796777455,3466
sim,a8_h14x20,prior,total_ref,Cu,hole,12.710473420117827,278
sim,a8_h14x20,prior,total_ref,PbLl,footprint,5.476624205437001,3466
sim,a8_h14x20,prior,total_ref,PbLl,hole,10.609643707977467,278
sim,a8_h14x20,prior,total_ref,PbLa,footprint,7.519891146527972,3466
sim,a8_h14x20,prior,total_ref,PbLa,hole,11.731977771651877,278
sim,a8_h14x20,prior,total_ref,PbLb,footprint,7.271612071661891,3466
sim,a8_h14x20,prior,total_ref,PbLb,hole,11.725139257135224,278
sim,a8_h14x20,prior,total_ref,PbLg,footprint,5.731474945912435,3466
sim,a8_h14x20,prior,total_ref,PbLg,hole,8.11645462220411,278
sim,a8_h14x20,posterior,total,Ca,footprint,7.5344383041046745,3466
sim,a8_h14x20,posterior,total,Ca,hole,19.395616903267495,278
sim,a8_h14x20,posterior,total,Ti,footprint,5.940275683886942,3466
sim,a8_h14x20,posterior,total,Ti,hole,8.795803428731393,278
sim,a8_h14x20,posterior,total,Fe,footprint,7.612706865015767,3466
sim,a8_h14x20,posterior,total,Fe,hole,28.166671603809792,278
sim,a8_h14x20,posterior,total,Cu,footprint,5.979576465576281,3466
sim,a8_h14x20,posterior,total,Cu,hole,16.224501650710774,278
sim,a8_h14x20,posterior,total,PbLl,footprint,5.931572013771294,3466
sim,a8_h14x20,posterior,total,PbLl,hole,12.28334582848032,278
sim,a8_h14x20,posterior,total,PbLa,footprint,7.664111967882359,3466
sim,a8_h14x20,posterior,total,PbLa,hole,12.077003201581716,278
sim,a8_h14x20,posterior,total,PbLb,footprint,7.437251572391345,3466
sim,a8_h14x20,posterior,total,PbLb,hole,12.015605961104226,278
sim,a8_h14x20,posterior,total,PbLg,footprint,6.2032886363530455,3466
sim,a8_h14x20,posterior,total,PbLg,hole,9.7581182821209,278
sim,a8_h14x20,posterior,total_ref,Ca,footprint,6.923568853823284,3466
sim,a8_h14x20,posterior,total_ref,Ca,hole,15.585569210520854,278
sim,a8_h14x20,posterior,total_ref,Ti,footprint,5.487395899332025,3466
sim,a8_h14x20,posterior,total_ref,Ti,hole,7.059254022182907,278
sim,a8_h14x20,posterior,total_ref,Fe,footprint,5.994806514870976,3466
sim,a8_h14x20,posterior,total_ref,Fe,hole,14.048833449123624,278
sim,a8_h14x20,posterior,total_ref,Cu,footprint,5.282251457779606,3466
sim,a8_h14x20,posterior,total_ref,Cu,hole,11.86948653987762,278
sim,a8_h14x20,posterior,total_ref,PbLl,footprint,5.399881641116111,3466
sim,a8_h14x20,posterior,total_ref,PbLl,hole,9.303762402209355,278
sim,a8_h14x20,posterior,total_ref,PbLa,footprint,7.501045524219577,3466
sim,a8_h14x20,posterior,total_ref,PbLa,hole,11.6652823524364,278
sim,a8_h14x20,posterior,total_ref,PbLb,footprint,7.238368605000125,3466
sim,a8_h14x20,posterior,total_ref,PbLb,hole,11.357988967486072,278
sim,a8_h14x20,posterior,total_ref,PbLg,footprint,5.6874460079926195,3466
sim,a8_h14x20,posterior,total_ref,PbLg,hole,7.800349770587762,278
sim,a14_h0x0,control,total,Ca,footprint,7.070474609768955,3466
sim,a14_h0x0,control,total,Ti,footprint,5.901014005434227,3466
sim,a14_h0x0,control,total,Fe,footprint,6.258604631414443,3466
sim,a14_h0x0,control,total,Cu,footprint,5.343302395939893,3466
sim,a14_h0x0,control,total,PbLl,footprint,5.629249442669264,3466
sim,a14_h0x0,control,total,PbLa,footprint,8.202380725223698,3466
sim,a14_h0x0,control,total,PbLb,footprint,7.89924577115551,3466
sim,a14_h0x0,control,total,PbLg,footprint,6.123689515655444,3466
sim,a14_h0x0,control,total_ref,Ca,footprint,6.106770783038919,3466
sim,a14_h0x0,control,total_ref,Ti,footprint,5.321381977715692,3466
sim,a14_h0x0,control,total_ref,Fe,footprint,5.314472123337738,3466
sim,a14_h0x0,control,total_ref,Cu,footprint,4.7460850657244205,3466
sim,a14_h0x0,control,total_ref,PbLl,footprint,5.145221598990859,3466
sim,a14_h0x0,control,total_ref,PbLa,footprint,7.119477171951007,3466
sim,a14_h0x0,control,total_ref,PbLb,footprint,6.832832758342453,3466
sim,a14_h0x0,control,total_ref,PbLg,footprint,5.476579510952311,3466
sim,a14_h0x0,prior,total,Ca,footprint,6.370914616988504,3466
sim,a14_h0x0,prior,total,Ti,footprint,5.568105463184401,3466
sim,a14_h0x0,prior,total,Fe,footprint,5.614585295145085,3466
sim,a14_h0x0,prior,total,Cu,footprint,5.011779630197339,3466
sim,a14_h0x0,prior,total,PbLl,footprint,5.264282291080703,3466
sim,a14_h0x0,prior,total,PbLa,footprint,7.167712818320376,3466
sim,a14_h0x0,prior,total,PbLb,footprint,6.941271474177918,3466
sim,a14_h0x0,prior,total,PbLg,footprint,5.759422808098184,3466
sim,a14_h0x0,prior,total_ref,Ca,footprint,6.1667681889163095,3466
sim,a14_h0x0,prior,total_ref,Ti,footprint,5.368272506626973,3466
sim,a14_h0x0,prior,total_ref,Fe,footprint,5.318311904494626,3466
sim,a14_h0x0,prior,total_ref,Cu,footprint,4.727289802137041,3466
sim,a14_h0x0,prior,total_ref,PbLl,footprint,5.069611632762345,3466
sim,a14_h0x0,prior,total_ref,PbLa,footprint,7.206657931017974,3466
sim,a14_h0x0,prior,total_ref,PbLb,footprint,6.900943990820121,3466
sim,a14_h0x0,prior,total_ref,PbLg,footprint,5.525720509257996,3466
sim,a14_h0x0,posterior,total,Ca,footprint,6.376643721568817,3466
sim,a14_h0x0,posterior,total,Ti,footprint,5.636109468211963,3466
sim,a14_h0x0,posterior,total,Fe,footprint,5.8855220163903015,3466
sim,a14_h0x0,posterior,total,Cu,footprint,5.122738680089,3466
sim,a14_h0x0,posterior,total,PbLl,footprint,5.435469488059409,3466
sim,a14_h0x0,posterior,total,PbLa,footprint,7.254178208914232,3466
sim,a14_h0x0,posterior,total,PbLb,footprint,7.003773926105954,3466
sim,a14_h0x0,posterior,total,PbLg,footprint,5.895653782215978,3466
sim,a14_h0x0,posterior,total_ref,Ca,footprint,6.149267623758432,3466
sim,a14_h0x0,posterior,total_ref,Ti,footprint,5.35065045276677,3466
sim,a14_h0x0,posterior,total_ref,Fe,footprint,5.330213298258073,3466
sim,a14_h0x0,posterior,total_ref,Cu,footprint,4.748325900915005,3466
sim,a14_h0x0,posterior,total_ref,PbLl,footprint,5.1071990267598215,3466
sim,a14_h0x0,posterior,total_ref,PbLa,footprint,7.1768721875375645,3466
sim,a14_h0x0,posterior,total_ref,PbLb,footprint,6.912245297966723,3466
sim,a14_h0x0,posterior,total_ref,PbLg,footprint,5.509738630008953,3466
sim,a14_h14x20,control,total,Ca,footprint,7.509209259423128,3466
sim,a14_h14x20,control,total,Ca,hole,12.91248598518061,278
sim,a14_h14x20,control,total,Ti,footprint,6.0503438094352004,3466
sim,a14_h14x20,control,total,Ti,hole,8.024078755618213,278
sim,a14_h14x20,control,total,Fe,footprint,7.0916473037353684,3466
sim,a14_h14x20,control,total,Fe,hole,18.61808756288187,278
sim,a14_h14x20,control,total,Cu,footprint,5.726113035607502,3466
sim,a14_h14x20,control,total,Cu,hole,10.89160909465194,278
sim,a14_h14x20,control,total,PbLl,footprint,5.878843561740497,3466
sim,a14_h14x20,control,total,PbLl,hole,9.828691163746717,278
sim,a14_h14x20,control,total,PbLa,footprint,8.178579526870777,3466
sim,a14_h14x20,control,total,PbLa,hole,10.334597525928109,278
sim,a14_h14x20,control,total,PbLb,footprint,7.945542499936345,3466
sim,a14_h14x20,control,total,PbLb,hole,10.112195987628105,278
sim,a14_h14x20,control,total,PbLg,footprint,6.220332124524345,3466
sim,a14_h14x20,control,total,PbLg,hole,7.92218270320231,278
sim,a14_h14x20,control,total_ref,Ca,footprint,6.590101101489302,3466
sim,a14_h14x20,control,total_ref,Ca,hole,11.831879495838594,278
sim,a14_h14x20,control,total_ref,Ti,footprint,5.438767914519612,3466
sim,a14_h14x20,control,total_ref,Ti,hole,6.792963216906731,278
sim,a14_h14x20,control,total_ref,Fe,footprint,5.823716044143454,3466
sim,a14_h14x20,control,total_ref,Fe,hole,12.10675842558756,278
sim,a14_h14x20,control,total_ref,Cu,footprint,5.1166770139595,3466
sim,a14_h14x20,control,total_ref,Cu,hole,9.636826166147543,278
sim,a14_h14x20,control,total_ref,PbLl,footprint,5.334468909850597,3466
sim,a14_h14x20,control,total_ref,PbLl,hole,7.987380475190882,278
sim,a14_h14x20,control,total_ref,PbLa,footprint,7.330544413702086,3466
sim,a14_h14x20,control,total_ref,PbLa,hole,10.23378423840749,278
sim,a14_h14x20,control,total_ref,PbLb,footprint,7.065633604189746,3466
sim,a14_h14x20,control,total_ref,PbLb,hole,9.957788185831053,278
sim,a14_h14x20,control,total_ref,PbLg,footprint,5.623892310856108,3466
sim,a14_h14x20,control,total_ref,PbLg,hole,7.317329246312764,278
sim,a14_h14x20,prior,total,Ca,footprint,6.954603513588044,3466
sim,a14_h14x20,prior,total,Ca,hole,13.672995270654985,278
sim,a14_h14x20,prior,total,Ti,footprint,5.941001697091037,3466
sim,a14_h14x20,prior,total,Ti,hole,10.246694899478774,278
sim,a14_h14x20,prior,total,Fe,footprint,7.98354389944204,3466
sim,a14_h14x20,prior,total,Fe,hole,36.09568226883595,278
sim,a14_h14x20,prior,total,Cu,footprint,5.966353984753312,3466
sim,a14_h14x20,prior,total,Cu,hole,17.153723558040845,278
sim,a14_h14x20,prior,total,PbLl,footprint,5.864548917343619,3466
sim,a14_h14x20,prior,total,PbLl,hole,13.495218877666098,278
sim,a14_h14x20,prior,total,PbLa,footprint,7.603479451796663,3466
sim,a14_h14x20,prior,total,PbLa,hole,12.863357470321388,278
sim,a14_h14x20,prior,total,PbLb,footprint,7.411435124907929,3466
sim,a14_h14x20,prior,total,PbLb,hole,13.209273329420679,278
sim,a14_h14x20,prior,total,PbLg,footprint,6.15365949504932,3466
sim,a14_h14x20,prior,total,PbLg,hole,10.733015225959878,278
sim,a14_h14x20,prior,total_ref,Ca,footprint,6.700860995093269,3466
sim,a14_h14x20,prior,total_ref,Ca,hole,12.605341662890135,278
sim,a14_h14x20,prior,total_ref,Ti,footprint,5.509832126442114,3466
sim,a14_h14x20,prior,total_ref,Ti,hole,7.158501970067332,278
sim,a14_h14x20,prior,total_ref,Fe,footprint,6.0932974291393505,3466
sim,a14_h14x20,prior,total_ref,Fe,hole,15.335053176604433,278
sim,a14_h14x20,prior,total_ref,Cu,footprint,5.359548927969498,3466
sim,a14_h14x20,prior,total_ref,Cu,hole,12.705162097770456,278
sim,a14_h14x20,prior,total_ref,PbLl,footprint,5.50609065682105,3466
sim,a14_h14x20,prior,total_ref,PbLl,hole,10.97814634270823,278
sim,a14_h14x20,prior,total_ref,PbLa,footprint,7.6164097999003895,3466
sim,a14_h14x20,prior,total_ref,PbLa,hole,12.415928689483284,278
sim,a14_h14x20,prior,total_ref,PbLb,footprint,7.334326999815947,3466
sim,a14_h14x20,prior,total_ref,PbLb,hole,12.40295139701721,278
sim,a14_h14x20,prior,total_ref,PbLg,footprint,5.749850763545034,3466
sim,a14_h14x20,prior,total_ref,PbLg,hole,8.302125246482063,278
sim,a14_h14x20,posterior,total,Ca,footprint,7.4335161981525575,3466
sim,a14_h14x20,posterior,total,Ca,hole,19.404782995234044,278
sim,a14_h14x20,posterior,total,Ti,footprint,5.905234898511767,3466
sim,a14_h14x20,posterior,total,Ti,hole,9.114807076150576,278
sim,a14_h14x20,posterior,total,Fe,footprint,7.679553275652103,3466
sim,a14_h14x20,posterior,total,Fe,hole,29.305154729260355,278
sim,a14_h14x20,posterior,total,Cu,footprint,5.974234208687889,3466
sim,a14_h14x20,posterior,total,Cu,hole,16.408244409373275,278
sim,a14_h14x20,posterior,total,PbLl,footprint,5.869177529669689,3466
sim,a14_h14x20,posterior,total,PbLl,hole,11.82244867978444,278
sim,a14_h14x20,posterior,total,PbLa,footprint,7.583045510974543,3466
sim,a14_h14x20,posterior,total,PbLa,hole,12.020308668679993,278
sim,a14_h14x20,posterior,total,PbLb,footprint,7.366021158296743,3466
sim,a14_h14x20,posterior,total,PbLb,hole,11.982918533623977,278
sim,a14_h14x20,posterior,total,PbLg,footprint,6.153514351943494,3466
sim,a14_h14x20,posterior,total,PbLg,hole,9.582948522118413,278
sim,a14_h14x20,posterior,total_ref,Ca,footprint,6.927237531967519,3466
sim,a14_h14x20,posterior,total_ref,Ca,hole,15.617983091984609,278
sim,a14_h14x20,posterior,total_ref,Ti,footprint,5.4874869688872945,3466
sim,a14_h14x20,posterior,total_ref,Ti,hole,7.091595204358368,278
sim,a14_h14x20,posterior,total_ref,Fe,footprint,6.010222956593005,3466
sim,a14_h14x20,posterior,total_ref,Fe,hole,14.23047869843132,278
sim,a14_h14x20,posterior,total_ref,Cu,footprint,5.288212133371566,3466
sim,a14_h14x20,posterior,total_ref,Cu,hole,11.9372926352217,278
sim,a14_h14x20,posterior,total_ref,PbLl,footprint,5.382882848010853,3466
sim,a14_h14x20,posterior,total_ref,PbLl,hole,9.124020940205165,278
sim,a14_h14x20,posterior,total_ref,PbLa,footprint,7.510359272910691,3466
sim,a14_h14x20,posterior,total_ref,PbLa,hole,11.640271005488339,278
sim,a14_h14x20,posterior,total_ref,PbLb,footprint,7.255809842631904,3466
sim,a14_h14x20,posterior,total_ref,PbLb,hole,11.355878019488594,278
sim,a14_h14x20,posterior,total_ref,PbLg,footprint,5.691105347104293,3466
sim,a14_h14x20,posterior,total_ref,PbLg,hole,7.799371084838706,278
sim,a20_h0x0,control,total,Ca,footprint,7.095764069949118,3466
sim,a20_h0x0,control,total,Ti,footprint,5.914758867545946,3466
sim,a20_h0x0,control,total,Fe,footprint,6.251632569826074,3466
sim,a20_h0x0,control,total,Cu,footprint,5.345899856193038,3466
sim,a20_h0x0,control,total,PbLl,footprint,5.633086282872112,3466
sim,a20_h0x0,control,total,PbLa,footprint,8.200774093796767,3466
sim,a20_h0x0,control,total,PbLb,footprint,7.892936123045606,3466
sim,a20_h0x0,control,total,PbLg,footprint,6.1214860698958,3466
sim,a20_h0x0,control,total_ref,Ca,footprint,6.103622534303224,3466
sim,a20_h0x0,control,total_ref,Ti,footprint,5.315562422025527,3466
sim,a20_h0x0,control,total_ref,Fe,footprint,5.3139662155247285,3466
sim,a20_h0x0,control,total_ref,Cu,footprint,4.7490381858227515,3466
sim,a20_h0x0,control,total_ref,PbLl,footprint,5.146702756280136,3466
sim,a20_h0x0,control,total_ref,PbLa,footprint,7.1220773910077915,3466
sim,a20_h0x0,control,total_ref,PbLb,footprint,6.836014519354678,3466
sim,a20_h0x0,control,total_ref,PbLg,footprint,5.478825097814081,3466
sim,a20_h0x0,prior,total,Ca,footprint,6.338217395713811,3466
sim,a20_h0x0,prior,total,Ti,footprint,5.518920299366991,3466
sim,a20_h0x0,prior,total,Fe,footprint,5.576778706567769,3466
sim,a20_h0x0,prior,total,Cu,footprint,4.990220371037721,3466
sim,a20_h0x0,prior,total,PbLl,footprint,5.223497760257219,3466
sim,a20_h0x0,prior,total,PbLa,footprint,7.220103419730075,3466
sim,a20_h0x0,prior,total,PbLb,footprint,6.908674440849985,3466
sim,a20_h0x0,prior,total,PbLg,footprint,5.694794244479631,3466
sim,a20_h0x0,prior,total_ref,Ca,footprint,6.174915989721911,3466
sim,a20_h0x0,prior,total_ref,Ti,footprint,5.367706666320361,3466
sim,a20_h0x0,prior,total_ref,Fe,footprint,5.321185884168082,3466
sim,a20_h0x0,prior,total_ref,Cu,footprint,4.7288376198411015,3466
sim,a20_h0x0,prior,total_ref,PbLl,footprint,5.0680332584126795,3466
sim,a20_h0x0,prior,total_ref,PbLa,footprint,7.272427680910051,3466
sim,a20_h0x0,prior,total_ref,PbLb,footprint,6.915735864432446,3466
sim,a20_h0x0,prior,total_ref,PbLg,footprint,5.531649470353827,3466
sim,a20_h0x0,posterior,total,Ca,footprint,6.300097262138279,3466
sim,a20_h0x0,posterior,total,Ti,footprint,5.557619326364679,3466
sim,a20_h0x0,posterior,total,Fe,footprint,5.849282376150923,3466
sim,a20_h0x0,posterior,total,Cu,footprint,5.100967116842091,3466
sim,a20_h0x0,posterior,total,PbLl,footprint,5.400956586121033,3466
sim,a20_h0x0,posterior,total,PbLa,footprint,7.210995191633322,3466
sim,a20_h0x0,posterior,total,PbLb,footprint,6.963273240522783,3466
sim,a20_h0x0,posterior,total,PbLg,footprint,5.849700828948968,3466
sim,a20_h0x0,posterior,total_ref,Ca,footprint,6.158432302558325,3466
sim,a20_h0x0,posterior,total_ref,Ti,footprint,5.350244762322312,3466
sim,a20_h0x0,posterior,total_ref,Fe,footprint,5.333122752095977,3466
sim,a20_h0x0,posterior,total_ref,Cu,footprint,4.7535802117892745,3466
sim,a20_h0x0,posterior,total_ref,PbLl,footprint,5.102332770731175,3466
sim,a20_h0x0,posterior,total_ref,PbLa,footprint,7.197802821187359,3466
sim,a20_h0x0,posterior,total_ref,PbLb,footprint,6.938227291039764,3466
sim,a20_h0x0,posterior,total_ref,PbLg,footprint,5.515633242691956,3466
sim,a20_h14x20,control,total,Ca,footprint,7.52819684461483,3466
sim,a20_h14x20,control,total,Ca,hole,12.935369949585622,278
sim,a20_h14x20,control,total,Ti,footprint,6.063764005392743,3466
sim,a20_h14x20,control,total,Ti,hole,8.062473223927796,278
sim,a20_h14x20,control,total,Fe,footprint,7.043271434574633,3466
sim,a20_h14x20,control,total,Fe,hole,18.08748308585734,278
sim,a20_h14x20,control,total,Cu,footprint,5.721357304793598,3466
sim,a20_h14x20,control,total,Cu,hole,10.825390119017271,278
sim,a20_h14x20,control,total,PbLl,footprint,5.858094136500622,3466
sim,a20_h14x20,control,total,PbLl,hole,9.532058932329518,278
sim,a20_h14x20,control,total,PbLa,footprint,8.166031953757173,3466
sim,a20_h14x20,control,total,PbLa,hole,10.191745540987235,278
sim,a20_h14x20,control,total,PbLb,footprint,7.929561123500043,3466
sim,a20_h14x20,control,total,PbLb,hole,9.957308306553998,278
sim,a20_h14x20,control,total,PbLg,footprint,6.207662420163853,3466
sim,a20_h14x20,control,total,PbLg,hole,7.792228933761262,278
sim,a20_h14x20,control,total_ref,Ca,footprint,6.587783816022612,3466
sim,a20_h14x20,control,total_ref,Ca,hole,11.853724013948453,278
sim,a20_h14x20,control,total_ref,Ti,footprint,5.433129874062463,3466
sim,a20_h14x20,control,total_ref,Ti,hole,6.793085433050552,278
sim,a20_h14x20,control,total_ref,Fe,footprint,5.814740319269076,3466
sim,a20_h14x20,control,total_ref,Fe,hole,12.001239355249721,278
sim,a20_h14x20,control,total_ref,Cu,footprint,5.116149025736883,3466
sim,a20_h14x20,control,total_ref,Cu,hole,9.599759228553696,278
sim,a20_h14x20,control,total_ref,PbLl,footprint,5.327198037725646,3466
sim,a20_h14x20,control,total_ref,PbLl,hole,7.885533528918053,278
sim,a20_h14x20,control,total_ref,PbLa,footprint,7.322773122410592,3466
sim,a20_h14x20,control,total_ref,PbLa,hole,10.108842192175462,278
sim,a20_h14x20,control,total_ref,PbLb,footprint,7.058472438720207,3466
sim,a20_h14x20,control,total_ref,PbLb,hole,9.829702842073296,278
sim,a20_h14x20,control,total_ref,PbLg,footprint,5.622299803882694,3466
sim,a20_h14x20,control,total_ref,PbLg,hole,7.2716474916373794,278
sim,a20_h14x20,prior,total,Ca,footprint,6.921273853283295,3466
sim,a20_h14x20,prior,total,Ca,hole,13.553084449123064,278
sim,a20_h14x20,prior,total,Ti,footprint,5.840204892495357,3466
sim,a20_h14x20,prior,total,Ti,hole,9.518572080612566,278
sim,a20_h14x20,prior,total,Fe,footprint,7.643912869342985,3466
sim,a20_h14x20,prior,total,Fe,hole,32.1903461183058,278
sim,a20_h14x20,prior,total,Cu,footprint,5.919564178019317,3466
sim,a20_h14x20,prior,total,Cu,hole,16.86003122873664,278
sim,a20_h14x20,prior,total,PbLl,footprint,5.8255058378715,3466
sim,a20_h14x20,prior,total,PbLl,hole,13.425767777892416,278
sim,a20_h14x20,prior,total,PbLa,footprint,7.686032527522662,3466
sim,a20_h14x20,prior,total,PbLa,hole,13.12577194521604,278
sim,a20_h14x20,prior,total,PbLb,footprint,7.405908697898212,3466
sim,a20_h14x20,prior,total,PbLb,hole,13.38674871364914,278
sim,a20_h14x20,prior,total,PbLg,footprint,6.099820424733505,3466
sim,a20_h14x20,prior,total,PbLg,hole,10.755979504256823,278
sim,a20_h14x20,prior,total_ref,Ca,footprint,6.698936861468404,3466
sim,a20_h14x20,prior,total_ref,Ca,hole,12.492639936749164,278
sim,a20_h14x20,prior,total_ref,Ti,footprint,5.502706730720668,3466
sim,a20_h14x20,prior,total_ref,Ti,hole,7.0805993577581905,278
sim,a20_h14x20,prior,total_ref,Fe,footprint,6.056635731512621,3466
sim,a20_h14x20,prior,total_ref,Fe,hole,14.839698393383495,278
sim,a20_h14x20,prior,total_ref,Cu,footprint,5.35250908092922,3466
sim,a20_h14x20,prior,total_ref,Cu,hole,12.625582434198808,278
sim,a20_h14x20,prior,total_ref,PbLl,footprint,5.503559310905466,3466
sim,a20_h14x20,prior,total_ref,PbLl,hole,10.944569777518392,278
sim,a20_h14x20,prior,total_ref,PbLa,footprint,7.700139950858944,3466
sim,a20_h14x20,prior,total_ref,PbLa,hole,12.640412401288701,278
sim,a20_h14x20,prior,total_ref,PbLb,footprint,7.361384180354942,3466
sim,a20_h14x20,prior,total_ref,PbLb,hole,12.542943287404128,278
sim,a20_h14x20,prior,total_ref,PbLg,footprint,5.756644963150646,3466
sim,a20_h14x20,prior,total_ref,PbLg,hole,8.324442717574678,278
sim,a20_h14x20,posterior,total,Ca,footprint,7.320746485828851,3466
sim,a20_h14x20,posterior,total,Ca,hole,18.92981973800875,278
sim,a20_h14x20,posterior,total,Ti,footprint,5.847329186450669,3466
sim,a20_h14x20,posterior,total,Ti,hole,9.290750749425465,278
sim,a20_h14x20,posterior,total,Fe,footprint,7.764072998469447,3466
sim,a20_h14x20,posterior,total,Fe,hole,30.77250812112667,278
sim,a20_h14x20,posterior,total,Cu,footprint,5.958912402827531,3466
sim,a20_h14x20,posterior,total,Cu,hole,16.470676992314733,278
sim,a20_h14x20,posterior,total,PbLl,footprint,5.810821284018547,3466
sim,a20_h14x20,posterior,total,PbLl,hole,11.441763573115328,278
sim,a20_h14x20,posterior,total,PbLa,footprint,7.554168949318012,3466
sim,a20_h14x20,posterior,total,PbLa,hole,11.94734968840373,278
sim,a20_h14x20,posterior,total,PbLb,footprint,7.334327818416056,3466
sim,a20_h14x20,posterior,total,PbLb,hole,11.877620841315247,278
sim,a20_h14x20,posterior,total,PbLg,footprint,6.103326170818494,3466
sim,a20_h14x20,posterior,total,PbLg,hole,9.423678454118411,278
sim,a20_h14x20,posterior,total_ref,Ca,footprint,6.920449715995936,3466
sim,a20_h14x20,posterior,total_ref,Ca,hole,15.447312401115603,278
sim,a20_h14x20,posterior,total_ref,Ti,footprint,5.488986547625745,3466
sim,a20_h14x20,posterior,total_ref,Ti,hole,7.11520349525707,278
sim,a20_h14x20,posterior,total_ref,Fe,footprint,6.028663125480325,3466
sim,a20_h14x20,posterior,total_ref,Fe,hole,14.431524280981318,278
sim,a20_h14x20,posterior,total_ref,Cu,footprint,5.296121924164895,3466
sim,a20_h14x20,posterior,total_ref,Cu,hole,11.981809887701672,278
sim,a20_h14x20,posterior,total_ref,PbLl,footprint,5.3652846417421465,3466
sim,a20_h14x20,posterior,total_ref,PbLl,hole,8.935679809365395,278
sim,a20_h14x20,posterior,total_ref,PbLa,footprint,7.53241673535734,3466
sim,a20_h14x20,posterior,total_ref,PbLa,hole,11.59874698278897,278
sim,a20_h14x20,posterior,total_ref,PbLb,footprint,7.279798107226223,3466
sim,a20_h14x20,posterior,total_ref,PbLb,hole,11.307983124389835,278
sim,a20_h14x20,posterior,total_ref,PbLg,footprint,5.695030534965659,3466
sim,a20_h14x20,posterior,total_ref,PbLg,hole,7.783669575123951,278
sim,a25_h0x0,control,total,Ca,footprint,7.116157902052754,3466
sim,a25_h0x0,control,total,Ti,footprint,5.927203005829398,3466
sim,a25_h0x0,control,total,Fe,footprint,6.24391138318502,3466
sim,a25_h0x0,control,total,Cu,footprint,5.349195095416935,3466
sim,a25_h0x0,control,total,PbLl,footprint,5.635562309562927,3466
sim,a25_h0x0,control,total,PbLa,footprint,8.196661727111168,3466
sim,a25_h0x0,control,total,PbLb,footprint,7.887171072897423,3466
sim,a25_h0x0,control,total,PbLg,footprint,6.118789037925677,3466
sim,a25_h0x0,control,total_ref,Ca,footprint,6.1016464792410305,3466
sim,a25_h0x0,control,total_ref,Ti,footprint,5.310995868343995,3466
sim,a25_h0x0,control,total_ref,Fe,footprint,5.313653085734537,3466
sim,a25_h0x0,control,total_ref,Cu,footprint,4.752302827139233,3466
sim,a25_h0x0,control,total_ref,PbLl,footprint,5.147562752556548,3466
sim,a25_h0x0,control,total_ref,PbLa,footprint,7.125076524273748,3466
sim,a25_h0x0,control,total_ref,PbLb,footprint,6.8395717510735405,3466
sim,a25_h0x0,control,total_ref,PbLg,footprint,5.480857552758645,3466
sim,a25_h0x0,prior,total,Ca,footprint,6.320931462264305,3466
sim,a25_h0x0,prior,total,Ti,footprint,5.477043861109708,3466
sim,a25_h0x0,prior,total,Fe,footprint,5.544558345109646,3466
sim,a25_h0x0,prior,total,Cu,footprint,4.978788046253366,3466
sim,a25_h0x0,prior,total,PbLl,footprint,5.195095503185337,3466
sim,a25_h0x0,prior,total,PbLa,footprint,7.283439627376552,3466
sim,a25_h0x0,prior,total,PbLb,footprint,6.904965023765406,3466
sim,a25_h0x0,prior,total,PbLg,footprint,5.649871369634794,3466
sim,a25_h0x0,prior,total_ref,Ca,footprint,6.184224165464178,3466
sim,a25_h0x0,prior,total_ref,Ti,footprint,5.368282759342799,3466
sim,a25_h0x0,prior,total_ref,Fe,footprint,5.324185122984527,3466
sim,a25_h0x0,prior,total_ref,Cu,footprint,4.736955691309487,3466
sim,a25_h0x0,prior,total_ref,PbLl,footprint,5.067575564068516,3466
sim,a25_h0x0,prior,total_ref,PbLa,footprint,7.334306270644399,3466
sim,a25_h0x0,prior,total_ref,PbLb,footprint,6.93231340878849,3466
sim,a25_h0x0,prior,total_ref,PbLg,footprint,5.537650284343072,3466
sim,a25_h0x0,posterior,total,Ca,footprint,6.266223563023447,3466
sim,a25_h0x0,posterior,total,Ti,footprint,5.501001144426108,3466
sim,a25_h0x0,posterior,total,Fe,footprint,5.8167211765638065,3466
sim,a25_h0x0,posterior,total,Cu,footprint,5.088232085172758,3466
sim,a25_h0x0,posterior,total,PbLl,footprint,5.372183793790142,3466
sim,a25_h0x0,posterior,total,PbLa,footprint,7.2110042852248295,3466
sim,a25_h0x0,posterior,total,PbLb,footprint,6.959586433241992,3466
sim,a25_h0x0,posterior,total,PbLg,footprint,5.814813072299386,3466
sim,a25_h0x0,posterior,total_ref,Ca,footprint,6.170043463856462,3466
sim,a25_h0x0,posterior,total_ref,Ti,footprint,5.351084791122248,3466
sim,a25_h0x0,posterior,total_ref,Fe,footprint,5.336297406088754,3466
sim,a25_h0x0,posterior,total_ref,Cu,footprint,4.761340276271945,3466
sim,a25_h0x0,posterior,total_ref,PbLl,footprint,5.097783888732034,3466
sim,a25_h0x0,posterior,total_ref,PbLa,footprint,7.222705194228815,3466
sim,a25_h0x0,posterior,total_ref,PbLb,footprint,6.9650754715797545,3466
sim,a25_h0x0,posterior,total_ref,PbLg,footprint,5.521361932373484,3466
sim,a25_h14x20,control,total,Ca,footprint,7.543533576112704,3466
sim,a25_h14x20,control,total,Ca,hole,12.960386854402245,278
sim,a25_h14x20,control,total,Ti,footprint,6.073437472390289,3466
sim,a25_h14x20,control,total,Ti,hole,8.070234052074015,278
sim,a25_h14x20,control,total,Fe,footprint,6.990548887023325,3466
sim,a25_h14x20,control,total,Fe,hole,17.501469549989903,278
sim,a25_h14x20,control,total,Cu,footprint,5.718710992299888,3466
sim,a25_h14x20,control,total,Cu,hole,10.77179529949075,278
sim,a25_h14x20,control,total,PbLl,footprint,5.8389774493174444,3466
sim,a25_h14x20,control,total,PbLl,hole,9.272791117787825,278
sim,a25_h14x20,control,total,PbLa,footprint,8.154867832339832,3466
sim,a25_h14x20,control,total,PbLa,hole,10.077971452272473,278
sim,a25_h14x20,control,total,PbLb,footprint,7.916789531234326,3466
sim,a25_h14x20,control,total,PbLb,hole,9.83442818465403,278
sim,a25_h14x20,control,total,PbLg,footprint,6.196737926420533,3466
sim,a25_h14x20,control,total,PbLg,hole,7.689360772758862,278
sim,a25_h14x20,control,total_ref,Ca,footprint,6.586334052910407,3466
sim,a25_h14x20,control,total_ref,Ca,hole,11.875012361719996,278
sim,a25_h14x20,control,total_ref,Ti,footprint,5.428520876890512,3466
sim,a25_h14x20,control,total_ref,Ti,hole,6.791023285771875,278
sim,a25_h14x20,control,total_ref,Fe,footprint,5.803910494671246,3466
sim,a25_h14x20,control,total_ref,Fe,hole,11.87010209232729,278
sim,a25_h14x20,control,total_ref,Cu,footprint,5.116484604420309,3466
sim,a25_h14x20,control,total_ref,Cu,hole,9.57020582724038,278
sim,a25_h14x20,control,total_ref,PbLl,footprint,5.3198106703131,3466
sim,a25_h14x20,control,total_ref,PbLl,hole,7.789204026880947,278
sim,a25_h14x20,control,total_ref,PbLa,footprint,7.317332784610013,3466
sim,a25_h14x20,control,total_ref,PbLa,hole,10.007497864264042,278
sim,a25_h14x20,control,total_ref,PbLb,footprint,7.053523565689361,3466
sim,a25_h14x20,control,total_ref,PbLb,hole,9.72552259865424,278
sim,a25_h14x20,control,total_ref,PbLg,footprint,5.620881470460229,3466
sim,a25_h14x20,control,total_ref,PbLg,hole,7.230812917617017,278
sim,a25_h14x20,prior,total,Ca,footprint,6.900278688286882,3466
sim,a25_h14x20,prior,total,Ca,hole,13.442337583923457,278
sim,a25_h14x20,prior,total,Ti,footprint,5.764434830696169,3466
sim,a25_h14x20,prior,total,Ti,hole,9.031389313864663,278
sim,a25_h14x20,prior,total,Fe,footprint,7.394001551953439,3466
sim,a25_h14x20,prior,total,Fe,hole,29.370679321370787,278
sim,a25_h14x20,prior,total,Cu,footprint,5.8854570169562415,3466
sim,a25_h14x20,prior,total,Cu,hole,16.580020010984104,278
sim,a25_h14x20,prior,total,PbLl,footprint,5.771620196866246,3466
sim,a25_h14x20,prior,total,PbLl,hole,13.04938699752368,278
sim,a25_h14x20,prior,total,PbLa,footprint,7.733063077346072,3466
sim,a25_h14x20,prior,total,PbLa,hole,12.939375070378395,278
sim,a25_h14x20,prior,total,PbLb,footprint,7.379555916265457,3466
sim,a25_h14x20,prior,total,PbLb,hole,13.037192287885556,278
sim,a25_h14x20,prior,total,PbLg,footprint,6.033974112276599,3466
sim,a25_h14x20,prior,total,PbLg,hole,10.429393870957476,278
sim,a25_h14x20,prior,total_ref,Ca,footprint,6.698975534451172,3466
sim,a25_h14x20,prior,total_ref,Ca,hole,12.395119904204915,278
sim,a25_h14x20,prior,total_ref,Ti,footprint,5.498622729556991,3466
sim,a25_h14x20,prior,total_ref,Ti,hole,7.027819477577672,278
sim,a25_h14x20,prior,total_ref,Fe,footprint,6.028032217290369,3466
sim,a25_h14x20,prior,total_ref,Fe,hole,14.444212458872224,278
sim,a25_h14x20,prior,total_ref,Cu,footprint,5.350167814287376,3466
sim,a25_h14x20,prior,total_ref,Cu,hole,12.523273273007536,278
sim,a25_h14x20,prior,total_ref,PbLl,footprint,5.487522943231236,3466
sim,a25_h14x20,prior,total_ref,PbLl,hole,10.7385223180644,278
sim,a25_h14x20,prior,total_ref,PbLa,footprint,7.747214044906621,3466
sim,a25_h14x20,prior,total_ref,PbLa,hole,12.502496627861666,278
sim,a25_h14x20,prior,total_ref,PbLb,footprint,7.358493435165754,3466
sim,a25_h14x20,prior,total_ref,PbLb,hole,12.307608625151532,278
sim,a25_h14x20,prior,total_ref,PbLg,footprint,5.756072820028619,3466
sim,a25_h14x20,prior,total_ref,PbLg,hole,8.253919404442545,278
sim,a25_h14x20,posterior,total,Ca,footprint,7.235574351681505,3466
sim,a25_h14x20,posterior,total,Ca,hole,18.29430263837286,278
sim,a25_h14x20,posterior,total,Ti,footprint,5.792706208273499,3466
sim,a25_h14x20,posterior,total,Ti,hole,9.269977812127257,278
sim,a25_h14x20,posterior,total,Fe,footprint,7.851048378118071,3466
sim,a25_h14x20,posterior,total,Fe,hole,32.199127417032415,278
sim,a25_h14x20,posterior,total,Cu,footprint,5.9391464554596975,3466
sim,a25_h14x20,posterior,total,Cu,hole,16.401019003185972,278
sim,a25_h14x20,posterior,total,PbLl,footprint,5.767123258816626,3466
sim,a25_h14x20,posterior,total,PbLl,hole,11.182463988908788,278
sim,a25_h14x20,posterior,total,PbLa,footprint,7.555116609343128,3466
sim,a25_h14x20,posterior,total,PbLa,hole,11.844777609242023,278
sim,a25_h14x20,posterior,total,PbLb,footprint,7.325974210286135,3466
sim,a25_h14x20,posterior,total,PbLb,hole,11.7195695086103,278
sim,a25_h14x20,posterior,total,PbLg,footprint,6.064855896623099,3466
sim,a25_h14x20,posterior,total,PbLg,hole,9.29202732809629,278
sim,a25_h14x20,posterior,total_ref,Ca,footprint,6.909121226439075,3466
sim,a25_h14x20,posterior,total_ref,Ca,hole,15.188786470933003,278
sim,a25_h14x20,posterior,total_ref,Ti,footprint,5.490238520526175,3466
sim,a25_h14x20,posterior,total_ref,Ti,hole,7.122470916063311,278
sim,a25_h14x20,posterior,total_ref,Fe,footprint,6.04524064450636,3466
sim,a25_h14x20,posterior,total_ref,Fe,hole,14.602479208809184,278
sim,a25_h14x20,posterior,total_ref,Cu,footprint,5.30215658045133,3466
sim,a25_h14x20,posterior,total_ref,Cu,hole,11.984435565783373,278
sim,a25_h14x20,posterior,total_ref,PbLl,footprint,5.350913889059968,3466
sim,a25_h14x20,posterior,total_ref,PbLl,hole,8.786823080900426,278
sim,a25_h14x20,posterior,total_ref,PbLa,footprint,7.553509565025207,3466
sim,a25_h14x20,posterior,total_ref,PbLa,hole,11.526565087377675,278
sim,a25_h14x20,posterior,total_ref,PbLb,footprint,7.299365762422778,3466
sim,a25_h14x20,posterior,total_ref,PbLb,hole,11.214747249330335,278
sim,a25_h14x20,posterior,total_ref,PbLg,footprint,5.6980473455331575,3466
sim,a25_h14x20,posterior,total_ref,PbLg,hole,7.758084571547384,278
