ensemble,case,case_angle,source,element,region,n_px,spread_rms,alea_rms,err_rms,spearman_ens,spearman_total
control,REAL_ruotato,7.7,REAL_ruotato,Ca,footprint,3466,40.01684342396957,44.624941963582174,240.4971040159143,0.14787038281125056,0.18655400301320427
control,REAL_ruotato,7.7,REAL_ruotato,Ti,footprint,3466,11.782499804579503,27.323965596627247,84.61998922264407,0.07151528587449599,0.07678421811681559
control,REAL_ruotato,7.7,REAL_ruotato,Fe,footprint,3466,18.417966168299564,27.153599276241923,138.54069834633697,0.4035092907069408,0.42255955745790075
control,REAL_ruotato,7.7,REAL_ruotato,Cu,footprint,3466,14.770301720789085,25.1332155058076,119.00624304187501,0.6356349934189031,0.7352172401143734
control,REAL_ruotato,7.7,REAL_ruotato,PbLl,footprint,3466,6.120075535647994,22.795374646745664,57.55676352916048,0.15357253517352087,0.1847383024766486
control,REAL_ruotato,7.7,REAL_ruotato,PbLa,footprint,3466,96.27334372293889,110.06174242834642,680.638709737008,0.24067732611944123,0.21095600765318265
control,REAL_ruotato,7.7,REAL_ruotato,PbLb,footprint,3466,69.92263053213168,90.95381293867574,499.92950919783266,0.2163222996968454,0.1758774625082977
control,REAL_ruotato,7.7,REAL_ruotato,PbLg,footprint,3466,9.856437344623464,32.13293395046378,93.87410109070909,0.10710568709277497,0.049817005678211936
prior,REAL_ruotato,7.7,REAL_ruotato,Ca,footprint,3466,96.88034857230593,42.84002708629886,230.11075206558846,0.18270407346961473,0.203017303360245
prior,REAL_ruotato,7.7,REAL_ruotato,Ti,footprint,3466,27.062909357114293,26.815219462756367,82.80466712282386,0.09714923053686643,0.11448232463159952
prior,REAL_ruotato,7.7,REAL_ruotato,Fe,footprint,3466,40.316687442939106,26.890324698515077,130.96450818294713,0.43522636506498363,0.43790619273955605
prior,REAL_ruotato,7.7,REAL_ruotato,Cu,footprint,3466,34.5640515771394,23.92779636384997,113.80625553993337,0.7386376122855643,0.7752670005961823
prior,REAL_ruotato,7.7,REAL_ruotato,PbLl,footprint,3466,16.295001460837504,22.01688112828552,56.51614939722346,0.22243371315851088,0.23365125378303458
prior,REAL_ruotato,7.7,REAL_ruotato,PbLa,footprint,3466,357.4665121592294,105.02078909064278,645.4470094594076,0.3192893666544248,0.31384509143276956
prior,REAL_ruotato,7.7,REAL_ruotato,PbLb,footprint,3466,243.28894186860856,86.90744488228808,475.06774981614814,0.2949529038399272,0.28637623619071817
prior,REAL_ruotato,7.7,REAL_ruotato,PbLg,footprint,3466,32.15336139539288,31.542318849960278,91.67464297230438,0.11651632134856121,0.11024711520065374
posterior,REAL_ruotato,7.7,REAL_ruotato,Ca,footprint,3466,75.67230858491023,43.03648994232379,223.44847333122715,0.21401668268246912,0.23133343260563707
posterior,REAL_ruotato,7.7,REAL_ruotato,Ti,footprint,3466,20.496064923733147,26.83139191408539,81.592020973038,0.10302311010769677,0.11086769686146448
posterior,REAL_ruotato,7.7,REAL_ruotato,Fe,footprint,3466,31.368206248959908,27.09611462288121,131.48682478733383,0.4396355211410225,0.4392211954840121
posterior,REAL_ruotato,7.7,REAL_ruotato,Cu,footprint,3466,25.948315410001598,24.162437035959105,111.60593062800277,0.7510083327643704,0.7712676174646602
posterior,REAL_ruotato,7.7,REAL_ruotato,PbLl,footprint,3466,11.879982456082674,21.970977130398662,55.972944472455964,0.22138600596603186,0.2155773255495956
posterior,REAL_ruotato,7.7,REAL_ruotato,PbLa,footprint,3466,246.2855468294161,105.96190953932003,626.5567635277005,0.3048750489042112,0.28876124395717173
posterior,REAL_ruotato,7.7,REAL_ruotato,PbLb,footprint,3466,184.73747434996483,87.59939662899713,463.061510927552,0.2665310160372583,0.2535643988967228
posterior,REAL_ruotato,7.7,REAL_ruotato,PbLg,footprint,3466,22.891243648079527,31.497632615476594,90.28139407716314,0.11161240816932741,0.08867751966952392
control,a8_h0x0_validated_d1,8.0,prova2,Ca,footprint,3466,34.049490501722296,44.57152836012187,116.6669609932054,0.25011533573140987,0.264066222683245
control,a8_h0x0_validated_d1,8.0,prova2,Ti,footprint,3466,10.457501997009706,27.292677673734957,47.98563510491229,0.15488425876606515,0.14700872094528983
control,a8_h0x0_validated_d1,8.0,prova2,Fe,footprint,3466,16.157102000882215,27.15446311422219,68.03222749578873,0.4909845554978272,0.5101500963411907
control,a8_h0x0_validated_d1,8.0,prova2,Cu,footprint,3466,12.543442623809229,25.14039370759703,52.70445413326842,0.6327852544907887,0.709529000097348
control,a8_h0x0_validated_d1,8.0,prova2,PbLl,footprint,3466,5.524936626826986,22.79328838845848,37.240118803926116,0.18578591917398782,0.2427246953666109
control,a8_h0x0_validated_d1,8.0,prova2,PbLa,footprint,3466,86.33410874456801,110.10101223810493,301.81726753776235,0.39621106807132966,0.3248381931590241
control,a8_h0x0_validated_d1,8.0,prova2,PbLb,footprint,3466,62.83574145627511,90.99545585896534,232.45565691315974,0.3006929955690431,0.26583437234686813
control,a8_h0x0_validated_d1,8.0,prova2,PbLg,footprint,3466,8.82151660156851,32.144832058624324,54.27157732934962,0.08409354168170581,0.07787490185465257
prior,a8_h0x0_validated_d1,8.0,prova2,Ca,footprint,3466,86.57013353186278,42.78645689169393,126.57187057184862,0.23685011517895002,0.2513363546619981
prior,a8_h0x0_validated_d1,8.0,prova2,Ti,footprint,3466,24.35619117539237,26.78481802152491,49.58563611623873,0.11171913709964754,0.13671136228104402
prior,a8_h0x0_validated_d1,8.0,prova2,Fe,footprint,3466,38.213386784387836,26.892726894856338,71.32511376110368,0.5141853818343101,0.5232189427285521
prior,a8_h0x0_validated_d1,8.0,prova2,Cu,footprint,3466,30.850042698912684,23.937566535180046,56.94098044833295,0.6922672118497367,0.7213357076001335
prior,a8_h0x0_validated_d1,8.0,prova2,PbLl,footprint,3466,15.029062424785726,22.013555223878072,38.231508484531474,0.21823801840152526,0.26730171933610974
prior,a8_h0x0_validated_d1,8.0,prova2,PbLa,footprint,3466,328.48965037488443,105.07043870071865,347.1396887890749,0.3802063884466077,0.37901323625504685
prior,a8_h0x0_validated_d1,8.0,prova2,PbLb,footprint,3466,221.10963394309996,86.95791215976284,262.6973960211283,0.33497937018107665,0.33945437645775395
prior,a8_h0x0_validated_d1,8.0,prova2,PbLg,footprint,3466,28.994312332334125,31.554384089305398,56.847283439091704,0.08043472893907568,0.08408574151941965
posterior,a8_h0x0_validated_d1,8.0,prova2,Ca,footprint,3466,69.9071137111693,42.98282651043832,127.55109225961546,0.2813293386732411,0.2953523496750703
posterior,a8_h0x0_validated_d1,8.0,prova2,Ti,footprint,3466,18.92241248955386,26.80081576060068,49.68103344983588,0.11305254205959578,0.14678767647936522
posterior,a8_h0x0_validated_d1,8.0,prova2,Fe,footprint,3466,29.83772094130713,27.097660325371745,70.73276567464414,0.5137259293636686,0.5199981719981767
posterior,a8_h0x0_validated_d1,8.0,prova2,Cu,footprint,3466,24.15190701513267,24.17028057395204,57.24022656992825,0.7139980158263333,0.733154012026261
posterior,a8_h0x0_validated_d1,8.0,prova2,PbLl,footprint,3466,11.167431815994355,21.96868922701113,38.047619186801505,0.23681738619946713,0.2529627056466296
posterior,a8_h0x0_validated_d1,8.0,prova2,PbLa,footprint,3466,229.4854140121447,106.00450941060386,345.7169070016333,0.38505280205155595,0.3808487857765267
posterior,a8_h0x0_validated_d1,8.0,prova2,PbLb,footprint,3466,173.60852205325267,87.64167113614214,262.6404842514855,0.3060570183173857,0.31224904882673266
posterior,a8_h0x0_validated_d1,8.0,prova2,PbLg,footprint,3466,21.213081997374243,31.50908002066717,56.11164054285581,0.07013452284813905,0.07337290151182442
control,a8_h14x20_validated_d1,8.0,prova2,Ca,footprint,3466,84.50130523438631,42.466693816093766,272.0093887996503,0.41803702653458935,0.43025836605213574
control,a8_h14x20_validated_d1,8.0,prova2,Ca,hole,278,265.3304244519437,7.1772047452251195,853.8726584818887,-0.041144957563703316,-0.04216652298284814
control,a8_h14x20_validated_d1,8.0,prova2,Ti,footprint,3466,25.183754097087117,26.033620847657986,64.08177857889602,0.27232787358070487,0.2695815296727933
control,a8_h14x20_validated_d1,8.0,prova2,Ti,hole,278,78.69580552200813,4.792641437152956,155.00054996134347,0.016705024241931713,0.017421069549391346
control,a8_h14x20_validated_d1,8.0,prova2,Fe,footprint,3466,34.22156157266091,26.30053628710246,138.43243672727561,0.5647733535066598,0.5805587922278287
control,a8_h14x20_validated_d1,8.0,prova2,Fe,hole,278,105.26374792113734,4.285483057104603,433.10122176209177,0.22545401433598666,0.22551489494325117
control,a8_h14x20_validated_d1,8.0,prova2,Cu,footprint,3466,39.54781542130489,24.226249406462138,119.61997219456256,0.7184189391525531,0.7676033404295142
control,a8_h14x20_validated_d1,8.0,prova2,Cu,hole,278,131.0009717349393,4.744717992837171,381.8252593536056,-0.07912272720544886,-0.07798219326018165
control,a8_h14x20_validated_d1,8.0,prova2,PbLl,footprint,3466,13.473503079326425,21.922234941402664,51.751739566679646,0.29512714214451524,0.34070087524600784
control,a8_h14x20_validated_d1,8.0,prova2,PbLl,hole,278,42.16168695200539,4.476568765268161,132.64960224740327,0.18142951575620833,0.16908695007427155
control,a8_h14x20_validated_d1,8.0,prova2,PbLa,footprint,3466,335.7321640485146,105.83232220171735,733.2204213061511,0.4966526018558445,0.4544769557768718
control,a8_h14x20_validated_d1,8.0,prova2,PbLa,hole,278,1096.4301087702856,44.58264556090605,2360.184534830092,0.1304914377569797,0.12961229944657293
control,a8_h14x20_validated_d1,8.0,prova2,PbLb,footprint,3466,242.93887134136162,87.35154585464235,536.669786618504,0.42320577402855936,0.39410191658179483
control,a8_h14x20_validated_d1,8.0,prova2,PbLb,hole,278,793.0027821743683,32.51384820609337,1708.7382371924064,0.11065832323078302,0.11045892527854971
control,a8_h14x20_validated_d1,8.0,prova2,PbLg,footprint,3466,32.45815615638081,30.857637052126464,82.13298203827867,0.2138209814668973,0.2115184084323498
control,a8_h14x20_validated_d1,8.0,prova2,PbLg,hole,278,105.84477029308292,7.020725608386248,223.1687062450444,0.07568548631457009,0.06776877321945866
prior,a8_h14x20_validated_d1,8.0,prova2,Ca,footprint,3466,110.92319083666696,41.00165497188775,282.1878188418068,0.3965443659941165,0.4054526182106795
prior,a8_h14x20_validated_d1,8.0,prova2,Ca,hole,278,246.6178720429236,7.377509779845189,879.6649535825608,-0.05454092531262052,-0.05546698078825864
prior,a8_h14x20_validated_d1,8.0,prova2,Ti,footprint,3466,30.647969195651505,25.606242339928208,66.81620320555317,0.22959260843940918,0.23159030104246492
prior,a8_h14x20_validated_d1,8.0,prova2,Ti,hole,278,65.91399735049733,4.758771576768617,163.657955730725,-0.006980324672368777,-0.007150120127491812
prior,a8_h14x20_validated_d1,8.0,prova2,Fe,footprint,3466,44.871330060023006,26.074720663304436,145.06685537988594,0.5534551681648594,0.5562610408708755
prior,a8_h14x20_validated_d1,8.0,prova2,Fe,hole,278,89.017489716765,3.9248917201231848,453.9320483614103,0.03859802573685781,0.04014294096340489
prior,a8_h14x20_validated_d1,8.0,prova2,Cu,footprint,3466,37.40011365174594,23.1066890290906,120.90530697207417,0.7472406298715056,0.7659509320322484
prior,a8_h14x20_validated_d1,8.0,prova2,Cu,hole,278,79.32940385693445,4.541433276101507,381.0174303144149,0.08018394879996782,0.0854571030493644
prior,a8_h14x20_validated_d1,8.0,prova2,PbLl,footprint,3466,17.957006667539524,21.196907116101038,52.83945335877153,0.3005783774223025,0.3191119114493587
prior,a8_h14x20_validated_d1,8.0,prova2,PbLl,hole,278,34.79735257877723,4.121148813284673,134.9873940898121,0.2719723836628845,0.25990852828392924
prior,a8_h14x20_validated_d1,8.0,prova2,PbLa,footprint,3466,415.0510133329567,101.84846199178314,760.5775367466589,0.4857451157368389,0.4862102596024491
prior,a8_h14x20_validated_d1,8.0,prova2,PbLa,hole,278,873.7387545543733,40.58287503708337,2383.940178637474,0.203332012391717,0.20335267828592601
prior,a8_h14x20_validated_d1,8.0,prova2,PbLb,footprint,3466,283.3039837237931,84.02657100443689,556.5402234179976,0.44160671336638097,0.4446534394632954
prior,a8_h14x20_validated_d1,8.0,prova2,PbLb,hole,278,604.6595873747565,29.42915767151865,1728.2992857430918,0.16466109748744615,0.163515536703047
prior,a8_h14x20_validated_d1,8.0,prova2,PbLg,footprint,3466,37.22797003786041,30.351757066230814,84.71262298142109,0.20368773890883515,0.20768228948461295
prior,a8_h14x20_validated_d1,8.0,prova2,PbLg,hole,278,81.13871751000622,6.720056481126453,226.27373815354431,0.11647716879483486,0.1127779737314143
posterior,a8_h14x20_validated_d1,8.0,prova2,Ca,footprint,3466,93.45001037636017,41.1562009651096,291.0720730153874,0.42896642429366355,0.44031719912562306
posterior,a8_h14x20_validated_d1,8.0,prova2,Ca,hole,278,224.06327293188141,7.057003029384455,915.6198562120636,-0.06835914754862,-0.0689679536212651
posterior,a8_h14x20_validated_d1,8.0,prova2,Ti,footprint,3466,26.895343093596555,25.614151461227653,66.89117158123507,0.24610873806220052,0.2669631147667987
posterior,a8_h14x20_validated_d1,8.0,prova2,Ti,hole,278,67.77219605614813,4.747178693863007,164.16717492493635,0.10716467003409033,0.10383690252875143
posterior,a8_h14x20_validated_d1,8.0,prova2,Fe,footprint,3466,37.53728878984497,26.261605443967028,142.4449655532431,0.571596425358689,0.5740627228341496
posterior,a8_h14x20_validated_d1,8.0,prova2,Fe,hole,278,85.3383694447277,3.864695886944007,444.27683631546586,0.14045965975560065,0.13981622434671337
posterior,a8_h14x20_validated_d1,8.0,prova2,Cu,footprint,3466,35.297362311403454,23.347250537839848,121.06228852403581,0.7672510543784351,0.7825028164576833
posterior,a8_h14x20_validated_d1,8.0,prova2,Cu,hole,278,92.688732220352,4.70810883390308,382.03741613731967,-0.00245505237826741,-0.003726284140964857
posterior,a8_h14x20_validated_d1,8.0,prova2,PbLl,footprint,3466,15.495622113548663,21.15717224941597,52.46722519139029,0.3250473427016885,0.32675986263964646
posterior,a8_h14x20_validated_d1,8.0,prova2,PbLl,hole,278,38.137559589468914,4.260355859789615,134.1255440366529,0.10503384877983254,0.09207409896003077
posterior,a8_h14x20_validated_d1,8.0,prova2,PbLa,footprint,3466,353.2271968467805,102.63259752549313,752.6775107525642,0.4828926812640039,0.4844420793895114
posterior,a8_h14x20_validated_d1,8.0,prova2,PbLa,hole,278,940.0093766405355,40.92986898726332,2367.002430538833,0.05151867791896679,0.052112962011897405
posterior,a8_h14x20_validated_d1,8.0,prova2,PbLb,footprint,3466,261.01070630093807,84.58616340999221,550.8620486232401,0.4190567923439607,0.42463517848074345
posterior,a8_h14x20_validated_d1,8.0,prova2,PbLb,hole,278,685.2814490467983,29.703868854326274,1713.7450528600132,0.05778044386430997,0.057554236103373034
posterior,a8_h14x20_validated_d1,8.0,prova2,PbLg,footprint,3466,33.72447251256309,30.306911075083764,83.58473959087299,0.20451819378522743,0.21084055516430938
posterior,a8_h14x20_validated_d1,8.0,prova2,PbLg,hole,278,91.14400166646651,6.914179941225543,224.5973981914,0.03168221216668216,0.027061429929074086
control,a14_h0x0_validated_d1,14.0,prova2,Ca,footprint,3466,33.93559473579516,43.5147679114074,116.2534278363051,0.25296537035383443,0.2703650561905902
control,a14_h0x0_validated_d1,14.0,prova2,Ti,footprint,3466,10.449719610377368,26.675258948790752,47.65259073656592,0.15841241583634078,0.15564321383600713
control,a14_h0x0_validated_d1,14.0,prova2,Fe,footprint,3466,16.176775488577952,27.17136780830807,67.99218366168407,0.4916023793624837,0.5104916958961465
control,a14_h0x0_validated_d1,14.0,prova2,Cu,footprint,3466,12.458589098359802,25.280236761016845,52.78448379109126,0.6319932433331357,0.7087879535544445
control,a14_h0x0_validated_d1,14.0,prova2,PbLl,footprint,3466,5.489007307790058,22.750474539303276,37.2182767418255,0.18702902987032086,0.24301684624450873
control,a14_h0x0_validated_d1,14.0,prova2,PbLa,footprint,3466,85.73239965942021,110.86744701049945,302.1054776596793,0.39440934989847154,0.3202303610558443
control,a14_h0x0_validated_d1,14.0,prova2,PbLb,footprint,3466,62.389129228218714,91.81814451836817,232.79383192506765,0.29953204321977844,0.26165624517504105
control,a14_h0x0_validated_d1,14.0,prova2,PbLg,footprint,3466,8.758337077317446,32.38068245684485,54.41039779836506,0.08363173893123992,0.07567144347783698
prior,a14_h0x0_validated_d1,14.0,prova2,Ca,footprint,3466,88.4244251222436,41.7042596856343,126.58530586597023,0.2382219062174211,0.24987448291691366
prior,a14_h0x0_validated_d1,14.0,prova2,Ti,footprint,3466,25.411129716607878,26.17832801054828,49.29167554201563,0.11809656044826296,0.1431636444197212
prior,a14_h0x0_validated_d1,14.0,prova2,Fe,footprint,3466,39.98085901416562,26.934250612179362,71.24972804671818,0.5160755345092009,0.5238820248265332
prior,a14_h0x0_validated_d1,14.0,prova2,Cu,footprint,3466,31.55151077271174,24.123640405842327,56.88176295017039,0.6947038808129554,0.7193485988936157
prior,a14_h0x0_validated_d1,14.0,prova2,PbLl,footprint,3466,15.98799571674641,21.94661238354698,38.236017595579746,0.22898416667277832,0.2688757479906939
prior,a14_h0x0_validated_d1,14.0,prova2,PbLa,footprint,3466,378.44120472428006,105.97614476385925,347.38613660420873,0.3739268854504401,0.37257652562083377
prior,a14_h0x0_validated_d1,14.0,prova2,PbLb,footprint,3466,235.2854002355739,87.90796707964124,261.9814358430296,0.33727026012015915,0.3401551218259441
prior,a14_h0x0_validated_d1,14.0,prova2,PbLg,footprint,3466,30.574846022136448,31.79075542190294,56.97147964350032,0.08339951312793431,0.08566468140864339
posterior,a14_h0x0_validated_d1,14.0,prova2,Ca,footprint,3466,76.45016410336117,41.90162879996192,128.3151561486651,0.30089216672564306,0.30995250005940367
posterior,a14_h0x0_validated_d1,14.0,prova2,Ti,footprint,3466,20.56840956919565,26.190848088583596,49.4953021649703,0.1205872480930979,0.15411438087511278
posterior,a14_h0x0_validated_d1,14.0,prova2,Fe,footprint,3466,30.86717643635579,27.123451999018307,70.6737030422758,0.518118547308814,0.5203731754995496
posterior,a14_h0x0_validated_d1,14.0,prova2,Cu,footprint,3466,24.881418850192954,24.311605532719668,57.40883568216274,0.7175557475152485,0.7328490255367709
posterior,a14_h0x0_validated_d1,14.0,prova2,PbLl,footprint,3466,11.814760494223657,21.920169168753127,38.045906195113254,0.25039544210968595,0.25693856177101804
posterior,a14_h0x0_validated_d1,14.0,prova2,PbLa,footprint,3466,258.12621567495177,106.7714921722779,347.8187770400617,0.37594210212029094,0.37369075913368976
posterior,a14_h0x0_validated_d1,14.0,prova2,PbLb,footprint,3466,196.0377388886456,88.427546785344,265.53642919029846,0.3019078902266374,0.3060179391152605
posterior,a14_h0x0_validated_d1,14.0,prova2,PbLg,footprint,3466,22.25345242753638,31.73313008619427,56.271404121508574,0.07147599397997222,0.0724999196837622
control,a14_h14x20_validated_d1,14.0,prova2,Ca,footprint,3466,83.66612121468766,41.428266283443854,271.34087167283536,0.42093222745419345,0.4357317340202214
control,a14_h14x20_validated_d1,14.0,prova2,Ca,hole,278,262.3014053011137,7.071885597269711,852.0550704165505,-0.030380260831511796,-0.030981247376618323
control,a14_h14x20_validated_d1,14.0,prova2,Ti,footprint,3466,24.839883952244396,25.428477460343668,63.70290039409663,0.27510913103230145,0.27719224585968005
control,a14_h14x20_validated_d1,14.0,prova2,Ti,hole,278,77.32280749485764,4.71465824317361,154.35127661528225,0.01857277424828508,0.02041315590825348
control,a14_h14x20_validated_d1,14.0,prova2,Fe,footprint,3466,34.31569483699151,26.318295292480535,138.49453881384824,0.5655067843359695,0.5809458240895627
control,a14_h14x20_validated_d1,14.0,prova2,Fe,hole,278,105.55360457984142,4.291537591519417,433.41317416161314,0.2205891511316392,0.2205003436403084
control,a14_h14x20_validated_d1,14.0,prova2,Cu,footprint,3466,39.802545180776164,24.36407535563085,119.76679996067197,0.7178611127009603,0.766930724063336
control,a14_h14x20_validated_d1,14.0,prova2,Cu,hole,278,132.00269939295362,4.761488452055118,382.2480020891253,-0.0724387067730234,-0.07151879521187987
control,a14_h14x20_validated_d1,14.0,prova2,PbLl,footprint,3466,13.573628720889795,21.87989401647571,51.73878020696413,0.2958825246738439,0.34295385521475513
control,a14_h14x20_validated_d1,14.0,prova2,PbLl,hole,278,42.60436345940503,4.467244076102377,132.68486980196877,0.18310848002627358,0.17109824426472564
control,a14_h14x20_validated_d1,14.0,prova2,PbLa,footprint,3466,340.20925757643465,106.58866671284851,733.7639517138333,0.4961833583298418,0.4520192141269346
control,a14_h14x20_validated_d1,14.0,prova2,PbLa,hole,278,1113.6614321450822,44.52680982235218,2362.2121110977255,0.15259444942008427,0.15281172057812
control,a14_h14x20_validated_d1,14.0,prova2,PbLb,footprint,3466,246.116214061637,88.15835451210157,537.0431093056917,0.42290582414117966,0.3908549365568152
control,a14_h14x20_validated_d1,14.0,prova2,PbLb,hole,278,805.2810683560523,32.4892726805359,1709.8633883636037,0.13313387952733188,0.1331947601345964
control,a14_h14x20_validated_d1,14.0,prova2,PbLg,footprint,3466,32.91489576705725,31.089429596383276,82.27390153711511,0.21343096816496912,0.209421337179371
control,a14_h14x20_validated_d1,14.0,prova2,PbLg,hole,278,107.61303099483135,7.041752617917368,223.44115832855758,0.09819623048504249,0.09133180238154881
prior,a14_h14x20_validated_d1,14.0,prova2,Ca,footprint,3466,111.66127973330936,39.93248052501847,279.6268208277128,0.3972789548153739,0.4040441178475811
prior,a14_h14x20_validated_d1,14.0,prova2,Ca,hole,278,244.15625333555445,7.272860396385582,869.5088616445458,-0.046554953545024695,-0.04736259903222176
prior,a14_h14x20_validated_d1,14.0,prova2,Ti,footprint,3466,31.192102566771933,25.009728516422616,65.74730979674646,0.23085958679655477,0.2352309435714739
prior,a14_h14x20_validated_d1,14.0,prova2,Ti,hole,278,64.90494312535537,4.681950008306208,159.24613276335592,0.02031876304010943,0.01869788668890205
prior,a14_h14x20_validated_d1,14.0,prova2,Fe,footprint,3466,46.268110257246065,26.112552338088815,144.28114537390448,0.5540939451127854,0.5563821438301638
prior,a14_h14x20_validated_d1,14.0,prova2,Fe,hole,278,89.10924065105088,3.9263852221707864,450.90552568667096,0.042245276795915075,0.04308140770485974
prior,a14_h14x20_validated_d1,14.0,prova2,Cu,footprint,3466,37.92306021409892,23.288270234679203,120.96364759442933,0.7509173932185323,0.7657878289528682
prior,a14_h14x20_validated_d1,14.0,prova2,Cu,hole,278,79.55132289102319,4.556180373268845,381.31308865045355,0.08785937361674652,0.0932587573821227
prior,a14_h14x20_validated_d1,14.0,prova2,PbLl,footprint,3466,18.589510636587583,21.13245770825529,52.91258934852907,0.3097492378884438,0.31436598261008647
prior,a14_h14x20_validated_d1,14.0,prova2,PbLl,hole,278,34.19291675988818,4.103956687468404,135.35062877441837,0.2758106546089552,0.261850563801899
prior,a14_h14x20_validated_d1,14.0,prova2,PbLa,footprint,3466,444.9064439715255,102.70098088857246,762.4945651399881,0.4811812337222723,0.4805935283116973
prior,a14_h14x20_validated_d1,14.0,prova2,PbLa,hole,278,823.2031809054868,40.39516430299605,2393.1469546772337,0.19583922939673182,0.1955420873502665
prior,a14_h14x20_validated_d1,14.0,prova2,PbLb,footprint,3466,288.8267177804801,84.92856251513462,556.6511976220113,0.4432341122501469,0.4442414467940443
prior,a14_h14x20_validated_d1,14.0,prova2,PbLb,hole,278,575.1297923859635,29.330063972516207,1731.648992740242,0.13542444255844885,0.13511277853226908
prior,a14_h14x20_validated_d1,14.0,prova2,PbLg,footprint,3466,37.698064892618355,30.583690039226674,85.02486146911352,0.20334059580606573,0.20189095243289343
prior,a14_h14x20_validated_d1,14.0,prova2,PbLg,hole,278,77.85733915718409,6.725820011735744,227.57119786766393,0.10981828255806905,0.10481881177252213
posterior,a14_h14x20_validated_d1,14.0,prova2,Ca,footprint,3466,96.86687673687666,40.0997434868157,290.4555159143037,0.4453191516843515,0.4521246559512222
posterior,a14_h14x20_validated_d1,14.0,prova2,Ca,hole,278,218.28402671497255,6.941295069459881,912.0233972104078,-0.046147779575338214,-0.04647228996818848
posterior,a14_h14x20_validated_d1,14.0,prova2,Ti,footprint,3466,27.55252833387337,25.01610188246375,66.57501298943967,0.25070878095473526,0.2688128045861692
posterior,a14_h14x20_validated_d1,14.0,prova2,Ti,hole,278,65.85122383351433,4.661031153731609,163.26207357509534,0.11536623734667792,0.11195357211377746
posterior,a14_h14x20_validated_d1,14.0,prova2,Fe,footprint,3466,37.958049168590435,26.287769738584956,142.321670055564,0.575318097351128,0.5729166353202958
posterior,a14_h14x20_validated_d1,14.0,prova2,Fe,hole,278,83.63189783935903,3.86463955053079,443.91182264370036,0.14683425031257163,0.14674600135892216
posterior,a14_h14x20_validated_d1,14.0,prova2,Cu,footprint,3466,35.61968566858637,23.48775217821868,121.33658532446137,0.7695829463972625,0.7812340227219219
posterior,a14_h14x20_validated_d1,14.0,prova2,Cu,hole,278,92.11987516501321,4.729838173136936,382.92321613584386,-0.010581217103875998,-0.012057432195620003
posterior,a14_h14x20_validated_d1,14.0,prova2,PbLl,footprint,3466,15.944210587541333,21.109574899986832,52.447875730894935,0.3381704945307429,0.3321043753275374
posterior,a14_h14x20_validated_d1,14.0,prova2,PbLl,hole,278,38.18290339737742,4.247753045435276,134.05508493176757,0.1320391456719334,0.12213012866753296
posterior,a14_h14x20_validated_d1,14.0,prova2,PbLa,footprint,3466,365.66072975000384,103.40656830014306,752.6780674948441,0.47783872916044007,0.48003703479010934
posterior,a14_h14x20_validated_d1,14.0,prova2,PbLa,hole,278,912.086526615241,40.903140749995075,2364.5648385513814,0.08754268275143481,0.08856815793434891
posterior,a14_h14x20_validated_d1,14.0,prova2,PbLb,footprint,3466,270.7408830205459,85.37310436188474,551.596947483571,0.415142899452217,0.4193969013229201
posterior,a14_h14x20_validated_d1,14.0,prova2,PbLb,hole,278,664.048987006326,29.682363527023433,1712.1873864017723,0.09061799122481447,0.09034430776096485
posterior,a14_h14x20_validated_d1,14.0,prova2,PbLg,footprint,3466,33.93565086652553,30.528779807472546,83.58317387699776,0.20582970151516122,0.2101827367708911
posterior,a14_h14x20_validated_d1,14.0,prova2,PbLg,hole,278,89.26329095208898,6.928178975307143,224.26944814011316,0.0716020173263974,0.06766600228609473
control,a20_h0x0_validated_d1,20.0,prova2,Ca,footprint,3466,34.011515298193665,42.47330877517074,115.92088272222547,0.25608861383803794,0.276939801597663
control,a20_h0x0_validated_d1,20.0,prova2,Ti,footprint,3466,10.496447735982985,26.070730335812797,47.336166072501165,0.1618116294368905,0.16443967400564025
control,a20_h0x0_validated_d1,20.0,prova2,Fe,footprint,3466,16.257031018534505,27.187335850737526,67.95491025291622,0.4922777414203707,0.5106987675090092
control,a20_h0x0_validated_d1,20.0,prova2,Cu,footprint,3466,12.437416397080838,25.41072674074978,52.89889889672427,0.6310519062606297,0.7076980701510125
control,a20_h0x0_validated_d1,20.0,prova2,PbLl,footprint,3466,5.482340983655699,22.705131002414234,37.20140954960578,0.1878050896744836,0.24341979487560333
control,a20_h0x0_validated_d1,20.0,prova2,PbLa,footprint,3466,85.78470994597434,111.58618952055178,302.731965962446,0.39219836860881074,0.31710149822694267
control,a20_h0x0_validated_d1,20.0,prova2,PbLb,footprint,3466,62.40207332021192,92.61165832702459,233.3794868820883,0.298553543482343,0.2583097628618741
control,a20_h0x0_validated_d1,20.0,prova2,PbLg,footprint,3466,8.76030090398493,32.611992747187664,54.5637839399965,0.08398503109229634,0.07376182109064612
prior,a20_h0x0_validated_d1,20.0,prova2,Ca,footprint,3466,90.4854543869899,40.60016404894052,127.20916916715655,0.23973920047159267,0.2489160307349479
prior,a20_h0x0_validated_d1,20.0,prova2,Ti,footprint,3466,26.746785623351034,25.57133010794264,49.072325319136645,0.12641848889023843,0.15059450641573474
prior,a20_h0x0_validated_d1,20.0,prova2,Fe,footprint,3466,41.890876621345114,26.959236415365794,71.30026695931409,0.5170619306680839,0.5239602855421677
prior,a20_h0x0_validated_d1,20.0,prova2,Cu,footprint,3466,32.210102689182364,24.286410983139866,56.956603991837085,0.6990560575176618,0.7197519417837906
prior,a20_h0x0_validated_d1,20.0,prova2,PbLl,footprint,3466,16.99497941578712,21.879539930739718,38.28961056024523,0.23977539823929933,0.27062041848856316
prior,a20_h0x0_validated_d1,20.0,prova2,PbLa,footprint,3466,441.9829324724076,106.69391569503101,350.0361446245715,0.36243289254915984,0.3611382321898805
prior,a20_h0x0_validated_d1,20.0,prova2,PbLb,footprint,3466,250.74501965622315,88.71806685507629,262.7305268615636,0.3376590053373263,0.3396616558635968
prior,a20_h0x0_validated_d1,20.0,prova2,PbLg,footprint,3466,32.505253540219584,32.01665145537134,57.191147881936566,0.09000044275611736,0.08962660733373003
posterior,a20_h0x0_validated_d1,20.0,prova2,Ca,footprint,3466,84.8105455752829,40.799454099979094,129.68227283273933,0.3126321723935929,0.32049823502739305
posterior,a20_h0x0_validated_d1,20.0,prova2,Ti,footprint,3466,22.730285028636505,25.58271996169336,49.389632196583214,0.13099122011902994,0.16393854074170555
posterior,a20_h0x0_validated_d1,20.0,prova2,Fe,footprint,3466,32.34358873771364,27.13550912975407,70.73838394803039,0.5211454186567824,0.5210316947979995
posterior,a20_h0x0_validated_d1,20.0,prova2,Cu,footprint,3466,25.774428488921004,24.422408202325222,57.688814656014124,0.7182419859937719,0.7307445956455637
posterior,a20_h0x0_validated_d1,20.0,prova2,PbLl,footprint,3466,12.577774770266084,21.868859145792307,38.09798962897581,0.2613044709690839,0.2612418953091398
posterior,a20_h0x0_validated_d1,20.0,prova2,PbLa,footprint,3466,294.8774839271087,107.37117433158852,352.0642895610096,0.36491660457500447,0.3640148415458815
posterior,a20_h0x0_validated_d1,20.0,prova2,PbLb,footprint,3466,223.20303872580936,89.10189978385486,270.0952947692336,0.2980659095570924,0.30190838449149315
posterior,a20_h0x0_validated_d1,20.0,prova2,PbLg,footprint,3466,23.534762267155777,31.948548490305985,56.53390914097184,0.07333366034069111,0.07307303808476934
control,a20_h14x20_validated_d1,20.0,prova2,Ca,footprint,3466,83.21479001784367,40.40461158912582,270.9890244607725,0.4237291630446545,0.44157683988321916
control,a20_h14x20_validated_d1,20.0,prova2,Ca,hole,278,260.3554610372707,6.973685378288482,851.3480817170301,-0.020636012443102463,-0.021994934621768054
control,a20_h14x20_validated_d1,20.0,prova2,Ti,footprint,3466,24.648107414399618,24.835756616960932,63.37121234560068,0.27759340793226694,0.28479963879988945
control,a20_h14x20_validated_d1,20.0,prova2,Ti,hole,278,76.43757573406607,4.638813318472339,153.88358076324647,0.01889058218895944,0.02058462697642049
control,a20_h14x20_validated_d1,20.0,prova2,Fe,footprint,3466,34.558295581372576,26.335190587008523,138.58187279139764,0.5659210209388454,0.5811004540571302
control,a20_h14x20_validated_d1,20.0,prova2,Fe,hole,278,106.34852427838739,4.296978006143541,433.8180222483708,0.21895822110216798,0.21857003741364653
control,a20_h14x20_validated_d1,20.0,prova2,Cu,footprint,3466,40.1109628085499,24.492623325478448,119.95551597379269,0.7173952849341824,0.7664393002938562
control,a20_h14x20_validated_d1,20.0,prova2,Cu,hole,278,133.13633421704594,4.7778260150238285,382.7822698377715,-0.06451696683878004,-0.06311894702242166
control,a20_h14x20_validated_d1,20.0,prova2,PbLl,footprint,3466,13.779567654663994,21.835131186867216,51.71987169018827,0.29649794177126404,0.34543584523913434
control,a20_h14x20_validated_d1,20.0,prova2,PbLl,hole,278,43.40798983496749,4.458536788499171,132.69325580352043,0.19297337255384928,0.17932717992369815
control,a20_h14x20_validated_d1,20.0,prova2,PbLa,footprint,3466,346.79631882500894,107.30450627498473,733.6548021835711,0.49541242158811394,0.4502914616089849
control,a20_h14x20_validated_d1,20.0,prova2,PbLa,hole,278,1137.8948292069852,44.539108734866765,2361.395112695253,0.17090554876466824,0.17162606237357847
control,a20_h14x20_validated_d1,20.0,prova2,PbLb,footprint,3466,250.78643821889048,88.94097655299545,536.9143061929321,0.4222463797172563,0.3882980718913146
control,a20_h14x20_validated_d1,20.0,prova2,PbLb,hole,278,822.5028557681208,32.51627345598144,1708.758309121391,0.1514030885458164,0.15118246616169276
control,a20_h14x20_validated_d1,20.0,prova2,PbLg,footprint,3466,33.56053831934234,31.31720834771555,82.35942642468356,0.21346317722969999,0.20739265777237345
control,a20_h14x20_validated_d1,20.0,prova2,PbLg,hole,278,110.0025262092964,7.0670884440259325,223.43544782662065,0.11121574383674612,0.10697923552389019
prior,a20_h14x20_validated_d1,20.0,prova2,Ca,footprint,3466,113.02227232106546,38.84433111683917,278.21811780241615,0.39649281171995293,0.4021126524121792
prior,a20_h14x20_validated_d1,20.0,prova2,Ca,hole,278,244.64601750807486,7.1642196731715995,862.9985704897384,-0.024677591105175714,-0.025089233376312806
prior,a20_h14x20_validated_d1,20.0,prova2,Ti,footprint,3466,32.245988257397805,24.413956126150392,65.03487573328961,0.23498959072810027,0.24505272059152008
prior,a20_h14x20_validated_d1,20.0,prova2,Ti,hole,278,65.69243455712159,4.605997906694525,156.39526491919077,0.02655707040283692,0.023326488454048687
prior,a20_h14x20_validated_d1,20.0,prova2,Fe,footprint,3466,47.83629439264719,26.134446008637404,143.686248919727,0.5551446294224422,0.5570415853720763
prior,a20_h14x20_validated_d1,20.0,prova2,Fe,hole,278,89.55393778712319,3.9232311022958135,448.41219819239626,0.053150166486119366,0.05334788882530868
prior,a20_h14x20_validated_d1,20.0,prova2,Cu,footprint,3466,38.50093575699819,23.446309670094966,121.17339958369796,0.755357237522192,0.7667776950527794
prior,a20_h14x20_validated_d1,20.0,prova2,Cu,hole,278,80.4056724047904,4.570106864946638,381.9976251372085,0.09836379178944023,0.10327501362133767
prior,a20_h14x20_validated_d1,20.0,prova2,PbLl,footprint,3466,19.40136173929578,21.068114739802876,52.970690500804274,0.31889096641280745,0.31343293218329316
prior,a20_h14x20_validated_d1,20.0,prova2,PbLl,hole,278,34.492608343260606,4.088643859704366,135.49135761002483,0.2801119532928449,0.2681648322892868
prior,a20_h14x20_validated_d1,20.0,prova2,PbLa,footprint,3466,492.35292113376664,103.38089124560976,765.559754835329,0.46732238320959346,0.46540373234710464
prior,a20_h14x20_validated_d1,20.0,prova2,PbLa,hole,278,806.9879377754621,40.15043116312555,2402.4885516919003,0.21665760439278714,0.2156181657678399
prior,a20_h14x20_validated_d1,20.0,prova2,PbLb,footprint,3466,299.0404084448206,85.70291870499912,557.855939530334,0.4411572626260914,0.4410732531634729
prior,a20_h14x20_validated_d1,20.0,prova2,PbLb,hole,278,568.116847155024,29.186783044462782,1736.409141030339,0.1506094065006525,0.14977383412938916
prior,a20_h14x20_validated_d1,20.0,prova2,PbLg,footprint,3466,38.96991111632922,30.806428340402707,85.3187897975457,0.207463052327674,0.20051021995585117
prior,a20_h14x20_validated_d1,20.0,prova2,PbLg,hole,278,77.64928511017746,6.727472191291663,228.4577301956575,0.12955979690452832,0.12514064676987882
posterior,a20_h14x20_validated_d1,20.0,prova2,Ca,footprint,3466,102.76688678504833,39.025591167693975,290.94091250065514,0.45559390385571985,0.46115219747766395
posterior,a20_h14x20_validated_d1,20.0,prova2,Ca,hole,278,216.95910696641718,6.832564697590452,911.6761178923433,-0.038842106703597175,-0.04051101729539857
posterior,a20_h14x20_validated_d1,20.0,prova2,Ti,footprint,3466,28.991546279646574,24.420247114153977,66.54758271479781,0.25972281161444977,0.27513281453262256
posterior,a20_h14x20_validated_d1,20.0,prova2,Ti,hole,278,65.70524881408586,4.5771790526833875,163.50816526008649,0.10659440306145673,0.1046171796695635
posterior,a20_h14x20_validated_d1,20.0,prova2,Fe,footprint,3466,38.68144857300661,26.299861615311958,142.34928525202633,0.5777229365222396,0.5715085908913092
posterior,a20_h14x20_validated_d1,20.0,prova2,Fe,hole,278,81.77378125602786,3.8618759612408473,443.9165155939204,0.1410612048383885,0.1411064463905759
posterior,a20_h14x20_validated_d1,20.0,prova2,Cu,footprint,3466,36.1073232351475,23.598445840239123,121.81854729105775,0.7708881318600589,0.7794276379971429
posterior,a20_h14x20_validated_d1,20.0,prova2,Cu,hole,278,91.84566144810958,4.747921180199964,384.447872171593,-0.0066368239983534295,-0.00857662536559782
posterior,a20_h14x20_validated_d1,20.0,prova2,PbLl,footprint,3466,16.493513427247105,21.06002046353987,52.440807385820285,0.34930235931399156,0.337683105288211
posterior,a20_h14x20_validated_d1,20.0,prova2,PbLl,hole,278,38.31333019435987,4.233727759694492,133.88498277235968,0.15226938048955266,0.144593955672774
posterior,a20_h14x20_validated_d1,20.0,prova2,PbLa,footprint,3466,388.0902559308677,104.02087979487109,753.4210400932242,0.4708634825258615,0.47282178236401484
posterior,a20_h14x20_validated_d1,20.0,prova2,PbLa,hole,278,895.8664034851223,40.8331175248426,2361.1114242670287,0.1148808681016058,0.11518862236401631
posterior,a20_h14x20_validated_d1,20.0,prova2,PbLb,footprint,3466,286.7451269772668,86.05471912121271,553.2993218237759,0.4085473511146383,0.4121323446085097
posterior,a20_h14x20_validated_d1,20.0,prova2,PbLb,hole,278,651.6037012268908,29.62528666017677,1711.0749688263713,0.11662573981806752,0.11690165743264244
posterior,a20_h14x20_validated_d1,20.0,prova2,PbLg,footprint,3466,34.44914671828154,30.743067035746204,83.56116199489207,0.20673927911662443,0.20890926870177945
posterior,a20_h14x20_validated_d1,20.0,prova2,PbLg,hole,278,88.04679115008908,6.940684353958913,223.52424935247657,0.09255667551669622,0.08851286270389765
control,a25_h0x0_validated_d1,25.0,prova2,Ca,footprint,3466,34.19843518260113,41.6132164813564,115.72481244114867,0.25905506296454767,0.281577624481845
control,a25_h0x0_validated_d1,25.0,prova2,Ti,footprint,3466,10.569294739983452,25.575809173184535,47.087101873313905,0.16488687216627232,0.17193847854214803
control,a25_h0x0_validated_d1,25.0,prova2,Fe,footprint,3466,16.369324755400704,27.199897651413195,67.93038870280783,0.49291418163392337,0.5109824715013928
control,a25_h0x0_validated_d1,25.0,prova2,Cu,footprint,3466,12.45964040058617,25.510237100393383,53.02817540501582,0.6293986741846714,0.7062690559230934
control,a25_h0x0_validated_d1,25.0,prova2,PbLl,footprint,3466,5.497765541942653,22.665047421678693,37.19214864006365,0.18810360547327892,0.2437844640625755
control,a25_h0x0_validated_d1,25.0,prova2,PbLa,footprint,3466,86.27354528858386,112.13949410874092,303.58954645240357,0.39047887823948185,0.3156196633693055
control,a25_h0x0_validated_d1,25.0,prova2,PbLb,footprint,3466,62.724463914268505,93.24317517932576,234.107754616278,0.29736169107766214,0.2561699594580549
control,a25_h0x0_validated_d1,25.0,prova2,PbLg,footprint,3466,8.805187228118369,32.80093247682415,54.705775442401546,0.08458040351625754,0.0722627886980398
prior,a25_h0x0_validated_d1,25.0,prova2,Ca,footprint,3466,92.29978435524761,39.67279459096159,128.09228250354178,0.24019396506343335,0.24749331860009055
prior,a25_h0x0_validated_d1,25.0,prova2,Ti,footprint,3466,27.982277001589097,25.066687629895586,48.94199136034906,0.13222722089466835,0.1561592920552535
prior,a25_h0x0_validated_d1,25.0,prova2,Fe,footprint,3466,43.48950917807692,26.968475008989756,71.42566807170266,0.5168452060481784,0.5236986675515074
prior,a25_h0x0_validated_d1,25.0,prova2,Cu,footprint,3466,32.70993283391696,24.40287014208533,57.122708272366076,0.7010186898826818,0.7189463658658081
prior,a25_h0x0_validated_d1,25.0,prova2,PbLl,footprint,3466,17.745408639560036,21.825419012037873,38.36469945024136,0.2462595144930996,0.27145985976289533
prior,a25_h0x0_validated_d1,25.0,prova2,PbLa,footprint,3466,494.5010776468274,107.16823095103571,353.84666605756263,0.35289184759193887,0.35198811096180593
prior,a25_h0x0_validated_d1,25.0,prova2,PbLb,footprint,3466,262.50647605300446,89.29364481183252,264.39789513184087,0.33728225476099377,0.3384070528609152
prior,a25_h0x0_validated_d1,25.0,prova2,PbLg,footprint,3466,34.193052352399455,32.19746916379436,57.43501657509979,0.09663034379807531,0.09394036798700106
posterior,a25_h0x0_validated_d1,25.0,prova2,Ca,footprint,3466,91.86289623343846,39.87159811066898,131.14662597194808,0.31849635659182135,0.3257403239327278
posterior,a25_h0x0_validated_d1,25.0,prova2,Ti,footprint,3466,24.56989157060006,25.079877684184755,49.33617654218517,0.14116937679832475,0.17334444907614804
posterior,a25_h0x0_validated_d1,25.0,prova2,Fe,footprint,3466,33.80055045730634,27.135307950877056,70.87951855197558,0.5231525339942164,0.5223249513298082
posterior,a25_h0x0_validated_d1,25.0,prova2,Cu,footprint,3466,26.545628782771825,24.497906689809692,57.97906417734055,0.7165846216906989,0.7274400658993101
posterior,a25_h0x0_validated_d1,25.0,prova2,PbLl,footprint,3466,13.225743326884913,21.82616934982182,38.17497639120545,0.2687262773988977,0.2656687541366447
posterior,a25_h0x0_validated_d1,25.0,prova2,PbLa,footprint,3466,324.7764230578611,107.76890687752035,356.72984510592505,0.35767148039495456,0.3574660074334941
posterior,a25_h0x0_validated_d1,25.0,prova2,PbLb,footprint,3466,246.4987764233849,89.59982341355085,274.5883223538917,0.29686269453655,0.3010193783950668
posterior,a25_h0x0_validated_d1,25.0,prova2,PbLg,footprint,3466,24.673058191075913,32.12358511420234,56.82108907734526,0.07574107862328629,0.0742054674611428
control,a25_h14x20_validated_d1,25.0,prova2,Ca,footprint,3466,83.14639232862844,39.55963578769251,270.94271314514464,0.426210641223912,0.4462730488482151
control,a25_h14x20_validated_d1,25.0,prova2,Ca,hole,278,259.6758997128759,6.896529997966937,851.5953685102864,-0.010613612289392893,-0.01252101847112039
control,a25_h14x20_validated_d1,25.0,prova2,Ti,footprint,3466,24.617005765700412,24.350491900794825,63.13468278725026,0.28024983310257323,0.291376328699663
control,a25_h14x20_validated_d1,25.0,prova2,Ti,hole,278,76.14202112129709,4.576482942653977,153.64331708857088,0.017259652159488197,0.018278983427907725
control,a25_h14x20_validated_d1,25.0,prova2,Fe,footprint,3466,34.8810298872064,26.348508550747663,138.6684872746518,0.5665573193574657,0.5814307324971804
control,a25_h14x20_validated_d1,25.0,prova2,Fe,hole,278,107.42692553562111,4.301190524602635,434.19727776546176,0.21953965882842813,0.21954356859219737
control,a25_h14x20_validated_d1,25.0,prova2,Cu,footprint,3466,40.39616979647114,24.590777129537614,120.15386980373397,0.716999020262583,0.7658737964536382
control,a25_h14x20_validated_d1,25.0,prova2,Cu,hole,278,134.14723198388822,4.790986199772387,383.3385305942331,-0.05618470170876225,-0.05516369482729875
control,a25_h14x20_validated_d1,25.0,prova2,PbLl,footprint,3466,14.024256826313668,21.795692478236624,51.703509417972825,0.29739075241017465,0.3474949543573821
control,a25_h14x20_validated_d1,25.0,prova2,PbLl,hole,278,44.325688686773745,4.451887131691376,132.691594067867,0.20279972598141352,0.1904303504907731
control,a25_h14x20_validated_d1,25.0,prova2,PbLa,footprint,3466,353.85463117781427,107.8620938990502,733.3089831905763,0.49509488884091835,0.44962477786208116
control,a25_h14x20_validated_d1,25.0,prova2,PbLa,hole,278,1163.3367930158943,44.577301753196714,2359.2859625790106,0.18312914592048263,0.1833291024103973
control,a25_h14x20_validated_d1,25.0,prova2,PbLb,footprint,3466,255.79235203877067,89.5679930290371,536.6083825686019,0.42136423626499625,0.3861648296733299
control,a25_h14x20_validated_d1,25.0,prova2,PbLb,hole,278,840.570868129768,32.561390933283455,1706.7146978994692,0.1627179448941138,0.16213148032872174
control,a25_h14x20_validated_d1,25.0,prova2,PbLg,footprint,3466,34.235729339685456,31.503678647252592,82.40435980355825,0.21373418855822812,0.20587583645617757
control,a25_h14x20_validated_d1,25.0,prova2,PbLg,hole,278,112.44989903660762,7.090677143555677,223.27481904688221,0.11947316491746626,0.11318123793733151
prior,a25_h14x20_validated_d1,25.0,prova2,Ca,footprint,3466,114.4018755438951,37.93237240158185,277.72870661136034,0.39600318805443174,0.4011415726998026
prior,a25_h14x20_validated_d1,25.0,prova2,Ca,hole,278,246.1029083565351,7.074838505406759,859.7666033292087,-0.000739224621234653,-0.0016703069360047072
prior,a25_h14x20_validated_d1,25.0,prova2,Ti,footprint,3466,33.30868071392412,23.919666188461107,64.64342018993828,0.23817733995489443,0.25250319294196183
prior,a25_h14x20_validated_d1,25.0,prova2,Ti,hole,278,66.90927566904244,4.543161799370628,154.89963372676573,0.0021618200955713825,0.0025617330754006316
prior,a25_h14x20_validated_d1,25.0,prova2,Fe,footprint,3466,49.1825382907722,26.14164433060569,143.3428274153442,0.5553568722273206,0.5576186962226733
prior,a25_h14x20_validated_d1,25.0,prova2,Fe,hole,278,90.07075884764268,3.917034754111887,446.794148653464,0.05797481497741133,0.05855010878917687
prior,a25_h14x20_validated_d1,25.0,prova2,Cu,footprint,3466,38.980936963242925,23.558949098511498,121.44072524129149,0.756511690648855,0.7658251864417291
prior,a25_h14x20_validated_d1,25.0,prova2,Cu,hole,278,81.42439433804856,4.581440357920204,382.7746257037112,0.11022657360311819,0.11466974085806468
prior,a25_h14x20_validated_d1,25.0,prova2,PbLl,footprint,3466,20.07537661683195,21.01618502312803,53.01237953261663,0.324893765820875,0.3144274181465499
prior,a25_h14x20_validated_d1,25.0,prova2,PbLl,hole,278,35.20538761028665,4.077599397661692,135.48707930598073,0.2764669363845129,0.26594743769442347
prior,a25_h14x20_validated_d1,25.0,prova2,PbLa,footprint,3466,535.1318015196331,103.83628182133464,768.7349261666722,0.4503929334633671,0.4480537966457387
prior,a25_h14x20_validated_d1,25.0,prova2,PbLa,hole,278,812.6162094634541,39.91430452084148,2409.7350822945536,0.23439564407633082,0.23364832065871702
prior,a25_h14x20_validated_d1,25.0,prova2,PbLb,footprint,3466,308.4589808586087,86.26038196281498,559.5257210390323,0.4387127568990492,0.438021127907487
prior,a25_h14x20_validated_d1,25.0,prova2,PbLb,hole,278,574.4194597205593,29.049371969528227,1740.97571798881,0.17578493394873015,0.17598600751400742
prior,a25_h14x20_validated_d1,25.0,prova2,PbLg,footprint,3466,40.35991142551018,30.985742819999253,85.54723625414474,0.21237025186384667,0.2024368312204278
prior,a25_h14x20_validated_d1,25.0,prova2,PbLg,hole,278,79.0434528692634,6.728229445404389,228.90919984945728,0.14733302446199553,0.1440091667204259
posterior,a25_h14x20_validated_d1,25.0,prova2,Ca,footprint,3466,108.5790234427071,38.12304187282633,292.1104213480552,0.4612001143659708,0.46533728038260674
posterior,a25_h14x20_validated_d1,25.0,prova2,Ca,hole,278,219.35197268598475,6.741546839824173,913.792185419785,-0.04566520301867275,-0.04684371752627012
posterior,a25_h14x20_validated_d1,25.0,prova2,Ti,footprint,3466,30.521118576959505,23.927916228930222,66.72148812200953,0.2694548575157952,0.2837052741578323
posterior,a25_h14x20_validated_d1,25.0,prova2,Ti,hole,278,66.85406457770567,4.509185539700257,164.55332848707573,0.09605591409020214,0.0935855019256983
posterior,a25_h14x20_validated_d1,25.0,prova2,Fe,footprint,3466,39.50332695333039,26.300163717989975,142.47596921679857,0.5778218255185242,0.5697883174796404
posterior,a25_h14x20_validated_d1,25.0,prova2,Fe,hole,278,80.2745125852111,3.857005863671139,444.1776601766543,0.1210018825512549,0.12052544990908402
posterior,a25_h14x20_validated_d1,25.0,prova2,Cu,footprint,3466,36.61269677912813,23.6746439915704,122.30505588767002,0.7685250740644178,0.7750503082547978
posterior,a25_h14x20_validated_d1,25.0,prova2,Cu,hole,278,91.94825832268181,4.7586223483794505,385.95123993798745,-0.0003700312138783209,-0.00281530918272253
posterior,a25_h14x20_validated_d1,25.0,prova2,PbLl,footprint,3466,16.99784342103155,21.019149622421132,52.45268395533741,0.3565193331651493,0.34269649222487053
posterior,a25_h14x20_validated_d1,25.0,prova2,PbLl,hole,278,38.591408865443974,4.22071342734383,133.73307099880094,0.16191644332141136,0.1529340403303303
posterior,a25_h14x20_validated_d1,25.0,prova2,PbLa,footprint,3466,411.2635567869906,104.43205121541142,755.1894417351112,0.462348117264216,0.4642702896557266
posterior,a25_h14x20_validated_d1,25.0,prova2,PbLa,hole,278,899.7622619092476,40.6955962663593,2360.629457236963,0.11712618958053542,0.11714741401242577
posterior,a25_h14x20_validated_d1,25.0,prova2,PbLb,footprint,3466,303.767766799647,86.56034468292964,555.6946310817993,0.4038979278487021,0.40714379714671145
posterior,a25_h14x20_validated_d1,25.0,prova2,PbLb,hole,278,653.6641900961193,29.52803609971714,1712.496427297348,0.1210582948570688,0.12052880113517198
posterior,a25_h14x20_validated_d1,25.0,prova2,PbLg,footprint,3466,35.18018461462718,30.917655433328246,83.59470118854158,0.20599813343254889,0.20660629766153765
posterior,a25_h14x20_validated_d1,25.0,prova2,PbLg,hole,278,88.17372224462062,6.948504231131993,222.92716804246876,0.08465616001434324,0.08192770344106687
