subset,n_px,line,alpha,w_share_10264,snr_det10264,r_det10264,cv_ratio_det10264,r_vs_sum_det10264,snr_det19511,r_det19511,cv_ratio_det19511,r_vs_sum_det19511,snr_sum,r_sum,cv_ratio_sum,r_vs_sum_sum,snr_weighted,r_weighted,cv_ratio_weighted,r_vs_sum_weighted,snr_learned,r_learned,cv_ratio_learned,r_vs_sum_learned,snr_gain_pct,snr_gain_learned_pct,bias_learned_pct
all_px,3600,Ca,6.032690509867789,0.8853573691303852,19.862529447569205,0.9912313004281461,1.023850975818077,0.9990129143625968,7.059247296505754,0.9145410033137569,0.9047963106576145,0.9528824214600272,19.697799217429466,0.9906579308248894,1.0,1.0,19.97749637731013,0.9909964684478967,1.0044642339694176,0.9999615153243108,21.225515373780773,0.9917848092831636,0.9899483254478174,0.9994386306442948,1.4199411659814976,7.755770781740523,1.0940570987210574
heldout_px,563,Ca,6.032690509867789,0.8853573691303852,25.082766504059503,0.9863452349244702,1.0032408162258588,0.9981120537813076,6.933340338937813,0.8495926782395258,1.0586978250679824,0.9369166341734275,24.044047953098925,0.9851207250193351,1.0,1.0,24.73148792482751,0.9859369290545706,1.0003319780119218,0.9999288503242129,26.64168295932163,0.9873819536902118,0.9814655557954592,0.9986494483920273,2.859085845567799,10.80365091306479,1.194440069724112
all_px,3600,Ti,2.539555399967894,0.7881054220956804,9.906867389183928,0.9608629625643854,1.0766788229186006,0.9931524799047003,5.045394719755014,0.7949036800113105,0.8836569932219768,0.9321260121776901,10.481913771220569,0.9595034328119459,1.0,1.0,10.728394453348097,0.9626253644297044,1.0178184109404371,0.9995223138476672,11.862164476948623,0.9681602597777742,0.998436359471141,0.9963427348100885,2.3514854968972543,13.167926543316044,-7.214795218083236
heldout_px,563,Ti,2.539555399967894,0.7881054220956804,9.496856752987929,0.9430888942492264,1.045549775277179,0.9909409526360315,4.625844591261852,0.7497096342462426,0.9738135764212701,0.9374348834436039,9.865166332388853,0.9419672181316855,1.0,1.0,10.201538786619883,0.9466799436464937,1.0095184971985594,0.9994083543394692,11.22955280322826,0.9524612413954795,0.9719488644927426,0.9943403221986755,3.4096987612532104,13.83034431320147,-7.68106115973467
all_px,3600,Fe,1.2375144607884827,0.5875303693586365,8.011635907222553,0.9899771679236962,0.9994469321791312,0.9975908593171807,6.995570910902611,0.9870912353261255,1.0073040746021096,0.9963795119027108,9.313906653056515,0.992589192314938,1.0,0.9999999999999998,9.332594667895712,0.9926151149958018,0.9997861821746694,0.9999857309322393,10.330750892214601,0.9940600535380224,1.007352949848635,0.9995998601263644,0.20064636178271922,10.917483683652684,-4.009539835466736
heldout_px,563,Fe,1.2375144607884827,0.5875303693586365,8.675399458885087,0.9941818012300767,0.9817639304757311,0.9992540498914124,7.5532839503131015,0.9929411894413287,1.0234575179228735,0.9990365437094088,10.637216337503855,0.996265279760381,1.0,0.9999999999999998,10.661753480610793,0.9962717761388957,0.9985682034462174,0.9999958694641616,12.127635990146675,0.9971984549485418,1.0128947929837986,0.9997241701229274,0.23067259636739834,14.011369190527944,-4.466444215698273
all_px,3600,Cu,1.0772724468500072,0.592375963573365,7.122353147749987,0.9765020515593477,0.9780212017166421,0.9937966674141888,5.964568018433692,0.9703051929409426,1.0368419519093257,0.9935977919981597,8.122112933689197,0.9826685529901888,1.0,0.9999999999999999,8.214171783495523,0.9829093233308096,0.9958418877854943,0.9998599322090068,9.042080227606908,0.9856599248332375,0.988400112455039,0.9990328829963389,1.1334347423868074,11.326699116701967,0.8126176690684161
heldout_px,563,Cu,1.0772724468500072,0.592375963573365,9.075413499073097,0.9644150341472533,0.9530737745077364,0.9888818679419158,7.824440710407062,0.9623844041101335,1.0751195264612607,0.9893118364457191,10.891454385486256,0.9774063526552141,1.0,1.0,10.95657778075059,0.9772866541981141,0.9913327425106864,0.9997547593007892,12.371832858612592,0.9816378336457309,0.9779069029694711,0.9984333205931761,0.5979311206693927,13.592110114320999,1.0258786437890688
all_px,3600,PbLl,0.8596862032658857,0.4874130002548069,3.9475982755115178,0.8275400662574353,1.0309009267510345,0.9684122806107087,3.9625090329331396,0.8270286469093425,1.025375990654139,0.9766419964608749,5.508837752393535,0.9020539376314278,1.0,0.9999999999999998,5.521429019105923,0.902477658704331,0.999994369694349,0.9999280118646514,8.096493455467424,0.9516398387123146,0.980692212065719,0.9904089583409008,0.22856484939890453,46.97280659517662,-0.9273295129342718
heldout_px,563,PbLl,0.8596862032658857,0.4874130002548069,3.92936987152685,0.7617115551916228,1.0359823608254946,0.9595514119378193,3.599455087337155,0.724995064918735,1.040765941873448,0.966074373972621,5.400197024653804,0.8574196279677351,1.0,1.0,5.42965454125116,0.8587902678665622,0.9998130246407819,0.9999002543214685,8.846843410759929,0.9387159103690272,0.9517791137567118,0.985609985937821,0.5454896638561912,63.82445622578157,-1.2781816657027933
all_px,3600,PbLa,0.7994951361034033,0.5029209092230145,31.79271398816803,0.9901864881627639,1.0093245115434983,0.9865711751204636,32.28135746696136,0.9905716485817023,1.0120061932248572,0.9914784779237542,34.95206032897899,0.9917385623079408,1.0,0.9999999999999998,34.95603755696335,0.9917326266585911,0.9997050547133254,0.9998485916776655,33.03138106948644,0.991499051565121,1.0431252531559163,0.9994605357293542,0.011379094528130018,-5.495181804490357,-1.5991812782531478
heldout_px,563,PbLa,0.7994951361034033,0.5029209092230145,37.19874300900236,0.9906593303671277,1.0702805868921306,0.9848351429500039,37.886420480148004,0.988967737277463,0.9675301355908554,0.987280028575989,42.82904570746216,0.9919000631377918,1.0,0.9999999999999998,42.822448883104855,0.9919941226943322,1.0060010945230151,0.9998035896966739,39.18238902906518,0.9910480343013267,1.0395334229117346,0.9990078657923743,-0.015402688171861634,-8.514447656165302,-2.078527203199232
all_px,3600,PbLb,0.7270198861462318,0.4704288837971078,28.50492113304816,0.9876534402085567,1.0096909904068394,0.9881606597716946,29.6846912223809,0.9885782648225657,1.0079559810750973,0.9937390332183421,32.82780012039252,0.990501041379353,1.0,1.0,32.840336435360314,0.9905058854948875,0.9998942487464423,0.9999124355137059,32.06150790449591,0.9907835587120809,1.0392915721774887,0.9993166803363834,0.038188105574610276,-2.3342783040176562,-3.8854464863131377
heldout_px,563,PbLb,0.7270198861462318,0.4704288837971078,30.430237805245394,0.9835591204868158,1.0644259250676587,0.9833444852461174,33.34925516095545,0.9836682021268516,0.9758679773678356,0.9889589575242043,37.652238529985055,0.9877754843791866,1.0,1.0,37.552440133950924,0.9878138655729731,1.0041876654961936,0.9998605631174255,37.082376169934925,0.9877490202623113,1.01420116780899,0.9989689421022065,-0.26505302189312463,-1.5134886591040564,-4.546618821552173
all_px,3600,PbLg,0.650190982851234,0.41302447115686636,8.462295201491331,0.8650243722094685,1.0355572431962605,0.9681329098137739,9.690755175320755,0.8909866171853057,1.012463994651343,0.9860481877413697,12.64902088506123,0.9329398189990351,1.0,0.9999999999999999,12.674118679364685,0.9332073932753598,1.0001132993238486,0.9999669158976657,14.556518505517406,0.9529845193926645,1.043365353328743,0.9945924572419221,0.19841689354072045,15.080199786127114,-2.1568699823655613
heldout_px,563,PbLg,0.650190982851234,0.41302447115686636,7.990127384777039,0.8180492606593573,1.0961693649168835,0.9570810254512856,8.903818629877625,0.8201671286354567,0.9900199647547959,0.977376735568573,11.3941624953076,0.8882420664808126,1.0,1.0,11.418445125875618,0.8890236528144818,1.0016041428152644,0.9999496744057872,13.135566679682471,0.9208372364792107,1.039518862469828,0.9918403772557173,0.21311465917759342,15.283301296536923,-2.523986333009731
