kev,R,R_sigma,R_model,R_tilt
2.0000,496964.820617,32550.536865,537878.380000,570961.763903
2.0200,330398.061595,21415.613808,357761.676913,379430.331057
2.0400,223254.641659,14316.576956,241849.412854,256274.736059
2.0600,153203.955429,9717.112685,166032.378748,175785.729409
2.0800,106689.397992,6691.103249,115667.710543,122360.393536
2.1000,75343.946600,4671.026905,81714.067896,86371.722773
2.1200,53921.594772,3303.621213,58500.294660,61785.596656
2.1400,39083.378172,2365.683857,42415.373241,44762.633193
2.1600,28673.416204,1714.163633,31126.857126,32824.621889
2.1800,21280.507580,1256.121610,23107.393943,24349.879630
2.2000,15968.726666,930.385541,17343.658029,18263.225494
2.2200,12109.533315,696.187994,13154.892118,13842.827556
2.2400,9275.730048,526.034863,10078.253253,10598.236298
2.2600,7173.615749,401.171414,7795.431290,8192.371279
2.2800,5599.038762,308.664127,6085.100510,6391.002254
2.3000,4408.591940,239.500239,4791.743823,5029.645540
2.3200,3500.516967,187.336007,3804.978832,3991.624550
2.3400,2801.906614,147.663263,3045.698080,3193.370104
2.3600,2260.037602,117.248662,2456.679901,2574.467927
2.3800,1836.441582,93.752612,1996.163643,2090.852148
2.4000,1502.809834,75.467813,1633.410708,1710.105184
2.4200,1238.138141,61.138184,1345.609017,1408.181827
2.4400,1026.718417,49.832353,1115.694964,1167.105498
2.4600,856.713748,40.854503,930.807696,973.334156
2.4800,719.138961,33.681020,781.183025,816.591567
2.5000,607.125469,27.915128,659.355603,689.024706
2.5200,515.387031,23.254142,559.579005,584.591598
2.5400,439.828618,19.465662,477.401072,498.613261
2.5600,377.258008,16.370142,409.350727,427.443411
2.5800,325.171643,13.828035,352.705386,368.223291
2.6000,281.594582,11.730255,305.317088,318.698464
2.6200,244.960093,9.991056,265.481677,277.081035
2.6400,214.018514,8.542671,231.839760,241.945387
2.6600,187.767852,7.331266,203.301275,212.148799
2.6800,165.400625,6.313863,178.987707,186.770666
2.7000,146.262913,5.455982,158.187576,165.065692
2.7200,129.822654,4.729833,140.321958,146.427654
2.7400,115.644956,4.112919,124.917638,130.361192
2.7600,103.372778,3.586943,111.586106,116.459752
2.7800,92.711744,3.136968,100.007033,104.388235
2.8000,83.418139,2.750745,89.915217,93.869297
2.8200,75.289387,2.418192,81.090220,84.672479
2.8400,68.156451,2.130979,73.348107,76.605536
2.8600,61.877754,1.882197,66.534823,69.507503
2.8800,56.334288,1.666097,60.520875,63.243112
2.9000,51.425663,1.477876,55.197034,57.698295
2.9200,47.066908,1.313511,50.470850,52.776527
2.9400,43.185861,1.169620,46.263818,48.395865
2.9600,39.721046,1.043349,42.509059,44.486517
2.9800,36.619928,0.932285,39.149423,40.988858
3.0000,33.837474,0.834382,36.135930,37.851795
3.0200,31.322715,0.747605,33.413401,35.017715
3.0400,29.056836,0.670834,30.961099,32.465066
3.0600,27.010594,0.602782,28.747226,30.160699
3.0800,25.158657,0.542347,26.744240,28.075907
3.1000,23.479021,0.488584,24.928223,26.185763
3.1200,21.952529,0.440675,23.278350,24.468571
3.1400,20.562458,0.397917,21.776447,22.905394
3.1600,19.294174,0.359701,20.406613,21.479669
3.1800,18.134844,0.325497,19.154903,20.176874
3.2000,17.073186,0.294846,18.009062,18.984245
3.2200,16.099261,0.267348,16.958296,17.890542
3.2400,15.204295,0.242652,15.993074,16.885844
3.2600,14.380525,0.220454,15.104968,15.961374
3.2800,13.621066,0.200485,14.286505,15.109354
3.3000,12.919806,0.182510,13.531050,14.322879
3.3200,12.271303,0.166322,12.832698,13.595801
3.3400,11.670705,0.151740,12.186183,12.922642
3.3600,11.113676,0.138601,11.586805,12.298508
3.3800,10.596339,0.126763,11.030355,11.719022
3.4000,10.115214,0.116100,10.513063,11.180260
3.4200,9.667179,0.106499,10.031544,10.678699
3.4400,9.249424,0.097861,9.582752,10.211170
3.4600,8.859419,0.090095,9.163945,9.774821
3.4800,8.494879,0.083121,8.772648,9.367077
3.5000,8.153739,0.076866,8.406626,8.985612
3.5200,7.834132,0.071265,8.063857,8.628320
3.5400,7.534363,0.066257,7.742505,8.293295
3.5600,7.252895,0.061788,7.440908,7.978805
3.5800,6.988331,0.057807,7.157552,7.683277
3.6000,6.739397,0.054268,6.891063,7.405279
3.6200,6.504934,0.051126,6.640186,7.143506
3.6400,6.283884,0.048342,6.403776,6.896767
3.6600,6.075280,0.045877,6.180789,6.663976
3.6800,5.878235,0.043695,5.970268,6.444136
3.7000,5.691940,0.041765,5.771337,6.236336
3.7200,5.515651,0.040056,5.583194,6.039741
3.7400,5.348685,0.038539,5.405102,5.853584
3.7600,5.190414,0.037189,5.236382,5.677159
3.7800,5.040260,0.035983,5.076411,5.509817
3.8000,4.897692,0.034901,4.924617,5.350962
3.8200,4.762217,0.033923,4.780468,5.200042
3.8400,4.633383,0.033033,4.643477,5.056548
3.8600,4.510771,0.032218,4.513193,4.920010
3.8800,4.393994,0.031466,4.389197,4.789994
3.9000,4.282692,0.030764,4.271103,4.666097
3.9200,4.176533,0.030106,4.158554,4.547947
3.9400,4.075208,0.029483,4.051217,4.435197
3.9600,3.978430,0.028890,3.948784,4.327527
3.9800,3.885934,0.028321,3.850968,4.224637
4.0000,3.797472,0.027772,3.757503,4.126251
4.0200,3.713795,0.027248,3.669111,4.033177
4.0400,3.633628,0.026737,3.584512,3.944023
4.0600,3.556779,0.026239,3.503497,3.858571
4.0800,3.483065,0.025752,3.425871,3.776619
4.1000,3.412316,0.025276,3.351452,3.697976
4.1200,3.344374,0.024809,3.280067,3.622464
4.1400,3.279089,0.024353,3.211559,3.549917
4.1600,3.216324,0.023907,3.145777,3.480180
4.1800,3.155947,0.023471,3.082580,3.413106
4.2000,3.097836,0.023047,3.021839,3.348560
4.2200,3.041876,0.022635,2.963429,3.286412
4.2400,2.987960,0.022236,2.907234,3.226543
4.2600,2.935986,0.021852,2.853145,3.168838
4.2800,2.885859,0.021482,2.801060,3.113192
4.3000,2.837489,0.021130,2.750883,3.059505
4.3200,2.790792,0.020794,2.702523,3.007682
4.3400,2.745689,0.020478,2.655894,2.957634
4.3600,2.702104,0.020181,2.610915,2.909279
4.3800,2.659967,0.019906,2.567511,2.862537
4.4000,2.619212,0.019652,2.525610,2.817333
4.4200,2.579776,0.019420,2.485143,2.773599
4.4400,2.541598,0.019212,2.446048,2.731267
4.4600,2.504624,0.019028,2.408263,2.690275
4.4800,2.468800,0.018867,2.371730,2.650564
4.5000,2.434076,0.018731,2.336396,2.612078
4.5200,2.400404,0.018619,2.302209,2.574764
4.5400,2.367741,0.018531,2.269121,2.538572
4.5600,2.336042,0.018466,2.237085,2.503455
4.5800,2.305269,0.018424,2.206057,2.469368
4.6000,2.275382,0.018404,2.175996,2.436268
4.6200,2.246346,0.018405,2.146863,2.404115
4.6400,2.218127,0.018427,2.118619,2.372871
4.6600,2.190691,0.018466,2.091230,2.342500
4.6800,2.164009,0.018524,2.064660,2.312967
4.7000,2.138050,0.018597,2.038879,2.284239
4.7200,2.112788,0.018684,2.013855,2.256287
4.7400,2.088195,0.018784,1.989560,2.229079
4.7600,2.064246,0.018895,1.965964,2.202589
4.7800,2.040918,0.019016,1.943042,2.176789
4.8000,2.018189,0.019145,1.920769,2.151655
4.8200,1.996035,0.019281,1.899120,2.127162
4.8400,1.974438,0.019421,1.878072,2.103288
4.8600,1.953377,0.019565,1.857603,2.080011
4.8800,1.932834,0.019710,1.837693,2.057310
4.9000,1.912791,0.019856,1.818321,2.035165
4.9200,1.893232,0.020002,1.799468,2.013558
4.9400,1.874140,0.020145,1.781116,1.992471
4.9600,1.855500,0.020286,1.763247,1.971887
4.9800,1.837298,0.020422,1.745844,1.951789
5.0000,1.819520,0.020553,1.728892,1.932162
5.0200,1.802577,0.020682,1.712778,1.913442
5.0400,1.786012,0.020804,1.697066,1.895144
5.0600,1.769815,0.020918,1.681742,1.877254
5.0800,1.753974,0.021023,1.666794,1.859761
5.1000,1.738479,0.021118,1.652210,1.842653
5.1200,1.723321,0.021204,1.637977,1.825920
5.1400,1.708490,0.021278,1.624085,1.809551
5.1600,1.693979,0.021341,1.610523,1.793536
5.1800,1.679777,0.021392,1.597280,1.777866
5.2000,1.665877,0.021431,1.584347,1.762532
5.2200,1.652272,0.021457,1.571714,1.747524
5.2400,1.638953,0.021471,1.559371,1.732835
5.2600,1.625915,0.021471,1.547310,1.718457
5.2800,1.613150,0.021458,1.535523,1.704382
5.3000,1.600651,0.021431,1.524000,1.690603
5.3200,1.588412,0.021391,1.512735,1.677113
5.3400,1.576428,0.021337,1.501720,1.663905
5.3600,1.564693,0.021269,1.490947,1.650972
5.3800,1.553201,0.021187,1.480409,1.638309
5.4000,1.541946,0.021092,1.470100,1.625909
5.4200,1.530925,0.020983,1.460012,1.613766
5.4400,1.520131,0.020860,1.450141,1.601876
5.4600,1.509560,0.020724,1.440478,1.590233
5.4800,1.499209,0.020574,1.431020,1.578832
5.5000,1.489071,0.020412,1.421759,1.567667
5.5200,1.479143,0.020236,1.412690,1.556734
5.5400,1.469422,0.020048,1.403809,1.546029
5.5600,1.459902,0.019848,1.395110,1.535546
5.5800,1.450581,0.019636,1.386587,1.525282
5.6000,1.441454,0.019412,1.378237,1.515233
5.6200,1.432518,0.019178,1.370055,1.505394
5.6400,1.423769,0.018932,1.362036,1.495761
5.6600,1.415205,0.018676,1.354176,1.486331
5.6800,1.406821,0.018410,1.346470,1.477100
5.7000,1.398615,0.018135,1.338916,1.468064
5.7200,1.390584,0.017851,1.331508,1.459220
5.7400,1.382724,0.017559,1.324243,1.450564
5.7600,1.375032,0.017259,1.317117,1.442093
5.7800,1.367507,0.016952,1.310127,1.433804
5.8000,1.360143,0.016639,1.303269,1.425694
5.8200,1.352940,0.016320,1.296540,1.417759
5.8400,1.345895,0.015996,1.289937,1.409996
5.8600,1.339003,0.015667,1.283457,1.402402
5.8800,1.332264,0.015335,1.277096,1.394975
5.9000,1.325674,0.015000,1.270852,1.387711
5.9200,1.319231,0.014664,1.264722,1.380608
5.9400,1.312933,0.014326,1.258703,1.373662
5.9600,1.306776,0.013988,1.252792,1.366872
5.9800,1.300758,0.013651,1.246987,1.360233
6.0000,1.294877,0.013316,1.241285,1.353744
6.0200,1.289492,0.012988,1.236030,1.347778
6.0400,1.284227,0.012663,1.230863,1.341945
6.0600,1.279081,0.012344,1.225781,1.336241
6.0800,1.274052,0.012031,1.220782,1.330665
6.1000,1.269138,0.011725,1.215866,1.325215
6.1200,1.264337,0.011427,1.211030,1.319887
6.1400,1.259647,0.011140,1.206272,1.314681
6.1600,1.255066,0.010864,1.201590,1.309593
6.1800,1.250591,0.010601,1.196984,1.304622
6.2000,1.246221,0.010353,1.192450,1.299765
6.2200,1.241954,0.010119,1.187988,1.295020
6.2400,1.237788,0.009903,1.183597,1.290384
6.2600,1.233720,0.009704,1.179273,1.285856
6.2800,1.229748,0.009525,1.175017,1.281432
6.3000,1.225871,0.009366,1.170827,1.277112
6.3200,1.222087,0.009228,1.166700,1.272892
6.3400,1.218392,0.009112,1.162637,1.268770
6.3600,1.214786,0.009018,1.158635,1.264743
6.3800,1.211265,0.008946,1.154693,1.260811
6.4000,1.207829,0.008897,1.150810,1.256969
6.4200,1.204473,0.008870,1.146985,1.253216
6.4400,1.201198,0.008864,1.143216,1.249550
6.4600,1.197999,0.008879,1.139502,1.245967
6.4800,1.194875,0.008914,1.135843,1.242467
6.5000,1.191824,0.008967,1.132236,1.239045
6.5200,1.188844,0.009037,1.128681,1.235700
6.5400,1.185932,0.009123,1.125177,1.232430
6.5600,1.183086,0.009222,1.121723,1.229231
6.5800,1.180303,0.009334,1.118317,1.226102
6.6000,1.177582,0.009457,1.114959,1.223040
6.6200,1.174920,0.009589,1.111648,1.220042
6.6400,1.172314,0.009728,1.108382,1.217107
6.6600,1.169763,0.009873,1.105161,1.214231
6.6800,1.167264,0.010023,1.101983,1.211412
6.7000,1.164815,0.010176,1.098849,1.208648
6.7200,1.162414,0.010331,1.095756,1.205936
6.7400,1.160057,0.010486,1.092705,1.203273
6.7600,1.157744,0.010640,1.089694,1.200658
6.7800,1.155470,0.010793,1.086722,1.198088
6.8000,1.153235,0.010943,1.083789,1.195559
6.8200,1.151035,0.011090,1.080893,1.193071
6.8400,1.148869,0.011232,1.078035,1.190619
6.8600,1.146734,0.011369,1.075212,1.188202
6.8800,1.144627,0.011500,1.072426,1.185818
6.9000,1.142547,0.011624,1.069673,1.183464
6.9200,1.140491,0.011741,1.066955,1.181137
6.9400,1.138457,0.011851,1.064270,1.178835
6.9600,1.136442,0.011952,1.061618,1.176555
6.9800,1.134445,0.012045,1.058997,1.174296
7.0000,1.132462,0.012129,1.056408,1.172055
7.0200,1.130492,0.012204,1.053849,1.169829
7.0400,1.128533,0.012269,1.051320,1.167616
7.0600,1.126582,0.012325,1.048821,1.165414
7.0800,1.124637,0.012371,1.046349,1.163221
7.1000,1.122696,0.012407,1.043906,1.161035
7.1200,1.120758,0.012433,1.041491,1.158853
7.1400,1.118819,0.012449,1.039102,1.156672
7.1600,1.116878,0.012455,1.036739,1.154492
7.1800,1.114933,0.012451,1.034402,1.152310
7.2000,1.112983,0.012437,1.032090,1.150124
7.2200,1.111024,0.012413,1.029802,1.147932
7.2400,1.109056,0.012379,1.027539,1.145731
7.2600,1.107076,0.012336,1.025299,1.143521
7.2800,1.105082,0.012284,1.023082,1.141300
7.3000,1.103074,0.012222,1.020887,1.139064
7.3200,1.101050,0.012152,1.018715,1.136814
7.3400,1.099007,0.012073,1.016563,1.134547
7.3600,1.096944,0.011985,1.014433,1.132261
7.3800,1.094860,0.011890,1.012323,1.129956
7.4000,1.092753,0.011788,1.010234,1.127629
7.4200,1.090623,0.011678,1.008164,1.125279
7.4400,1.088467,0.011562,1.006113,1.122905
7.4600,1.086285,0.011440,1.004081,1.120506
7.4800,1.084076,0.011312,1.002067,1.118080
7.5000,1.081837,0.011178,1.000070,1.115627
7.5200,1.079569,0.011040,0.998092,1.113145
7.5400,1.077271,0.010898,0.996130,1.110633
7.5600,1.074941,0.010753,0.994185,1.108091
7.5800,1.072579,0.010604,0.992256,1.105517
7.6000,1.070184,0.010453,0.990343,1.102911
7.6200,1.067755,0.010301,0.988446,1.100273
7.6400,1.065292,0.010147,0.986563,1.097601
7.6600,1.062795,0.009993,0.984696,1.094895
7.6800,1.060263,0.009839,0.982843,1.092155
7.7000,1.057696,0.009686,0.981004,1.089381
7.7200,1.055093,0.009534,0.979178,1.086571
7.7400,1.052454,0.009384,0.977366,1.083727
7.7600,1.049780,0.009237,0.975567,1.080848
7.7800,1.047070,0.009094,0.973781,1.077933
7.8000,1.044325,0.008954,0.972007,1.074984
7.8200,1.041544,0.008818,0.970246,1.072000
7.8400,1.038727,0.008688,0.968496,1.068981
7.8600,1.035876,0.008563,0.966758,1.065928
7.8800,1.032990,0.008444,0.965031,1.062841
7.9000,1.030070,0.008331,0.963314,1.059720
7.9200,1.027116,0.008224,0.961609,1.056566
7.9400,1.024129,0.008125,0.959914,1.053380
7.9600,1.021110,0.008033,0.958230,1.050163
7.9800,1.018059,0.007948,0.956555,1.046914
8.0000,1.014978,0.007870,0.954890,1.043636
8.0200,1.012033,0.007801,0.953391,1.040499
8.0400,1.009054,0.007739,0.951898,1.037330
8.0600,1.006044,0.007684,0.950411,1.034130
8.0800,1.003004,0.007636,0.948930,1.030899
8.1000,0.999933,0.007595,0.947454,1.027639
8.1200,0.996834,0.007560,0.945983,1.024352
8.1400,0.993707,0.007531,0.944518,1.021038
8.1600,0.990554,0.007507,0.943057,1.017698
8.1800,0.987377,0.007489,0.941601,1.014335
8.2000,0.984176,0.007475,0.940150,1.010949
8.2200,0.980953,0.007466,0.938703,1.007542
8.2400,0.977710,0.007459,0.937261,1.004115
8.2600,0.974447,0.007456,0.935823,1.000670
8.2800,0.971168,0.007456,0.934389,0.997209
8.3000,0.967872,0.007457,0.932959,0.993732
8.3200,0.964561,0.007460,0.931532,0.990242
8.3400,0.961238,0.007464,0.930110,0.986741
8.3600,0.957904,0.007469,0.928691,0.983229
8.3800,0.954560,0.007474,0.927276,0.979709
8.4000,0.951208,0.007478,0.925864,0.976181
8.4200,0.947850,0.007482,0.924455,0.972649
8.4400,0.944488,0.007485,0.923049,0.969114
8.4600,0.941122,0.007486,0.921647,0.965576
8.4800,0.937755,0.007486,0.920247,0.962039
8.5000,0.934389,0.007485,0.918851,0.958503
8.5200,0.931024,0.007481,0.917457,0.954971
8.5400,0.927664,0.007475,0.916066,0.951444
8.5600,0.924309,0.007467,0.914678,0.947924
8.5800,0.920961,0.007457,0.913292,0.944412
8.6000,0.917621,0.007444,0.911909,0.940911
8.6200,0.914293,0.007429,0.910528,0.937421
8.6400,0.910976,0.007411,0.909150,0.933945
8.6600,0.907673,0.007391,0.907774,0.930484
8.6800,0.904385,0.007369,0.906400,0.927039
8.7000,0.901113,0.007345,0.905029,0.923613
8.7200,0.897860,0.007319,0.903659,0.920207
8.7400,0.894627,0.007291,0.902292,0.916822
8.7600,0.891415,0.007261,0.900927,0.913460
8.7800,0.888226,0.007230,0.899563,0.910123
8.8000,0.885062,0.007198,0.898202,0.906811
8.8200,0.881922,0.007165,0.896843,0.903527
8.8400,0.878810,0.007131,0.895485,0.900271
8.8600,0.875726,0.007097,0.894130,0.897045
8.8800,0.872672,0.007063,0.892776,0.893851
8.9000,0.869648,0.007029,0.891424,0.890689
8.9200,0.866656,0.006996,0.890074,0.887561
8.9400,0.863698,0.006964,0.888725,0.884467
8.9600,0.860774,0.006933,0.887379,0.881410
8.9800,0.857885,0.006903,0.886034,0.878390
9.0000,0.855033,0.006875,0.884690,0.875409
9.0200,0.852219,0.006849,0.883349,0.872466
9.0400,0.849443,0.006826,0.882009,0.869564
9.0600,0.846706,0.006805,0.880670,0.866704
9.0800,0.844009,0.006787,0.879334,0.863885
9.1000,0.841354,0.006772,0.877999,0.861109
9.1200,0.838741,0.006760,0.876665,0.858377
9.1400,0.836170,0.006752,0.875333,0.855689
9.1600,0.833643,0.006746,0.874003,0.853047
9.1800,0.831159,0.006745,0.872674,0.850450
9.2000,0.828721,0.006747,0.871347,0.847900
9.2200,0.826327,0.006752,0.870022,0.845396
9.2400,0.823980,0.006761,0.868698,0.842941
9.2600,0.821678,0.006773,0.867376,0.840533
9.2800,0.819423,0.006789,0.866055,0.838173
9.3000,0.817215,0.006807,0.864736,0.835863
9.3200,0.815054,0.006829,0.863419,0.833601
9.3400,0.812941,0.006853,0.862103,0.831389
9.3600,0.810876,0.006880,0.860789,0.829226
9.3800,0.808859,0.006909,0.859477,0.827113
9.4000,0.806890,0.006941,0.858166,0.825051
9.4200,0.804970,0.006973,0.856857,0.823038
9.4400,0.803098,0.007007,0.855550,0.821075
9.4600,0.801274,0.007042,0.854244,0.819163
9.4800,0.799499,0.007078,0.852941,0.817300
9.5000,0.797772,0.007114,0.851639,0.815488
9.5200,0.796093,0.007150,0.850338,0.813725
9.5400,0.794463,0.007185,0.849040,0.812012
9.5600,0.792881,0.007220,0.847743,0.810349
9.5800,0.791346,0.007254,0.846448,0.808736
9.6000,0.789859,0.007286,0.845155,0.807171
9.6200,0.788419,0.007316,0.843864,0.805655
9.6400,0.787026,0.007344,0.842575,0.804187
9.6600,0.785680,0.007369,0.841288,0.802768
9.6800,0.784379,0.007392,0.840002,0.801396
9.7000,0.783124,0.007411,0.838719,0.800071
9.7200,0.781915,0.007428,0.837438,0.798792
9.7400,0.780750,0.007440,0.836158,0.797560
9.7600,0.779629,0.007449,0.834881,0.796374
9.7800,0.778552,0.007453,0.833606,0.795232
9.8000,0.777518,0.007453,0.832333,0.794135
9.8200,0.776526,0.007448,0.831061,0.793081
9.8400,0.775576,0.007439,0.829793,0.792070
9.8600,0.774667,0.007425,0.828526,0.791102
9.8800,0.773798,0.007406,0.827261,0.790175
9.9000,0.772969,0.007382,0.825999,0.789288
9.9200,0.772178,0.007352,0.824739,0.788442
9.9400,0.771425,0.007318,0.823481,0.787635
9.9600,0.770709,0.007278,0.822226,0.786866
9.9800,0.770030,0.007233,0.820973,0.786134
10.0000,0.769386,0.007183,0.819722,0.785438
10.0200,0.768882,0.007128,0.818587,0.784887
10.0400,0.768411,0.007069,0.817452,0.784368
10.0600,0.767970,0.007005,0.816318,0.783882
10.0800,0.767560,0.006936,0.815185,0.783427
10.1000,0.767180,0.006863,0.814053,0.783002
10.1200,0.766827,0.006786,0.812922,0.782607
10.1400,0.766503,0.006706,0.811791,0.782240
10.1600,0.766204,0.006622,0.810662,0.781900
10.1800,0.765931,0.006535,0.809534,0.781586
10.2000,0.765682,0.006446,0.808407,0.781297
10.2200,0.765457,0.006355,0.807281,0.781033
10.2400,0.765254,0.006263,0.806156,0.780791
10.2600,0.765072,0.006171,0.805033,0.780571
10.2800,0.764910,0.006080,0.803911,0.780372
10.3000,0.764768,0.005990,0.802790,0.780193
10.3200,0.764643,0.005903,0.801670,0.780032
10.3400,0.764535,0.005819,0.800552,0.779889
10.3600,0.764443,0.005740,0.799436,0.779763
10.3800,0.764366,0.005667,0.798321,0.779651
10.4000,0.764302,0.005601,0.797208,0.779554
10.4200,0.764251,0.005544,0.796096,0.779469
10.4400,0.764211,0.005496,0.794986,0.779397
10.4600,0.764181,0.005460,0.793877,0.779335
10.4800,0.764161,0.005436,0.792771,0.779283
10.5000,0.764149,0.005426,0.791666,0.779239
10.5200,0.764144,0.005431,0.790562,0.779203
10.5400,0.764145,0.005451,0.789461,0.779173
10.5600,0.764150,0.005487,0.788362,0.779148
10.5800,0.764160,0.005540,0.787264,0.779127
10.6000,0.764172,0.005610,0.786169,0.779109
10.6200,0.764186,0.005698,0.785075,0.779094
10.6400,0.764201,0.005802,0.783984,0.779079
10.6600,0.764215,0.005923,0.782895,0.779064
10.6800,0.764228,0.006061,0.781807,0.779048
10.7000,0.764239,0.006213,0.780722,0.779029
10.7200,0.764246,0.006381,0.779639,0.779008
10.7400,0.764249,0.006561,0.778559,0.778982
10.7600,0.764247,0.006755,0.777480,0.778952
10.7800,0.764239,0.006960,0.776404,0.778915
10.8000,0.764224,0.007176,0.775330,0.778871
10.8200,0.764201,0.007401,0.774258,0.778820
10.8400,0.764169,0.007634,0.773189,0.778760
10.8600,0.764128,0.007875,0.772122,0.778690
10.8800,0.764076,0.008123,0.771058,0.778610
10.9000,0.764013,0.008375,0.769996,0.778518
10.9200,0.763938,0.008632,0.768937,0.778415
10.9400,0.763851,0.008893,0.767880,0.778299
10.9600,0.763750,0.009156,0.766825,0.778170
10.9800,0.763636,0.009421,0.765774,0.778027
11.0000,0.763506,0.009687,0.764724,0.777869
11.0200,0.763362,0.009953,0.763678,0.777695
11.0400,0.763201,0.010218,0.762634,0.777506
11.0600,0.763024,0.010482,0.761593,0.777300
11.0800,0.762830,0.010744,0.760554,0.777077
11.1000,0.762619,0.011004,0.759518,0.776836
11.1200,0.762390,0.011260,0.758485,0.776578
11.1400,0.762142,0.011511,0.757455,0.776300
11.1600,0.761876,0.011759,0.756427,0.776004
11.1800,0.761591,0.012001,0.755402,0.775689
11.2000,0.761286,0.012237,0.754380,0.775354
11.2200,0.760962,0.012467,0.753361,0.774999
11.2400,0.760617,0.012690,0.752345,0.774624
11.2600,0.760252,0.012905,0.751331,0.774229
11.2800,0.759867,0.013113,0.750321,0.773812
11.3000,0.759461,0.013313,0.749313,0.773375
11.3200,0.759034,0.013504,0.748308,0.772917
11.3400,0.758586,0.013686,0.747307,0.772438
11.3600,0.758117,0.013858,0.746308,0.771937
11.3800,0.757627,0.014020,0.745312,0.771415
11.4000,0.757116,0.014172,0.744319,0.770872
11.4200,0.756584,0.014314,0.743330,0.770308
11.4400,0.756031,0.014444,0.742343,0.769722
11.4600,0.755456,0.014563,0.741359,0.769115
11.4800,0.754861,0.014671,0.740379,0.768487
11.5000,0.754245,0.014767,0.739401,0.767838
11.5200,0.753608,0.014851,0.738426,0.767168
11.5400,0.752951,0.014922,0.737455,0.766477
11.5600,0.752273,0.014981,0.736487,0.765766
11.5800,0.751576,0.015028,0.735521,0.765034
11.6000,0.750858,0.015061,0.734559,0.764283
11.6200,0.750121,0.015082,0.733600,0.763512
11.6400,0.749365,0.015090,0.732645,0.762721
11.6600,0.748590,0.015084,0.731692,0.761911
11.6800,0.747796,0.015066,0.730742,0.761082
11.7000,0.746983,0.015034,0.729796,0.760235
11.7200,0.746153,0.014988,0.728853,0.759370
11.7400,0.745306,0.014930,0.727913,0.758487
11.7600,0.744441,0.014858,0.726976,0.757587
11.7800,0.743559,0.014773,0.726043,0.756671
11.8000,0.742662,0.014674,0.725112,0.755738
11.8200,0.741748,0.014563,0.724185,0.754789
11.8400,0.740819,0.014438,0.723261,0.753824
11.8600,0.739876,0.014301,0.722340,0.752845
11.8800,0.738918,0.014150,0.721423,0.751851
11.9000,0.737946,0.013988,0.720509,0.750844
11.9200,0.736962,0.013812,0.719598,0.749823
11.9400,0.735964,0.013625,0.718690,0.748789
11.9600,0.734954,0.013426,0.717785,0.747743
11.9800,0.733933,0.013215,0.716884,0.746686
12.0000,0.732900,0.012992,0.715986,0.745617
12.0200,0.731857,0.012759,0.715091,0.744538
12.0400,0.730804,0.012515,0.714200,0.743449
12.0600,0.729741,0.012261,0.713311,0.742350
12.0800,0.728670,0.011997,0.712426,0.741242
12.1000,0.727590,0.011723,0.711545,0.740127
12.1200,0.726503,0.011441,0.710666,0.739003
12.1400,0.725408,0.011150,0.709791,0.737873
12.1600,0.724307,0.010851,0.708919,0.736736
12.1800,0.723200,0.010546,0.708050,0.735593
12.2000,0.722088,0.010234,0.707185,0.734444
12.2200,0.720971,0.009916,0.706323,0.733291
12.2400,0.719849,0.009594,0.705464,0.732134
12.2600,0.718724,0.009268,0.704608,0.730973
12.2800,0.717596,0.008939,0.703756,0.729810
12.3000,0.716465,0.008609,0.702907,0.728643
12.3200,0.715332,0.008278,0.702061,0.727475
12.3400,0.714198,0.007949,0.701218,0.726306
12.3600,0.713062,0.007623,0.700379,0.725135
12.3800,0.711927,0.007303,0.699543,0.723965
12.4000,0.710791,0.006989,0.698710,0.722794
12.4200,0.709656,0.006686,0.697880,0.721625
12.4400,0.708522,0.006395,0.697054,0.720456
12.4600,0.707390,0.006121,0.696231,0.719290
12.4800,0.706259,0.005866,0.695411,0.718126
12.5000,0.705132,0.005636,0.694594,0.716964
12.5200,0.704007,0.005433,0.693781,0.715806
12.5400,0.702886,0.005264,0.692971,0.714651
12.5600,0.701769,0.005132,0.692164,0.713501
12.5800,0.700656,0.005041,0.691360,0.712355
12.6000,0.699548,0.004993,0.690559,0.711214
12.6200,0.698445,0.004992,0.689762,0.710078
12.6400,0.697348,0.005037,0.688968,0.708948
12.6600,0.696256,0.005127,0.688177,0.707825
12.6800,0.695171,0.005260,0.687389,0.706708
12.7000,0.694093,0.005434,0.686605,0.705598
12.7200,0.693022,0.005643,0.685823,0.704495
12.7400,0.691958,0.005884,0.685045,0.703399
12.7600,0.690901,0.006153,0.684270,0.702312
12.7800,0.689853,0.006445,0.683498,0.701233
12.8000,0.688813,0.006758,0.682729,0.700162
12.8200,0.687781,0.007086,0.681964,0.699100
12.8400,0.686758,0.007429,0.681201,0.698047
12.8600,0.685744,0.007782,0.680442,0.697004
12.8800,0.684740,0.008144,0.679686,0.695970
12.9000,0.683745,0.008512,0.678933,0.694946
12.9200,0.682759,0.008885,0.678183,0.693931
12.9400,0.681784,0.009261,0.677436,0.692927
12.9600,0.680818,0.009638,0.676692,0.691934
12.9800,0.679863,0.010017,0.675952,0.690950
13.0000,0.678918,0.010394,0.675214,0.689978
13.0200,0.677984,0.010770,0.674479,0.689016
13.0400,0.677061,0.011143,0.673748,0.688065
13.0600,0.676148,0.011512,0.673020,0.687126
13.0800,0.675246,0.011877,0.672294,0.686197
13.1000,0.674355,0.012238,0.671572,0.685280
13.1200,0.673475,0.012592,0.670853,0.684374
13.1400,0.672607,0.012941,0.670137,0.683479
13.1600,0.671749,0.013283,0.669423,0.682596
13.1800,0.670903,0.013617,0.668713,0.681725
13.2000,0.670068,0.013944,0.668006,0.680865
13.2200,0.669244,0.014262,0.667302,0.680016
13.2400,0.668432,0.014572,0.666601,0.679180
13.2600,0.667631,0.014872,0.665902,0.678354
13.2800,0.666841,0.015163,0.665207,0.677541
13.3000,0.666063,0.015444,0.664515,0.676739
13.3200,0.665295,0.015715,0.663826,0.675948
13.3400,0.664539,0.015975,0.663139,0.675169
13.3600,0.663794,0.016225,0.662456,0.674401
13.3800,0.663060,0.016463,0.661775,0.673644
13.4000,0.662337,0.016689,0.661097,0.672899
13.4200,0.661625,0.016904,0.660423,0.672165
13.4400,0.660924,0.017107,0.659751,0.671443
13.4600,0.660234,0.017297,0.659082,0.670731
13.4800,0.659554,0.017476,0.658416,0.670030
13.5000,0.658885,0.017641,0.657753,0.669340
13.5200,0.658227,0.017793,0.657092,0.668660
13.5400,0.657578,0.017933,0.656435,0.667991
13.5600,0.656940,0.018059,0.655780,0.667333
13.5800,0.656312,0.018171,0.655128,0.666685
13.6000,0.655694,0.018270,0.654479,0.666047
13.6200,0.655085,0.018356,0.653833,0.665418
13.6400,0.654486,0.018427,0.653189,0.664800
13.6600,0.653897,0.018485,0.652549,0.664192
13.6800,0.653317,0.018529,0.651911,0.663592
13.7000,0.652745,0.018558,0.651275,0.663003
13.7200,0.652183,0.018573,0.650643,0.662422
13.7400,0.651630,0.018574,0.650013,0.661850
13.7600,0.651085,0.018561,0.649386,0.661287
13.7800,0.650548,0.018533,0.648762,0.660733
13.8000,0.650020,0.018491,0.648141,0.660187
13.8200,0.649500,0.018435,0.647522,0.659649
13.8400,0.648987,0.018364,0.646906,0.659119
13.8600,0.648482,0.018279,0.646293,0.658597
13.8800,0.647984,0.018180,0.645682,0.658082
13.9000,0.647494,0.018066,0.645074,0.657575
13.9200,0.647011,0.017938,0.644468,0.657075
13.9400,0.646534,0.017796,0.643866,0.656582
13.9600,0.646064,0.017640,0.643265,0.656096
13.9800,0.645600,0.017470,0.642668,0.655616
14.0000,0.645142,0.017286,0.642073,0.655142
14.0200,0.644691,0.017088,0.641481,0.654675
14.0400,0.644245,0.016877,0.640891,0.654213
14.0600,0.643804,0.016652,0.640304,0.653757
14.0800,0.643369,0.016413,0.639719,0.653307
14.1000,0.642939,0.016162,0.639137,0.652861
14.1200,0.642514,0.015898,0.638558,0.652421
14.1400,0.642093,0.015620,0.637981,0.651986
14.1600,0.641677,0.015331,0.637406,0.651555
14.1800,0.641266,0.015029,0.636834,0.651128
14.2000,0.640858,0.014715,0.636265,0.650706
14.2200,0.640454,0.014390,0.635698,0.650287
14.2400,0.640054,0.014053,0.635134,0.649873
14.2600,0.639657,0.013705,0.634572,0.649462
14.2800,0.639263,0.013347,0.634012,0.649054
14.3000,0.638872,0.012978,0.633455,0.648649
14.3200,0.638485,0.012600,0.632901,0.648247
14.3400,0.638099,0.012212,0.632349,0.647848
14.3600,0.637717,0.011816,0.631799,0.647452
14.3800,0.637336,0.011411,0.631252,0.647058
14.4000,0.636958,0.011000,0.630707,0.646666
14.4200,0.636582,0.010581,0.630164,0.646276
14.4400,0.636207,0.010157,0.629624,0.645888
14.4600,0.635834,0.009729,0.629087,0.645501
14.4800,0.635462,0.009297,0.628551,0.645116
14.5000,0.635091,0.008863,0.628018,0.644732
14.5200,0.634722,0.008429,0.627487,0.644350
14.5400,0.634353,0.007996,0.626959,0.643968
14.5600,0.633985,0.007568,0.626433,0.643587
14.5800,0.633618,0.007147,0.625909,0.643207
14.6000,0.633251,0.006737,0.625388,0.642827
14.6200,0.632884,0.006343,0.624869,0.642447
14.6400,0.632518,0.005969,0.624352,0.642068
14.6600,0.632151,0.005622,0.623837,0.641689
14.6800,0.631785,0.005312,0.623325,0.641309
14.7000,0.631418,0.005046,0.622815,0.640930
14.7200,0.631050,0.004834,0.622307,0.640550
14.7400,0.630683,0.004688,0.621801,0.640169
14.7600,0.630314,0.004614,0.621298,0.639789
14.7800,0.629945,0.004620,0.620797,0.639407
14.8000,0.629575,0.004707,0.620298,0.639025
14.8200,0.629205,0.004872,0.619801,0.638641
14.8400,0.628833,0.005109,0.619306,0.638257
14.8600,0.628460,0.005411,0.618814,0.637872
14.8800,0.628086,0.005769,0.618324,0.637485
14.9000,0.627710,0.006173,0.617836,0.637097
14.9200,0.627333,0.006617,0.617350,0.636708
14.9400,0.626955,0.007093,0.616866,0.636317
14.9600,0.626575,0.007596,0.616384,0.635925
14.9800,0.626194,0.008121,0.615904,0.635532
15.0000,0.625811,0.008665,0.615427,0.635137
15.0200,0.625462,0.009224,0.614987,0.634776
15.0400,0.625112,0.009797,0.614548,0.634414
15.0600,0.624759,0.010380,0.614112,0.634049
15.0800,0.624404,0.010972,0.613677,0.633683
15.1000,0.624047,0.011571,0.613245,0.633314
15.1200,0.623688,0.012177,0.612814,0.632944
15.1400,0.623327,0.012788,0.612384,0.632571
15.1600,0.622964,0.013403,0.611957,0.632196
15.1800,0.622598,0.014021,0.611531,0.631819
15.2000,0.622231,0.014641,0.611108,0.631439
15.2200,0.621861,0.015263,0.610686,0.631058
15.2400,0.621488,0.015887,0.610265,0.630674
15.2600,0.621114,0.016511,0.609847,0.630288
15.2800,0.620737,0.017135,0.609430,0.629899
15.3000,0.620358,0.017758,0.609015,0.629509
15.3200,0.619977,0.018381,0.608602,0.629116
15.3400,0.619593,0.019002,0.608190,0.628721
15.3600,0.619208,0.019622,0.607780,0.628324
15.3800,0.618820,0.020239,0.607372,0.627924
15.4000,0.618430,0.020854,0.606966,0.627522
15.4200,0.618037,0.021467,0.606561,0.627118
15.4400,0.617643,0.022076,0.606158,0.626712
15.4600,0.617246,0.022682,0.605757,0.626304
15.4800,0.616848,0.023284,0.605357,0.625894
15.5000,0.616447,0.023882,0.604959,0.625482
15.5200,0.616044,0.024476,0.604563,0.625067
15.5400,0.615639,0.025065,0.604168,0.624651
15.5600,0.615232,0.025650,0.603775,0.624233
15.5800,0.614824,0.026230,0.603384,0.623812
15.6000,0.614413,0.026805,0.602994,0.623390
15.6200,0.614001,0.027375,0.602606,0.622967
15.6400,0.613587,0.027938,0.602220,0.622541
15.6600,0.613171,0.028497,0.601835,0.622114
15.6800,0.612753,0.029049,0.601451,0.621685
15.7000,0.612334,0.029595,0.601070,0.621254
15.7200,0.611914,0.030136,0.600690,0.620822
15.7400,0.611491,0.030669,0.600311,0.620388
15.7600,0.611068,0.031197,0.599934,0.619953
15.7800,0.610643,0.031717,0.599559,0.619517
15.8000,0.610216,0.032231,0.599185,0.619079
15.8200,0.609789,0.032738,0.598813,0.618640
15.8400,0.609360,0.033238,0.598442,0.618199
15.8600,0.608930,0.033731,0.598073,0.617758
15.8800,0.608499,0.034217,0.597705,0.617316
15.9000,0.608067,0.034695,0.597339,0.616872
15.9200,0.607634,0.035166,0.596974,0.616428
15.9400,0.607200,0.035630,0.596611,0.615983
15.9600,0.606765,0.036086,0.596250,0.615537
15.9800,0.606330,0.036535,0.595890,0.615090
16.0000,0.605893,0.036976,0.595531,0.614643
16.0200,0.605457,0.037410,0.595174,0.614195
16.0400,0.605019,0.037835,0.594818,0.613746
16.0600,0.604582,0.038254,0.594464,0.613297
16.0800,0.604143,0.038664,0.594111,0.612848
16.1000,0.603705,0.039067,0.593760,0.612398
16.1200,0.603266,0.039462,0.593410,0.611949
16.1400,0.602827,0.039849,0.593062,0.611499
16.1600,0.602388,0.040228,0.592715,0.611048
16.1800,0.601949,0.040600,0.592369,0.610598
16.2000,0.601510,0.040964,0.592025,0.610148
16.2200,0.601071,0.041320,0.591683,0.609698
16.2400,0.600632,0.041669,0.591341,0.609248
16.2600,0.600193,0.042009,0.591002,0.608799
16.2800,0.599755,0.042343,0.590663,0.608350
16.3000,0.599317,0.042668,0.590326,0.607901
16.3200,0.598879,0.042986,0.589990,0.607452
16.3400,0.598442,0.043297,0.589656,0.607004
16.3600,0.598006,0.043600,0.589323,0.606557
16.3800,0.597570,0.043895,0.588992,0.606110
16.4000,0.597134,0.044183,0.588661,0.605664
16.4200,0.596699,0.044464,0.588332,0.605219
16.4400,0.596266,0.044738,0.588005,0.604775
16.4600,0.595833,0.045004,0.587679,0.604331
16.4800,0.595400,0.045263,0.587354,0.603888
16.5000,0.594969,0.045516,0.587030,0.603447
16.5200,0.594539,0.045761,0.586708,0.603006
16.5400,0.594110,0.045999,0.586387,0.602567
16.5600,0.593682,0.046231,0.586068,0.602128
16.5800,0.593255,0.046456,0.585750,0.601691
16.6000,0.592829,0.046674,0.585433,0.601255
16.6200,0.592405,0.046886,0.585117,0.600821
16.6400,0.591982,0.047091,0.584803,0.600387
16.6600,0.591560,0.047290,0.584489,0.599956
16.6800,0.591140,0.047483,0.584178,0.599525
16.7000,0.590721,0.047670,0.583867,0.599096
16.7200,0.590303,0.047850,0.583558,0.598669
16.7400,0.589888,0.048025,0.583250,0.598243
16.7600,0.589473,0.048194,0.582943,0.597819
16.7800,0.589061,0.048357,0.582637,0.597397
16.8000,0.588650,0.048514,0.582333,0.596976
16.8200,0.588240,0.048666,0.582030,0.596557
16.8400,0.587833,0.048812,0.581728,0.596140
16.8600,0.587427,0.048953,0.581427,0.595724
16.8800,0.587023,0.049089,0.581128,0.595311
16.9000,0.586621,0.049220,0.580830,0.594899
16.9200,0.586220,0.049345,0.580533,0.594489
16.9400,0.585822,0.049466,0.580237,0.594081
16.9600,0.585425,0.049582,0.579942,0.593675
16.9800,0.585031,0.049693,0.579649,0.593271
17.0000,0.584638,0.049800,0.579356,0.592869
17.0200,0.584248,0.049902,0.579065,0.592469
17.0400,0.583859,0.050000,0.578775,0.592072
17.0600,0.583472,0.050094,0.578486,0.591676
17.0800,0.583088,0.050183,0.578199,0.591282
17.1000,0.582705,0.050268,0.577912,0.590891
17.1200,0.582325,0.050350,0.577627,0.590501
17.1400,0.581946,0.050427,0.577343,0.590114
17.1600,0.581570,0.050501,0.577060,0.589729
17.1800,0.581196,0.050571,0.576778,0.589346
17.2000,0.580824,0.050638,0.576497,0.588965
17.2200,0.580454,0.050701,0.576218,0.588587
17.2400,0.580087,0.050761,0.575939,0.588211
17.2600,0.579721,0.050818,0.575662,0.587837
17.2800,0.579358,0.050871,0.575385,0.587465
17.3000,0.578997,0.050922,0.575110,0.587095
17.3200,0.578638,0.050969,0.574836,0.586728
17.3400,0.578282,0.051014,0.574563,0.586363
17.3600,0.577927,0.051056,0.574291,0.586000
17.3800,0.577575,0.051095,0.574020,0.585640
17.4000,0.577225,0.051132,0.573750,0.585281
17.4200,0.576877,0.051166,0.573481,0.584925
17.4400,0.576532,0.051197,0.573214,0.584572
17.4600,0.576188,0.051226,0.572947,0.584220
17.4800,0.575847,0.051253,0.572682,0.583871
17.5000,0.575508,0.051278,0.572417,0.583524
17.5200,0.575172,0.051301,0.572154,0.583179
17.5400,0.574837,0.051322,0.571891,0.582837
17.5600,0.574505,0.051340,0.571630,0.582497
17.5800,0.574175,0.051357,0.571369,0.582159
17.6000,0.573847,0.051372,0.571110,0.581823
17.6200,0.573521,0.051386,0.570852,0.581490
17.6400,0.573198,0.051397,0.570594,0.581158
17.6600,0.572876,0.051407,0.570338,0.580829
17.6800,0.572557,0.051416,0.570083,0.580503
17.7000,0.572240,0.051423,0.569829,0.580178
17.7200,0.571925,0.051428,0.569575,0.579856
17.7400,0.571612,0.051432,0.569323,0.579535
17.7600,0.571302,0.051435,0.569072,0.579217
17.7800,0.570993,0.051437,0.568821,0.578901
17.8000,0.570687,0.051437,0.568572,0.578588
17.8200,0.570382,0.051437,0.568324,0.578276
17.8400,0.570080,0.051435,0.568076,0.577967
17.8600,0.569780,0.051432,0.567830,0.577659
17.8800,0.569481,0.051428,0.567584,0.577354
17.9000,0.569185,0.051424,0.567340,0.577051
17.9200,0.568891,0.051418,0.567096,0.576749
17.9400,0.568599,0.051411,0.566853,0.576450
17.9600,0.568309,0.051404,0.566612,0.576153
17.9800,0.568021,0.051396,0.566371,0.575858
18.0000,0.567735,0.051387,0.566131,0.575565
18.0200,0.567450,0.051378,0.565892,0.575274
18.0400,0.567168,0.051368,0.565654,0.574985
18.0600,0.566887,0.051357,0.565417,0.574698
18.0800,0.566609,0.051346,0.565181,0.574413
18.1000,0.566332,0.051334,0.564946,0.574129
18.1200,0.566057,0.051321,0.564712,0.573848
18.1400,0.565785,0.051308,0.564478,0.573568
18.1600,0.565513,0.051295,0.564246,0.573291
18.1800,0.565244,0.051281,0.564014,0.573015
18.2000,0.564977,0.051267,0.563783,0.572741
18.2200,0.564711,0.051252,0.563553,0.572469
18.2400,0.564447,0.051237,0.563324,0.572198
18.2600,0.564184,0.051222,0.563096,0.571930
18.2800,0.563924,0.051206,0.562869,0.571663
18.3000,0.563665,0.051190,0.562643,0.571398
18.3200,0.563408,0.051174,0.562417,0.571134
18.3400,0.563152,0.051158,0.562193,0.570873
18.3600,0.562899,0.051141,0.561969,0.570613
18.3800,0.562646,0.051124,0.561746,0.570354
18.4000,0.562396,0.051107,0.561524,0.570098
18.4200,0.562147,0.051089,0.561303,0.569843
18.4400,0.561899,0.051072,0.561082,0.569589
18.4600,0.561653,0.051054,0.560863,0.569337
18.4800,0.561409,0.051037,0.560644,0.569087
18.5000,0.561166,0.051019,0.560426,0.568838
18.5200,0.560925,0.051001,0.560209,0.568591
18.5400,0.560685,0.050983,0.559993,0.568346
18.5600,0.560447,0.050964,0.559778,0.568101
18.5800,0.560210,0.050946,0.559563,0.567859
18.6000,0.559975,0.050928,0.559349,0.567618
18.6200,0.559741,0.050909,0.559136,0.567378
18.6400,0.559508,0.050891,0.558924,0.567140
18.6600,0.559277,0.050873,0.558713,0.566903
18.6800,0.559047,0.050854,0.558502,0.566667
18.7000,0.558819,0.050835,0.558292,0.566433
18.7200,0.558591,0.050817,0.558083,0.566201
18.7400,0.558366,0.050798,0.557875,0.565969
18.7600,0.558141,0.050780,0.557668,0.565739
18.7800,0.557918,0.050761,0.557461,0.565511
18.8000,0.557696,0.050743,0.557255,0.565283
18.8200,0.557475,0.050724,0.557050,0.565057
18.8400,0.557256,0.050705,0.556846,0.564832
18.8600,0.557038,0.050687,0.556642,0.564609
18.8800,0.556821,0.050668,0.556440,0.564386
18.9000,0.556605,0.050650,0.556237,0.564165
18.9200,0.556390,0.050631,0.556036,0.563946
18.9400,0.556177,0.050613,0.555836,0.563727
18.9600,0.555964,0.050595,0.555636,0.563509
18.9800,0.555753,0.050576,0.555437,0.563293
19.0000,0.555543,0.050558,0.555239,0.563078
19.0200,0.555334,0.050540,0.555041,0.562864
19.0400,0.555127,0.050521,0.554844,0.562651
19.0600,0.554920,0.050503,0.554648,0.562439
19.0800,0.554714,0.050485,0.554453,0.562229
19.1000,0.554510,0.050467,0.554258,0.562019
19.1200,0.554306,0.050449,0.554064,0.561810
19.1400,0.554104,0.050431,0.553871,0.561603
19.1600,0.553902,0.050413,0.553678,0.561397
19.1800,0.553702,0.050395,0.553486,0.561191
19.2000,0.553502,0.050378,0.553295,0.560987
19.2200,0.553304,0.050360,0.553105,0.560784
19.2400,0.553106,0.050342,0.552915,0.560581
19.2600,0.552910,0.050325,0.552726,0.560380
19.2800,0.552714,0.050307,0.552538,0.560180
19.3000,0.552520,0.050290,0.552350,0.559980
19.3200,0.552326,0.050273,0.552163,0.559782
19.3400,0.552133,0.050255,0.551977,0.559584
19.3600,0.551942,0.050238,0.551792,0.559388
19.3800,0.551751,0.050221,0.551607,0.559192
19.4000,0.551561,0.050204,0.551423,0.558998
19.4200,0.551372,0.050187,0.551239,0.558804
19.4400,0.551183,0.050170,0.551056,0.558611
19.4600,0.550996,0.050153,0.550874,0.558419
19.4800,0.550809,0.050136,0.550692,0.558228
19.5000,0.550624,0.050119,0.550512,0.558038
19.5200,0.550439,0.050102,0.550331,0.557848
19.5400,0.550255,0.050086,0.550152,0.557660
19.5600,0.550072,0.050069,0.549973,0.557472
19.5800,0.549889,0.050053,0.549795,0.557285
19.6000,0.549708,0.050036,0.549617,0.557099
19.6200,0.549527,0.050020,0.549440,0.556914
19.6400,0.549347,0.050003,0.549264,0.556729
19.6600,0.549167,0.049987,0.549088,0.556546
19.6800,0.548989,0.049971,0.548913,0.556363
19.7000,0.548811,0.049955,0.548738,0.556181
19.7200,0.548634,0.049939,0.548565,0.555999
19.7400,0.548458,0.049923,0.548391,0.555819
19.7600,0.548283,0.049907,0.548219,0.555639
19.7800,0.548108,0.049891,0.548047,0.555460
19.8000,0.547934,0.049875,0.547876,0.555282
19.8200,0.547761,0.049860,0.547705,0.555104
19.8400,0.547588,0.049844,0.547535,0.554928
19.8600,0.547416,0.049828,0.547365,0.554752
19.8800,0.547245,0.049813,0.547196,0.554576
19.9000,0.547075,0.049797,0.547028,0.554402
19.9200,0.546905,0.049782,0.546861,0.554228
19.9400,0.546736,0.049766,0.546693,0.554054
19.9600,0.546567,0.049751,0.546527,0.553882
19.9800,0.546400,0.049736,0.546361,0.553710
20.0000,0.546233,0.049721,0.546196,0.553539
